id,date,activity,appCat.builtin,appCat.communication,appCat.entertainment,appCat.finance,appCat.game,appCat.office,appCat.other,appCat.social,appCat.travel,appCat.unknown,appCat.utilities,appCat.weather,call,circumplex.arousal,circumplex.valence,mood,screen,sms
AS14.01,2014-02-17,,,,,,,,,,,,,,0.0,,,,,
AS14.01,2014-02-18,,,,,,,,,,,,,,,,,,,
AS14.01,2014-02-19,,,,,,,,,,,,,,0.0,,,,,0.0
AS14.01,2014-02-20,,,,,,,,,,,,,,0.0,,,,,0.0
AS14.01,2014-02-21,,,,,,,,,,,,,,,,,,,
AS14.01,2014-02-22,,,,,,,,,,,,,,0.0,,,,,
AS14.01,2014-02-25,,,,,,,,,,,,,,0.0,,,,,
AS14.01,2014-02-26,,,,,,,,,,,,,,,0.9574271077563381,0.5,0.5,,0.0
AS14.01,2014-02-27,,,,,,,,,,,,,,,1.7320508075688772,0.5773502691896258,0.5773502691896258,,
AS14.01,2014-02-28,,,,,,,,,,,,,,0.0,,,,,
AS14.01,2014-03-01,,,,,,,,,,,,,,,,,,,
AS14.01,2014-03-03,,,,,,,,,,,,,,,,,,,
AS14.01,2014-03-05,,,,,,,,,,,,,,,,,,,
AS14.01,2014-03-06,,,,,,,,,,,,,,,,,,,
AS14.01,2014-03-07,,,,,,,,,,,,,,0.0,,,,,
AS14.01,2014-03-10,,,,,,,,,,,,,,,,,,,
AS14.01,2014-03-11,,,,,,,,,,,,,,0.0,,,,,
AS14.01,2014-03-12,,,,,,,,,,,,,,0.0,,,,,
AS14.01,2014-03-13,,,,,,,,,,,,,,0.0,,,,,
AS14.01,2014-03-14,,,,,,,,,,,,,,0.0,,,,,
AS14.01,2014-03-15,,,,,,,,,,,,,,,,,,,
AS14.01,2014-03-16,,,,,,,,,,,,,,,,,,,0.0
AS14.01,2014-03-17,,,,,,,,,,,,,,,,,,,
AS14.01,2014-03-18,,,,,,,,,,,,,,,,,,,0.0
AS14.01,2014-03-19,,,,,,,,,,,,,,,,,,,
AS14.01,2014-03-20,0.014310494381156367,14.590919617606579,61.892421236861544,57.32732433316595,,,,6.60508444306354,62.5024866536597,,,13.48452631722746,,,,,,313.39877934674394,
AS14.01,2014-03-21,0.22147781177877918,13.170801074581062,70.25642253316983,73.739845679102,3.919842416657661,,49.66357068314762,35.06396819869773,92.89535951239897,61.04402413683245,,13.73792884765871,,0.0,0.8366600265340756,0.447213595499958,0.44721359549995804,137.4545413043182,
AS14.01,2014-03-22,0.16614310362592943,3.8820104308449155,71.16384866087299,60.31903686233724,0.9990006673337778,,,10.6359521569869,37.593916173667346,,,22.125264088819375,,0.0,0.8944271909999159,1.0,0.894427190999916,70.02774790095943,
AS14.01,2014-03-23,0.11499881462641875,14.164976300585678,57.151895326775076,23.829479250150083,8.657807858613326,,,10.159485369184145,61.1683963796943,,,,,,0.8366600265340756,0.4472135954999579,0.8366600265340756,107.47830966394652,
AS14.01,2014-03-24,0.10479250633806751,6.003873033339151,41.11911702981944,217.4340860753224,1.6395272082727592,,,1.7115792707321507,114.37093572418806,168.37180570095458,,,,0.0,1.3038404810405297,0.7071067811865476,0.7071067811865476,117.14636546758146,
AS14.01,2014-03-25,0.1471118496102992,14.24225194153788,53.344450247926666,22.67974289977733,8.727998567827564,,,37.27207452995696,70.76620018032366,,52.43328291794794,12.668620314690063,,,1.0,0.5773502691896257,0.9574271077563381,136.19783394422015,
AS14.01,2014-03-26,0.17759839134308805,11.10625681564332,58.16084325234865,95.45088480619609,6.202520630087953,,,12.359221604399957,103.6801426482332,,,,,,1.3038404810405297,0.5477225575051661,0.5477225575051662,105.07288131177911,
AS14.01,2014-03-27,0.2262847708150226,8.287716121269675,37.01178808198331,71.99938792969006,7.6245746766622995,,17.965806259897764,5.926883216891207,132.59019139346776,29.196438995192548,,14.280520132493265,,0.0,1.0954451150103321,0.4472135954999579,0.0,126.39655932944586,
AS14.01,2014-03-28,0.16556278269391972,10.97351470425106,21.578456327443742,99.77198264752576,7.328207238699881,106.62180310799477,,33.105167661560024,23.335810661039712,84.84442914762268,,31.973709877717422,,0.0,0.5477225575051661,1.140175425099138,1.140175425099138,94.55110449409715,
AS14.01,2014-03-29,0.09434551809617756,7.183477340010507,71.26070937835586,143.4020558771071,,,,27.1753291161566,55.531294286580945,18.88579715906462,,32.92916402242212,,0.0,0.8366600265340756,0.0,0.7071067811865475,156.65378661738114,
AS14.01,2014-03-30,0.08207734650815703,10.625631502244016,54.09007606615196,156.60297067008162,,,,9.523085433128628,64.28261919834941,,21.46422634291765,,,,0.5773502691896257,0.5,0.5773502691896257,196.16080812309167,
AS14.01,2014-03-31,0.11213375287546491,14.492068121911615,56.46186891759782,74.58171766590279,4.103632167564079,,,19.97575265165245,61.844965726353514,5.760274620189563,,13.426245397924697,,0.0,1.0,0.5477225575051661,0.5477225575051661,91.62365280613052,
AS14.01,2014-04-01,0.18870745810498965,8.930846549024725,41.95893358286908,58.15048015950338,26.033143918889,66.43255953973173,28.70698829553529,14.506326824133374,51.717823543644734,110.807573771599,,21.1433749704157,,,0.8366600265340756,1.0,1.0,132.7902943270034,
AS14.01,2014-04-02,0.10774978073001786,19.995202799770574,41.97660780188049,58.3599835516619,20.959541041133765,,,46.71299035816034,95.03529956103692,,,29.82663508727001,,0.0,1.1547005383792517,0.5773502691896258,0.5773502691896257,113.09540710692254,
AS14.01,2014-04-03,0.05768813609579026,12.500100194560204,59.46544864575826,63.54113323980351,32.762355140211355,,,16.75625318614204,75.12020545315048,,,13.078579086547473,,0.0,0.4472135954999579,1.0,0.5477225575051662,98.90805211655689,
AS14.01,2014-04-04,0.1649504866539261,8.1596024101015,52.866372473771065,124.69214187414738,,,,23.351571598609805,95.01880286067782,39.40530859934387,,10.425479905328592,,0.0,0.8366600265340756,0.5477225575051662,0.44721359549995787,123.79373651028781,
AS14.01,2014-04-05,0.16970629517288077,15.156403754308418,47.461773012578774,,,,,8.814343610599389,30.332399594210433,20.175942876769515,,9.635475494234832,,,0.5477225575051661,0.5477225575051661,0.8366600265340756,98.75084448299494,
AS14.01,2014-04-06,0.14110707938447908,20.208026143972692,64.0972995693011,68.2428754523137,,1.47078210486802,,18.139829808095406,74.89368480386047,,,7.2645043671264995,,0.0,0.5,0.5773502691896257,0.5773502691896257,108.28422594519722,
AS14.01,2014-04-07,0.10131988633747786,8.255599362304755,71.92814385158727,116.14641721450846,5.512090919061477,,,17.74928110415421,80.50873849640551,,,61.60592586959473,,,0.5773502691896258,0.5,0.5773502691896257,127.49436315899364,
AS14.01,2014-04-08,0.09430003540719716,7.447192638274054,46.598796836255616,70.80515442895103,2.0997202194578217,,,57.03767509829838,103.74857727980094,,,5.657561356273566,,,0.5477225575051661,1.1547005383792517,0.8944271909999157,119.70552262579876,
AS14.01,2014-04-09,0.15357001489822808,8.30636220920659,44.24999872573954,52.04798525399422,,,,89.1276103777211,56.57154894677273,,,47.46425565535255,,0.0,0.4472135954999579,0.0,0.5477225575051662,110.22485180127215,
AS14.01,2014-04-10,0.12836546038794736,8.100122037489207,48.918272148104194,78.22005220588203,,,,13.467695978976616,48.389240437474974,,,30.955324127492112,,0.0,1.140175425099138,0.4472135954999579,0.8944271909999159,146.56391559059063,
AS14.01,2014-04-11,0.12630676101136973,14.623539268072188,33.13924501637139,95.08851842352448,13.040838568384576,,,4.455648400251827,45.03707511623774,,,26.624222339712468,,,0.4472135954999579,0.4472135954999579,0.7071067811865476,110.21265682261247,
AS14.01,2014-04-12,0.09889281157774367,5.55858809905015,67.1122071970186,167.37309526098397,,,,6.492113904760217,24.820982373790123,,,20.13230162102684,,,1.2583057392117916,0.5,0.9574271077563381,141.0640076868581,
AS14.01,2014-04-13,0.02628708156716158,12.78874410494992,50.86114662599215,69.32736619354101,8.57773587550934,,,5.270239280405329,5.68796694786459,,,,,,0.5,0.0,0.0,88.80684023202355,
AS14.01,2014-04-14,0.11676887221620086,7.402133771847896,58.763279806836145,138.48814380762542,13.834744485051637,,,10.807975164271761,122.47501720858277,13.487354744352206,,34.55410127759893,,,0.8366600265340756,0.5477225575051661,0.8366600265340756,118.87210824246073,
AS14.01,2014-04-15,0.09356330975453536,10.863073575508048,55.22651306405487,44.19467584204715,1.5287257220748705,,,21.47214051509537,73.95657892864753,,,20.69978023732683,,0.0,0.7071067811865476,0.4472135954999579,1.3416407864998738,83.7736600894564,
AS14.01,2014-04-16,0.14597768773032704,7.893282189197479,49.0355294100112,25.875589451023302,,,,1.7071060502109021,80.62390120780262,,,18.301224239863785,,,0.5,0.7071067811865476,0.44721359549995787,94.09458672944415,
AS14.01,2014-04-17,0.0779153747460018,4.90027856832389,47.54465930742854,16.218807622633673,,,,5.948150241881924,126.39831532170639,,,15.514839487836584,,0.0,1.3149778198382918,0.47871355387816905,0.47871355387816905,154.39320443534118,
AS14.01,2014-04-18,0.13884778625961702,15.136560419476812,76.2578969381933,106.17891177983508,17.728332030155247,,,1.8955478539637733,184.44116008349232,21.374832779072996,,23.673803102444978,,,0.8366600265340756,0.4472135954999579,0.44721359549995787,148.20142901760943,
AS14.01,2014-04-19,0.11552426092520689,13.813979658547861,34.1013526884415,80.83283996413009,19.950936413278114,,,0.5018937138478621,37.00637408191877,5.685138520739842,,23.56081953423946,,,0.447213595499958,0.0,0.44721359549995787,78.4772519447814,
AS14.01,2014-04-20,0.1164765204885258,9.021243073580521,63.222896596796275,59.045331981350394,1.2063241687042499,,,2.499938159235144,86.20570598903065,,,9.216254400062244,,0.0,0.9574271077563381,0.5,0.4999999999999999,117.72721004646895,0.0
AS14.01,2014-04-21,0.1629821779504404,14.813893646182157,49.51752689847852,16.16242665361032,5.2597543985754065,,,8.38420930678618,93.54144940740493,30.17869136217363,,25.096645095842327,,0.0,0.5,0.0,0.5477225575051662,107.74298380644302,
AS14.01,2014-04-22,0.10616734651104585,11.93838019385539,48.85874864674783,56.98389667686967,2.018747771928595,,,3.5355906814373554,71.5802931088412,,,18.40686453501862,,0.0,0.8366600265340756,0.0,0.5477225575051662,112.50484437098322,
AS14.01,2014-04-23,0.06767300306121334,9.33526254741706,57.82736203723597,37.84545652717114,2.650854013332307,,,2.117328946259099,43.75356575772027,,,17.65893335036766,,,0.8366600265340756,0.0,0.5477225575051663,121.32539241794572,
AS14.01,2014-04-24,0.08573950709977526,9.129714767261005,58.736596083030065,54.431448337839385,71.39933528612154,,,1.5025514688910548,112.86386096604629,14.758040396114023,,30.56334472804829,,,0.5477225575051661,0.0,0.5477225575051662,150.07581083144586,
AS14.01,2014-04-25,0.1260118013284341,12.277593525632174,58.80032185692267,55.56488584228951,1.732629312153449,,,5.094005251273304,110.17900275923613,17.463370073766786,,32.28306567395394,,0.0,0.447213595499958,0.4472135954999579,0.8366600265340756,76.35196650457291,
AS14.01,2014-04-26,0.31618042884370523,5.667591267283261,54.21662494648486,,4.945790626044198,,,2.412295794466342,2.2910259710444154,19.52032284103982,,17.72785832900673,,0.0,1.0954451150103321,0.0,0.5477225575051662,146.31219822628623,0.0
AS14.01,2014-04-27,0.0504472246251274,13.112269409185874,73.29859435880712,140.4367149628852,,,,27.09314284914994,15.173097310700935,,,7.461637398498179,,,1.0307764064044151,0.0,0.5773502691896258,96.63332203269795,
AS14.01,2014-04-28,0.030014136853929528,10.870195967086056,52.92335675924282,62.67859095611187,20.337054225512322,,,10.151614032589434,166.42040257661807,,,11.969938428253942,,0.0,0.4472135954999579,0.4472135954999579,0.5477225575051661,168.61954215799767,
AS14.01,2014-04-29,0.14015636353203492,6.076147540909105,45.85359737891012,69.27273787747721,,181.6437112715439,,2.066797232434764,75.52954454328892,19.74666397141553,,23.415226452465955,,,0.9574271077563381,0.0,1.0,106.4422359911748,
AS14.01,2014-04-30,0.18266409349302842,5.309925545842171,42.17810368361947,36.488668692910025,4.677563008661668,,,24.660064154924658,7.344845488504165,22.963849627548658,,22.491227089689882,,,0.8944271909999159,0.5,0.44721359549995787,86.52132358961573,
AS14.01,2014-05-01,0.037171004290393196,13.435123253840842,46.60194988306708,53.76886716772076,35.281241817156555,,,1.4959749997911067,172.9157875491106,,,12.974504347629878,,0.0,0.894427190999916,0.0,0.0,78.2429724142764,0.0
AS14.01,2014-05-02,0.1059368428638638,6.229215722129113,60.2918693587714,44.30466476869751,40.71598902520071,,,1.137417821207317,60.808878962141314,,,0.741755013464688,,,0.8366600265340756,0.0,0.547722557505166,123.32274483355317,
AS14.01,2014-05-03,0.09775567897982783,9.010981466337126,60.715415052756036,161.87399015967415,13.592021630353596,,,1.3097059593664522,25.75614032614359,,,31.217522508734312,,,0.8366600265340756,0.0,0.0,136.27755649908696,
AS14.01,2014-05-04,0.22536589930283293,19.7567389887275,71.00962647039793,243.14762129921542,,,,1.5411124228945794,138.26502048710657,,,,,,0.5773502691896257,0.0,0.0,184.49748257278475,
AS14.01,2014-05-05,0.02270801417292525,12.30244843524629,55.93692585142476,,,,,,,,,25.79427954670053,,,,,,77.92458822582932,
AS14.02,2014-02-17,,,,,,,,,,,,,,0.0,,,,,0.0
AS14.02,2014-02-18,,,,,,,,,,,,,,0.0,,,,,
AS14.02,2014-02-19,,,,,,,,,,,,,,0.0,,,,,0.0
AS14.02,2014-02-20,,,,,,,,,,,,,,0.0,,,,,
AS14.02,2014-02-21,,,,,,,,,,,,,,0.0,,,,,0.0
AS14.02,2014-02-22,,,,,,,,,,,,,,0.0,,,,,0.0
AS14.02,2014-02-23,,,,,,,,,,,,,,0.0,,,,,
AS14.02,2014-02-24,,,,,,,,,,,,,,0.0,,,,,0.0
AS14.02,2014-02-25,,,,,,,,,,,,,,0.0,,,,,0.0
AS14.02,2014-02-26,,,,,,,,,,,,,,0.0,,,,,
AS14.02,2014-02-27,,,,,,,,,,,,,,0.0,,,,,
AS14.02,2014-02-28,,,,,,,,,,,,,,0.0,,,,,0.0
AS14.02,2014-03-01,,,,,,,,,,,,,,0.0,,,,,0.0
AS14.02,2014-03-02,,,,,,,,,,,,,,,,,,,
AS14.02,2014-03-03,,,,,,,,,,,,,,0.0,,,,,
AS14.02,2014-03-04,,,,,,,,,,,,,,0.0,,,,,
AS14.02,2014-03-05,,,,,,,,,,,,,,0.0,,,,,
AS14.02,2014-03-06,,,,,,,,,,,,,,0.0,,,,,
AS14.02,2014-03-07,,,,,,,,,,,,,,0.0,,,,,0.0
AS14.02,2014-03-08,,,,,,,,,,,,,,0.0,,,,,
AS14.02,2014-03-09,,,,,,,,,,,,,,0.0,,,,,
AS14.02,2014-03-10,,,,,,,,,,,,,,0.0,,,,,0.0
AS14.02,2014-03-11,,,,,,,,,,,,,,0.0,,,,,0.0
AS14.02,2014-03-12,,,,,,,,,,,,,,0.0,,,,,
AS14.02,2014-03-13,,,,,,,,,,,,,,0.0,,,,,
AS14.02,2014-03-14,,5.903230942216546,24.706600505165778,17.32566051202025,,,,22.64356100488929,1.6420963227939256,,,,,0.0,,,,28.586483561780277,
AS14.02,2014-03-15,,19.458614520558573,38.85679974314919,51.64997142991573,,,,,,16.419354624519023,,,,0.0,,,,69.62780594274182,
AS14.02,2014-03-16,,8.539149595425076,20.797162370153906,,,,,14.766443579361148,8.701711701120175,,,,,0.0,1.0,1.0,0.5773502691896257,52.029211048988316,
AS14.02,2014-03-17,0.05698952856624923,13.064859051388515,54.02551506740009,253.62735455305946,,,,8.10979737174205,9.86783530522835,,,,,0.0,1.2909944487358056,1.0,1.2583057392117918,80.76146662899075,
AS14.02,2014-03-18,0.19546931508309645,8.167924923938859,43.85785764751123,38.339267994229274,,,,7.325147049718526,15.694310856958767,,,,,0.0,0.5477225575051662,0.4472135954999579,0.44721359549995787,45.35997995837713,
AS14.02,2014-03-19,0.29003177236493677,18.579940435574745,43.34355298166337,23.857718417545907,,,,8.956389041721373,5.4294479921995755,21.115705645950158,,,,0.0,0.8944271909999159,0.8944271909999159,1.3038404810405297,65.73768889253536,
AS14.02,2014-03-20,0.19196224851814214,12.372424281334698,34.95147719102104,23.3131100980638,,,,7.461503495322795,20.041598420535227,,,,,0.0,1.2909944487358056,0.5,0.5,86.17148387269262,
AS14.02,2014-03-21,0.24542601120767688,13.865372585668007,72.85047430780408,119.27889293723904,,,,2.580378654383887,27.227120113048354,19.869436884764678,,,,0.0,0.5,0.5,1.0,110.82986311056843,
AS14.02,2014-03-22,0.29197998514415385,13.077091871693712,19.991780366837126,46.625424478275924,,,,6.726362811108739,10.660620159790092,20.554102623988786,,,,0.0,0.816496580927726,1.0,1.0,47.24673213499053,
AS14.02,2014-03-23,0.24223273525339103,11.35103897322288,60.596496092373705,42.77116962389307,,,,12.615390213941069,17.07678646584304,27.36288202313046,,,,0.0,0.0,1.1547005383792515,0.4999999999999999,54.68984006285072,
AS14.02,2014-03-24,0.1411113666582712,9.416312646129482,57.988335543847974,124.6355289143655,,,,8.306190360207259,23.463515835357256,,,,,0.0,1.0954451150103324,1.0954451150103324,1.1401754250991378,65.19027029099229,
AS14.02,2014-03-25,0.21343433731413428,8.999867444818355,39.98264965785002,111.21905820361904,,,,4.1267408447829625,15.259133849381271,,,,,0.0,0.5,0.5,0.5,66.0183078138208,
AS14.02,2014-03-26,0.23109097704894113,13.705631672263268,29.76968324616761,68.76202515144195,,,,0.9362390186271885,87.52448152961851,,,,,0.0,0.4472135954999579,1.3416407864998738,1.3038404810405297,78.75495312857676,
AS14.02,2014-03-27,0.18707277071797027,7.227252489186004,49.35032751780297,70.42461245829837,,,,75.21997614406453,8.583643827486254,,,3.34995153198769,,0.0,1.4142135623730951,1.2909944487358054,0.9574271077563381,52.70478853058084,
AS14.02,2014-03-28,0.22655690218438987,15.906337683975643,23.118314039362733,94.61781200296576,,,,9.026107890755325,17.609480346425723,,,,,0.0,0.8944271909999159,0.894427190999916,1.3038404810405297,52.144118001308655,0.0
AS14.02,2014-03-29,0.31413984446709364,8.096856373403531,72.55495284461712,83.90200229632981,,,,7.610766425487865,34.378737146225,19.10310831277668,,,,0.0,1.2583057392117916,0.9574271077563381,1.2583057392117918,43.67125195022046,
AS14.02,2014-03-30,0.2559764700984225,9.028166353444638,20.821784638866777,91.64519977574798,,,,3.535361992439023,25.501865241212307,,,,,0.0,1.4142135623730951,0.5,1.4142135623730951,72.59492589672689,
AS14.02,2014-03-31,0.14767705165321618,9.249387206965634,42.31783732935668,81.21299804773565,,,,9.472584288355527,20.18866829778763,,,,,0.0,1.0954451150103321,0.8944271909999159,1.0954451150103321,52.80929571851377,0.0
AS14.02,2014-04-01,0.20730617628530973,12.967558292543078,29.245515879917626,15.75265611571585,,,,11.222705256656159,9.65797271493868,107.0459489951239,,,,0.0,1.0954451150103321,0.4472135954999579,0.5477225575051662,30.16908432818394,
AS14.02,2014-04-02,0.27239653644396444,11.42675939359705,49.30254666578047,45.58544990384429,,,,8.749031413057486,13.002957594272985,,,,,0.0,0.894427190999916,1.0954451150103321,1.5165750888103102,87.40662564084636,
AS14.02,2014-04-03,0.24115493925907533,15.614061229233776,40.38743790812714,74.05430331530472,,,,2.9261181281691275,12.15824742715824,25.472507887738676,,,,0.0,0.9574271077563382,0.816496580927726,1.2583057392117916,44.3949420294893,
AS14.02,2014-04-04,0.2249226771801693,16.751569058404904,50.611652392238284,21.083984830513735,,,,8.11076517557581,24.89200952112947,,,,,0.0,0.8366600265340756,1.0954451150103321,1.8165902124584952,37.11513559247633,
AS14.02,2014-04-05,0.2756867702891724,13.739584999048674,22.621721562746316,42.04140552327448,,,,10.725239437054208,20.293845813223996,37.39816979830029,,,,0.0,1.4142135623730951,0.894427190999916,1.3416407864998738,82.48465335122289,
AS14.02,2014-04-06,0.16485412290509174,10.600676827242136,34.641726744834585,124.37036731070629,,,,1.7661701267620478,31.941384748427218,,,,,0.0,0.0,0.5,1.0,39.78480563935203,
AS14.02,2014-04-07,0.12049087184020787,16.665361258123422,55.529406232910375,106.38395421185471,,,,8.4477672710999,37.530258863994405,,,,,0.0,0.7071067811865476,0.5477225575051661,0.44721359549995804,49.21109786968913,
AS14.02,2014-04-08,0.20495400460186533,11.487861510929969,36.93404768910413,48.432034230111235,,,,8.546855707737722,28.517177254188358,,,,,0.0,0.9574271077563381,0.5773502691896257,1.5,41.36972329720887,
AS14.02,2014-04-09,0.22322696840092504,12.79452937855949,41.58535487771482,35.82020795788599,,,,8.74487434443743,42.45692063263727,,,,,0.0,1.7320508075688772,0.5,0.5,63.89224081944445,
AS14.02,2014-04-10,0.27339325551795723,21.25436559186383,45.67120100147325,48.95779980347129,,,,18.995627423172945,22.984792913127546,110.38327162374337,,0.007778174593052108,,,0.5,0.5,0.9574271077563381,63.6836622462329,
AS14.02,2014-04-11,0.22027742539450165,12.687149081753926,41.44918902132158,43.35268642717775,,,,14.425151701108728,15.123439224079517,12.743710980850969,,,,0.0,0.5773502691896257,0.5773502691896257,0.5773502691896258,67.50141530502925,
AS14.02,2014-04-12,0.22722416627158062,13.986943644924137,36.86315090471801,,,,,,46.44979834904202,20.56346275589688,,3.4365389565666207,,0.0,,,,45.27154007355277,
AS14.02,2014-04-13,0.23059569523306803,11.25508909658105,25.285067814683313,68.34881077821841,,,,19.462364560864643,7.893166796877749,4.822206509228639,,,,,1.140175425099138,0.8944271909999159,0.8366600265340756,35.24408086111138,
AS14.02,2014-04-14,0.16194754954306756,12.256481713757639,32.538738651716535,3.983138083552598,,,,1.0045647482035855,11.692527656584781,,,10.347593078961783,,0.0,0.9574271077563382,0.816496580927726,1.414213562373095,36.21560875629943,0.0
AS14.02,2014-04-15,0.19027690949332082,9.057930044826449,99.86251961583349,3.239114899680673,,,,,14.890254598226319,,,,,0.0,0.5773502691896257,1.0,0.957427107756338,101.95302317599962,
AS14.02,2014-04-16,0.39082255142504363,20.273345401043215,,,,,,,,,,,,0.0,0.5773502691896258,1.1547005383792517,1.5275252316519468,22.936859042418597,
AS14.02,2014-04-17,0.12087295404898252,,9.447690158622548,,,,,,,,,,,0.0,0.2886751345948129,0.7637626158259734,1.5,9.48292899387008,0.0
AS14.02,2014-04-18,,,,,,,,,,,,,,0.0,1.632993161855452,0.816496580927726,0.9999999999999999,,
AS14.02,2014-04-19,,,14.409575230843322,,,,,,,,,,,,0.5773502691896258,0.5773502691896258,0.5773502691896258,87.8495322217117,
AS14.02,2014-04-20,,,,,,,,,,,,,,0.0,0.5773502691896258,0.0,1.7320508075688772,,0.0
AS14.02,2014-04-21,,,,,,,,,,,,,,0.0,,,,,
AS14.02,2014-04-22,0.10606601717798213,,,,,,,,50.56511189545614,,,,,0.0,0.5773502691896258,1.5275252316519465,1.1547005383792515,5.037428591836174,0.0
AS14.02,2014-04-23,,,,,,,,,,,,,,0.0,1.4142135623730951,2.1213203435596424,3.5355339059327378,,
AS14.02,2014-04-24,,,,,,,,,,,,,,,0.7071067811865476,0.7071067811865476,0.0,,
AS14.02,2014-04-25,,,,,,,,,,,,,,,,,,,
AS14.03,2014-02-17,,,,,,,,,,,,,,,,,,,
AS14.03,2014-02-18,,,,,,,,,,,,,,0.0,,,,,
AS14.03,2014-02-19,,,,,,,,,,,,,,0.0,,,,,
AS14.03,2014-02-20,,,,,,,,,,,,,,,,,,,
AS14.03,2014-02-21,,,,,,,,,,,,,,0.0,,,,,0.0
AS14.03,2014-02-22,,,,,,,,,,,,,,0.0,,,,,0.0
AS14.03,2014-02-23,,,,,,,,,,,,,,0.0,,,,,
AS14.03,2014-02-24,,,,,,,,,,,,,,,,,,,
AS14.03,2014-02-26,,,,,,,,,,,,,,,,,,,
AS14.03,2014-02-27,,,,,,,,,,,,,,,,,,,
AS14.03,2014-02-28,,,,,,,,,,,,,,0.0,,,,,
AS14.03,2014-03-01,,,,,,,,,,,,,,0.0,,,,,0.0
AS14.03,2014-03-02,,,,,,,,,,,,,,0.0,,,,,
AS14.03,2014-03-03,,,,,,,,,,,,,,,,,,,
AS14.03,2014-03-05,,,,,,,,,,,,,,,,,,,
AS14.03,2014-03-07,,,,,,,,,,,,,,0.0,,,,,
AS14.03,2014-03-08,,,,,,,,,,,,,,0.0,,,,,0.0
AS14.03,2014-03-09,,,,,,,,,,,,,,,,,,,0.0
AS14.03,2014-03-10,,,,,,,,,,,,,,0.0,,,,,
AS14.03,2014-03-11,,,,,,,,,,,,,,0.0,,,,,
AS14.03,2014-03-13,,,,,,,,,,,,,,0.0,,,,,
AS14.03,2014-03-14,,,,,,,,,,,,,,0.0,,,,,
AS14.03,2014-03-15,,,,,,,,,,,,,,0.0,,,,,
AS14.03,2014-03-16,,,,,,,,,,,,,,0.0,,,,,
AS14.03,2014-03-17,,,,,,,,,,,,,,0.0,,,,,0.0
AS14.03,2014-03-18,,,,,,,,,,,,,,,,,,,
AS14.03,2014-03-19,,,,,,,,,,,,,,0.0,,,,,0.0
AS14.03,2014-03-20,,,,,,,,,,,,,,0.0,,,,,
AS14.03,2014-03-21,,30.33448628571418,30.891409022734948,76.50531196718663,,,,23.256006861476145,,,,,,0.0,0.0,0.0,0.0,46.411135332280836,0.0
AS14.03,2014-03-22,0.2013412662503876,23.755641054514278,21.651897675859942,65.16458958568533,,,,6.226507421232763,,18.609819696677803,,,,0.0,1.6431676725154984,0.7071067811865476,0.8366600265340756,86.65217175023862,
AS14.03,2014-03-23,0.14173949817114764,17.038609886098104,24.884172133653443,78.89920594394417,,,47.055030411211085,21.20743018839938,,30.137043441763065,,,,,1.6431676725154984,1.3038404810405297,1.3038404810405297,115.90956874226116,
AS14.03,2014-03-24,0.1933180610623169,18.822129936150514,72.8560965840247,57.22106384413135,7.840789035549931,,24.61979591710703,34.240276485449115,,,,,,0.0,1.140175425099138,0.5477225575051662,0.8366600265340756,106.8432438983316,
AS14.03,2014-03-25,0.1880055434245767,17.983079743522936,23.263689468947653,40.237469086100205,69.01362184380703,,13.58864294515494,35.01024611453053,,,,9.953942158763029,,0.0,1.140175425099138,0.4472135954999579,0.8366600265340757,47.7044434588923,
AS14.03,2014-03-26,0.1399219250800103,5.063165625896822,23.365494543790646,63.62494663067921,31.42158856582525,,7.927645993609957,6.662485582938033,,6.621347899030831,3.1671312729345464,,,,0.5773502691896257,0.816496580927726,0.5,84.88998545279638,
AS14.03,2014-03-27,0.16049406896869886,6.722895952008962,22.06918625306963,81.1264642848685,,,2.044245704410309,3.095526815691744,,,,6.1928411896317845,,0.0,0.9574271077563381,1.9148542155126762,1.2583057392117918,97.94920692469849,
AS14.03,2014-03-28,0.16816558204217186,30.956299165994395,14.640712665482138,74.18610416847294,,,15.354080923324586,15.179015489893416,,,6.521645842883528,,,0.0,1.0,0.5773502691896257,0.816496580927726,69.42047550339974,
AS14.03,2014-03-29,0.2060928744781149,4.98510280736516,7.592962728044547,97.46217780923598,,,,10.452446893218617,,,,,,,0.8366600265340756,0.5477225575051661,0.5477225575051662,91.71468711565993,
AS14.03,2014-03-30,0.2041013035622334,0.720675782396865,22.78771413292552,89.15372227743015,,,,19.69081029543754,,,,,19.675246186515686,,1.6431676725154984,1.0,0.8944271909999159,95.23132826057268,
AS14.03,2014-03-31,0.1345243468646739,29.626960608066046,44.862067242297876,64.79891664018571,21.161800403872384,,,6.05386950635707,,,,,,0.0,1.140175425099138,0.8944271909999159,0.547722557505166,95.35591300276762,
AS14.03,2014-04-01,0.15995887044995963,41.71837959407766,16.46488803646287,69.47496722350168,,,17.529879739081686,22.41236063091079,,,,,,0.0,0.894427190999916,0.8944271909999159,0.547722557505166,99.89052692243241,
AS14.03,2014-04-02,0.13347668525896447,11.148070726213872,19.966539117255753,79.82593334428174,10.17232013849348,,5.462427017056307,8.537647604710694,,17.75757259593777,,,,0.0,1.0954451150103324,0.5477225575051661,0.5477225575051662,104.5837210890054,
AS14.03,2014-04-03,0.1486694440574878,22.68146593078214,18.32494399187935,85.795422356714,7.851758868771591,,,9.587315501629107,,,,10.686504784072294,,,1.0,0.0,0.44721359549995787,83.91249436902207,
AS14.03,2014-04-04,0.1726180165043204,33.63256145021219,20.157678288240987,65.80091221718669,,,,31.268491629449482,,,,,,,0.8366600265340756,0.5477225575051662,0.44721359549995787,81.39019621746627,0.0
AS14.03,2014-04-05,0.1685442399694416,12.787722981287711,19.608061370932905,89.39738698760033,,,57.96880225029091,2.7529034611963175,,6.086775172453801,,,,0.0,0.8366600265340756,0.7071067811865476,0.5477225575051662,72.86843950203742,
AS14.03,2014-04-06,0.14110040359158166,2.575866714978346,52.65180390972959,67.0573800282151,,,,4.104628448471311,,,,,,,0.447213595499958,0.8366600265340756,0.8366600265340756,84.80103548794226,
AS14.03,2014-04-07,0.21071185833128409,19.125176277068597,43.67852805024803,80.80258932232067,34.93960864596702,,29.447835080302024,4.730064451388133,,,22.557990225195148,,,0.0,0.447213595499958,0.0,0.547722557505166,120.64507510694386,
AS14.03,2014-04-08,0.1560001386432907,29.65410991057117,20.020475076890087,81.53935385599677,,,,4.360278075994695,,,,,,0.0,0.5477225575051661,0.4472135954999579,0.547722557505166,78.61325991429011,
AS14.03,2014-04-09,0.17015321706493575,7.8235462760396155,23.700777904913906,60.5211914238611,17.96404777604424,,4.372218010727888,5.430235138471529,,,5.303300858899107,,,,0.5477225575051661,0.0,0.44721359549995787,54.70408264333872,
AS14.03,2014-04-10,0.15769799579714458,63.21605334485854,38.49227908681858,57.34232698841332,,,,12.366038526724896,,,,,,,0.5477225575051662,0.0,0.5477225575051661,124.3559932572378,0.0
AS14.03,2014-04-11,0.17290865262528263,23.783449192663372,44.122014431545416,83.3712512117442,,,3.507249634685275,47.87210620797752,,,,,,,0.4472135954999579,0.0,0.5477225575051663,80.9757688756309,
AS14.03,2014-04-12,0.21775335463785248,9.480859252801329,23.96864539907641,86.31758875918626,,,,6.6188011460619585,,,,,,0.0,0.5773502691896258,0.0,0.5773502691896258,115.65441605768785,
AS14.03,2014-04-13,0.13765796321452603,42.274290717881954,88.92284961290595,95.70627310098004,,,53.225899402024304,47.17643697035822,,,,,,,0.447213595499958,0.0,0.5477225575051663,157.3986470722609,
AS14.03,2014-04-14,0.19549594549624874,15.22741791416193,47.37293998509395,62.60665607797833,,,,7.098546527282892,14.049466281677748,,,,,,0.0,0.4472135954999579,0.7071067811865475,105.5704542460511,
AS14.03,2014-04-15,0.18035118756370003,9.2334207193108,21.713339372452516,89.65041490409617,,,,11.419149054329749,,,,,,0.0,0.447213595499958,0.4472135954999579,0.5477225575051663,64.03945709703035,
AS14.03,2014-04-16,0.18183719148383673,11.987783182623795,22.413243339962946,114.59776159613382,,,10.698525599352465,9.398048938856556,,,21.341896869772373,,,0.0,0.4472135954999579,0.0,0.0,93.01814141094617,
AS14.03,2014-04-17,0.18470847357231704,9.383598211891734,22.583947012258946,61.581778059043344,77.54981490629103,,,8.139122002384346,,,,12.049806658199957,,0.0,0.5,0.5,0.4999999999999999,55.16014969608905,0.0
AS14.03,2014-04-18,0.12306424915475132,40.090802780079876,80.8825803232001,111.45898707825486,,,26.39510761395719,3.040640475294638,,,8.53407174214044,,,0.0,0.0,0.0,0.5773502691896258,101.65087854997242,
AS14.03,2014-04-19,0.2291350650590146,9.70110729943571,56.02799187829221,1.868371542727751,,,,3.9155944248606747,,22.41181256242639,,,,0.0,0.5477225575051662,0.4472135954999579,0.44721359549995787,55.46794837299596,
AS14.03,2014-04-20,0.15285730841103878,29.262438430914763,32.700003048987796,59.98929813323661,,,,8.739348442532773,,4.794891083225981,141.94320104182518,,,0.0,0.5,0.816496580927726,1.0,94.17015350270587,0.0
AS14.03,2014-04-21,0.05414062088858051,0.30529807838679013,50.21383731584495,80.63206366048492,,,,3.3429940123587816,,41.24921004496126,,,,0.0,0.4472135954999579,0.0,0.5477225575051661,153.66314065977843,
AS14.03,2014-04-22,0.15869113094626888,7.6484718444638045,22.109827430345888,73.000345870863,,,14.348208575753747,6.304661806948887,,,,,,,0.5477225575051662,0.4472135954999579,0.5477225575051662,92.02896646743942,
AS14.03,2014-04-23,0.18308417958939263,8.11823421863224,23.560753060380993,81.3418166727309,54.90047759810474,,,3.6530271693487304,,,,,,,0.5477225575051662,0.4472135954999579,0.7071067811865475,101.71007464215785,
AS14.03,2014-04-24,0.1673415707960748,8.253297957437525,37.76160355298472,76.177589591671,9.838683753429624,,,25.856949867384674,,,,,,,1.3038404810405297,0.0,0.5477225575051662,136.24499479428283,
AS14.03,2014-04-25,0.18360420074199552,4.384617052833691,36.330450353032106,74.66967863634238,10.072603085432617,,69.87982015098015,3.863698771902385,,,8.403964094402117,,,,0.816496580927726,0.0,0.5773502691896257,123.80288530144213,
AS14.03,2014-04-26,0.31221760712993685,17.3643530629803,16.165418691538036,104.35653686234225,,,,8.40391455819936,5.241337520137393,,,,,0.0,1.4999999999999998,0.0,0.5773502691896257,150.03096359360177,0.0
AS14.03,2014-04-27,0.10817283902056528,4.6131646404610365,31.761466034735793,103.26259456785365,,,,24.234326388713715,,81.65037240746535,15.71310295051023,,,,0.5477225575051661,0.0,0.5477225575051661,114.20873182194507,
AS14.03,2014-04-28,0.1294109508881181,6.504533623750437,25.087028264064102,73.55953774147426,2.8376195129016164,,,2.5127668150201816,2.6344624372598924,,4.007881235765351,0.6759940828143394,,,0.894427190999916,0.0,0.7071067811865476,70.15832566659374,
AS14.03,2014-04-29,0.18001049411792408,10.245270152611887,27.699276305154836,42.79763629524215,47.84796758317859,,,3.977802459991482,,,,,,,1.140175425099138,0.0,0.44721359549995787,56.06291437454165,
AS14.03,2014-04-30,0.1438108828920025,23.466365210184932,27.23489754784009,87.81472080321035,,,,11.584154520394698,,,27.67615941564147,2.9245936469875597,,,0.4472135954999579,0.0,0.0,119.33296900784686,
AS14.03,2014-05-01,0.17026220613920742,3.3325236211787437,34.58197322922519,116.73317322062533,,,14.490349903757787,5.012699123226927,,54.42867803220407,,,,,1.3038404810405297,0.0,0.4472135954999579,134.59629190683182,
AS14.03,2014-05-02,0.17257871024622395,13.02811338787656,43.80010705998005,89.96586507415259,4.9554043225553235,,,34.209178542667495,,,,1.5033332963784176,,0.0,0.4472135954999579,0.5477225575051661,0.547722557505166,155.94629306845513,
AS14.03,2014-05-03,0.19089116908926737,3.162256538957872,37.90901012250984,65.02861293276362,,,,3.4941952220790413,,24.82305755240478,,,,0.0,0.9464847243000456,0.0,0.4999999999999999,127.18887619066983,
AS14.03,2014-05-04,0.16431535301630082,3.7831329193823318,14.954978475727945,112.34221209057371,,,,4.272594761968422,,,,,,0.0,0.8366600265340756,0.4472135954999579,0.8944271909999159,95.3888881364855,
AS14.03,2014-05-05,0.1574601502340307,4.304113978841307,18.728051190120702,86.75595308177607,,,,42.93308506967558,,8.038389888528668,,,,0.0,0.816496580927726,0.0,0.5,76.29426460676315,
AS14.03,2014-05-06,0.12940585468550725,13.064372934907217,18.32904936845732,37.09090927199658,,,8.664886496659953,,,,,,,0.0,,,,35.287687574489226,
AS14.03,2014-05-07,0.1667700596600282,5.303834223722237,39.19775737874023,51.73084046875016,,,1.1286607993547042,50.958164162052256,,,,,,,0.816496580927726,0.0,0.5163977794943221,86.7692838330207,
AS14.03,2014-05-08,0.0,,,,,,,,,,,,,,,,,,
AS14.05,2014-02-18,,,,,,,,,,,,,,,,,,,
AS14.05,2014-02-19,,,,,,,,,,,,,,,,,,,
AS14.05,2014-02-21,,,,,,,,,,,,,,,,,,,
AS14.05,2014-02-24,,,,,,,,,,,,,,,,,,,
AS14.05,2014-02-25,,,,,,,,,,,,,,,,,,,
AS14.05,2014-02-27,,,,,,,,,,,,,,0.0,,,,,
AS14.05,2014-02-28,,,,,,,,,,,,,,0.0,,,,,
AS14.05,2014-03-01,,,,,,,,,,,,,,0.0,,,,,
AS14.05,2014-03-02,,,,,,,,,,,,,,0.0,,,,,
AS14.05,2014-03-03,,,,,,,,,,,,,,,,,,,
AS14.05,2014-03-04,,,,,,,,,,,,,,,,,,,
AS14.05,2014-03-05,,,,,,,,,,,,,,0.0,,,,,
AS14.05,2014-03-07,,,,,,,,,,,,,,,,,,,
AS14.05,2014-03-08,,,,,,,,,,,,,,,,,,,
AS14.05,2014-03-09,,,,,,,,,,,,,,,,,,,
AS14.05,2014-03-11,,,,,,,,,,,,,,0.0,,,,,
AS14.05,2014-03-12,,,,,,,,,,,,,,0.0,,,,,
AS14.05,2014-03-14,,18.135122618951648,66.47610045298387,8.590165399399345,,,,38.941958441607134,73.67966056937998,,,4.613710690250672,,0.0,,,,99.00172651034434,
AS14.05,2014-03-15,,36.38640405138265,74.64234378710698,15.210359200674969,,,,15.007119508039226,,,20.69569103326691,8.456763422452665,,0.0,1.0,0.8944271909999159,0.8366600265340756,160.2446257304703,
AS14.05,2014-03-16,,14.961576671887624,50.366347033793616,36.57078983415866,,,,10.216112841160935,,,34.819352119187975,11.516648145185298,,0.0,1.5275252316519468,0.0,0.5773502691896257,122.10631111218103,
AS14.05,2014-03-17,0.12704449480905086,20.12871910538595,52.68108566992635,41.91033787407794,,,,8.252410816586526,,,3.5793745263663044,0.549450938058471,,,1.51657508881031,1.140175425099138,1.5811388300841898,106.83704779608719,0.0
AS14.05,2014-03-18,0.16539470794507977,15.602349928434322,77.28025460395786,33.44503116837905,,,,3.4504793676627985,,,12.576936206140722,3.3605902188525785,,0.0,0.9574271077563381,0.0,0.5773502691896258,79.50976121489205,
AS14.05,2014-03-19,0.1585244326417763,23.043915180859294,69.5029535188757,54.41596798389983,,,,18.047489710186447,,,6.300178912803456,2.105763994373539,,,0.816496580927726,0.5,0.5,147.00158782958388,
AS14.05,2014-03-20,0.12312057857422136,12.670975607444143,64.29557070193681,42.85950125582861,,,,16.892885331799697,,,,,,,0.7071067811865476,0.4472135954999579,0.8366600265340756,116.66946782940589,
AS14.05,2014-03-21,0.08756583444384675,24.70760311922695,49.883990364778214,10.43931865760825,,,,4.370920646728787,,,,,,0.0,1.4142135623730951,0.0,0.4999999999999999,59.7943353619169,0.0
AS14.05,2014-03-22,0.029421375065157247,3.5475547212129093,67.86023637771976,56.13090013517648,,,,10.955655069415062,,,,,,,0.0,0.816496580927726,0.5,86.43929973317182,
AS14.05,2014-03-23,0.18099135222378282,47.402693952981195,82.44228618061912,58.48838900195379,,,,4.92799933144418,,,,,,,1.3416407864998738,1.0,1.1401754250991378,136.23398924071014,0.0
AS14.05,2014-03-24,0.013813904735906522,10.143415465216831,95.73900810320146,106.08335792353733,,,,16.164244909676416,,,56.37479523687868,,,,0.0,0.816496580927726,0.5,202.3175102004204,
AS14.05,2014-03-25,0.07357060814798155,10.436822137668791,76.98212699471507,58.021981789604745,,,,29.53833609904255,,,24.911282075932316,21.792597114616697,,,1.0,0.5773502691896258,0.5773502691896258,180.7055948290094,
AS14.05,2014-03-26,0.0694728020615282,19.460224993560583,67.99584948775373,38.6314509500167,,,,5.004633065969971,,,16.62779113788118,,,,1.0,0.5,0.5773502691896257,115.32589044428771,
AS14.05,2014-03-27,0.11266498978170654,23.56923876365693,70.24552706020472,65.26199287561036,,,,13.188244654489342,,,21.533073136456856,11.465736456939867,,,1.140175425099138,0.4472135954999579,0.44721359549995787,115.210618805157,
AS14.05,2014-03-28,0.10029344964361571,31.673004543856667,64.52122676007339,44.03140011952461,,,,5.068022853426882,180.53081421833042,,,,,,0.7071067811865476,0.894427190999916,0.4472135954999579,94.05862911323224,
AS14.05,2014-03-29,0.12201552233607577,22.65896543729227,39.849751943368275,22.246627523149176,,,,10.284102203158039,,,21.56604971940851,0.7396336931211283,,0.0,0.8944271909999159,0.0,0.5477225575051662,53.72162603164706,
AS14.05,2014-03-30,0.11023722554032561,13.584149610202065,66.82525700605872,9.998476804564909,,,,18.744470632695926,,,8.935562451985511,15.659845050318985,,0.0,0.4472135954999579,0.4472135954999579,0.4472135954999579,81.29081869233109,
AS14.05,2014-03-31,0.11370368668663694,14.396241358424081,29.950770343062246,10.039995464543237,,,,12.852067331617455,,,32.83947305707974,,,0.0,0.5477225575051662,0.0,0.4472135954999579,31.09037969518052,
AS14.05,2014-04-01,0.10009257319920661,10.194083058795204,91.86767641155949,57.33506138929412,,,,3.996289616631908,66.08572197582974,,10.314948036708667,5.004194690457196,,,0.816496580927726,0.0,0.0,135.76216895698568,
AS14.05,2014-04-02,0.09831528355981464,26.685155454993,26.67936330895902,43.12150801183676,,,,5.670431871657671,90.42790113842076,,32.83630179339121,1.4651252506185262,,,1.0954451150103321,0.0,0.7071067811865475,89.07468481672075,
AS14.05,2014-04-03,0.13451775509931052,15.417920435440424,63.82681975225734,28.15161128179505,,,,5.899897666586301,141.78581827202134,,,,,,0.7071067811865476,0.4472135954999579,0.4472135954999579,95.83684950767228,
AS14.05,2014-04-04,0.07352132656833099,26.996505769833007,66.43856921246588,12.558544077297107,,,,33.5850753113145,47.05904504892409,,27.123311307160698,1.4912882015224294,,0.0,0.8366600265340756,0.0,0.0,96.666808551207,
AS14.05,2014-04-05,0.11290169965757536,15.688814782962975,29.818855782716177,7.123987010249748,,,,67.47154060657111,,,26.740534805172967,,,,1.4142135623730951,0.0,0.5773502691896257,50.42444031805577,
AS14.05,2014-04-06,0.14302499088700943,13.659058023698824,50.01563874861327,51.31774934415334,,,,3.114687782449929,,,,7.143356350872855,,0.0,1.3416407864998738,0.0,0.44721359549995787,62.258534217172915,
AS14.05,2014-04-07,0.09534366134737735,13.869855967751667,39.65986951035781,6.099186869057565,,,,6.355163579720037,,,,4.880247872803183,,,0.9574271077563381,0.5,0.4999999999999999,71.64704207140102,
AS14.05,2014-04-08,0.12528551226588625,29.739856366957667,60.77863746616866,10.740900254601753,,,,10.703894317681886,,,3.556747109368334,,,,0.9574271077563381,0.816496580927726,0.9574271077563382,53.72705487846881,
AS14.05,2014-04-09,0.15393450048359983,20.039827353581284,77.67812887445865,30.96446364448542,,,,21.330508045349678,,,44.55567138984666,,,,0.9574271077563382,0.5,0.816496580927726,102.12892022412983,
AS14.05,2014-04-10,0.02937837744790374,31.50964363047759,78.0184445210786,97.29897013787911,,,,10.180259579205236,45.17846646357089,,,,,,0.4472135954999579,0.0,0.44721359549995787,116.79592657405118,
AS14.05,2014-04-11,0.12027143387422082,21.37499359629221,75.17415010685424,17.789598762098905,,,,6.630804550914184,15.790246609853817,,,,,,1.0954451150103321,0.8944271909999159,0.7071067811865476,104.51162402274447,
AS14.05,2014-04-12,0.09436498061192977,44.51018947353176,83.33567623480509,19.64079065407626,,,,21.080821261674476,111.40429770465171,,34.270892952572254,4.714627901542177,,,0.5477225575051661,0.0,0.0,150.03184708756692,0.0
AS14.05,2014-04-13,0.16887096790608686,21.251954241271307,71.01302062657159,17.58339211948412,,,,7.822279770668271,,,,,,0.0,1.1547005383792517,0.0,0.5773502691896257,57.58815823965661,
AS14.05,2014-04-14,0.12459985712937635,24.37009705986299,55.56948023333789,3.8604198395632823,,,,26.843073860601628,42.35189382716691,,0.9086322138247112,29.910268342716908,,,0.4472135954999579,0.5477225575051661,0.5477225575051661,72.09457925520873,
AS14.05,2014-04-15,0.11380069522049255,27.51365777573022,73.74505727046174,27.519894710124046,,,,45.87544880761386,87.27230660235757,,37.523275692709866,3.428053675192382,,,1.4832396974191326,0.4472135954999579,0.7071067811865475,112.95464243091949,
AS14.05,2014-04-16,0.1276087133898208,9.226227706638117,64.43827534188227,3.248965219332107,,,,6.010472714354504,69.73941003558254,,,2.5356715744223135,,,0.5477225575051661,0.4472135954999579,0.44721359549995787,42.89955195685855,
AS14.05,2014-04-17,0.1405562945889957,14.413617579722407,62.37840934657136,5.735915792153955,,,,7.8261552246297805,213.88876977181388,,8.607666984535744,6.3520525580319305,,,1.51657508881031,0.5477225575051661,0.5477225575051663,143.1602012894839,
AS14.05,2014-04-18,0.12365438762779518,18.661109813312716,57.71263670174422,35.23165331514386,,,,60.116735655959985,90.45123129712866,,38.46694531177447,,,,1.2583057392117916,0.0,0.5773502691896257,113.81851895158734,
AS14.05,2014-04-19,0.11299551755449244,11.428363163750273,34.86686293926118,2.3104409720428087,,,,4.833598575265967,104.37399283093815,,33.834691200994676,2.998839859012148,,0.0,0.8366600265340756,0.4472135954999579,0.4472135954999579,80.49959334411565,
AS14.05,2014-04-20,0.04401626188469162,36.65744421012165,47.28650422837163,27.89503426694612,,,,3.2790797946985064,82.7986119485598,,41.6528971413354,7.827372015348872,,,0.8366600265340756,0.0,0.44721359549995787,105.90014175672816,
AS14.05,2014-04-21,0.16319836887564107,25.493990505261294,65.75333083704528,10.779260648661863,,,,3.711166213829106,50.373122055498825,,,16.98063343819953,,,1.6733200530681511,0.0,0.8366600265340756,131.9339960805426,
AS14.05,2014-04-22,0.09130705854466391,30.585259791979162,50.161555128391086,22.931896491766466,,,,23.78451805330051,71.61261672926682,,38.6634832227603,2.6440845296623934,,,1.816590212458495,0.0,0.44721359549995787,71.08305214439338,
AS14.05,2014-04-23,0.15793683951817913,34.86179751735451,67.48841499322923,5.282260820959635,,,,3.7327165375902847,103.68779702527947,,27.262377908025556,,,,0.7071067811865476,0.0,0.44721359549995787,86.20764563836738,
AS14.05,2014-04-24,0.08812858800581064,38.413915264408764,60.938661672148214,5.4479449414643755,,,,2.3155717693579745,100.88284965210175,,7.805938423192094,,,,1.2583057392117916,0.0,0.44721359549995787,130.2512422120269,
AS14.05,2014-04-25,0.08454886611785192,10.588192178915484,49.22022492083287,24.55552868974306,,,,4.024191529570463,80.26124365715958,,30.166179164710872,7.048583752546795,,0.0,0.8366600265340756,0.0,0.44721359549995787,80.86165908577473,
AS14.05,2014-04-26,0.2125895341919157,20.914820332386103,46.272331639310984,39.76253491667894,,,,13.023514919602583,75.66600125659146,,7.10925157804955,7.932519486941981,,0.0,0.8366600265340756,0.0,0.44721359549995804,84.40245932749019,
AS14.05,2014-04-27,0.05958904916240448,20.69216999522068,46.17568601707269,11.738575749099043,,,,49.346569651909086,34.953235619141935,,,10.122277888047586,,,1.140175425099138,0.0,0.547722557505166,53.026097300200696,
AS14.05,2014-04-28,0.0168336198491611,19.511493020913043,66.23334588394678,59.326251050515374,,,,8.880470888415772,93.57056099952948,,28.514423204172772,,,,1.140175425099138,0.0,0.0,101.69209324392763,
AS14.05,2014-04-29,0.08725924904641393,,72.67186837359259,49.445359567493014,,,,18.658663391669737,79.64272537479489,,30.280541398019007,5.687966947864588,,,1.140175425099138,0.4472135954999579,0.44721359549995787,108.83908522985851,
AS14.05,2014-04-30,0.1427190990713245,3.57583899246037,69.9420707948445,7.95441641131613,,,,18.102727925186674,154.87298566540477,,75.6867398439119,,,,0.894427190999916,0.0,0.0,115.61577287881828,
AS14.05,2014-05-01,0.08218153985890886,26.685463632991134,61.277056226274894,2.517006138092148,,,,12.017869489500487,158.40358551918368,,,,,,1.0954451150103321,0.0,0.8366600265340756,82.83902022102973,
AS14.05,2014-05-02,0.013550195255378414,36.18634028109284,77.67773531226932,11.040266611971388,,,,45.95657148668301,162.17782413219925,,17.551873560283827,6.8470719471902735,,,0.447213595499958,0.0,0.7071067811865476,160.93039351539892,0.0
AS14.05,2014-05-03,0.08558557948457783,17.465936299278592,59.67659597967816,3.9772578687514666,,,,5.59153237195911,36.32975302129421,,59.593306549277756,,,,0.9574271077563382,0.0,0.5,99.24367903040692,0.0
AS14.05,2014-05-04,0.155597250170863,11.821405509886153,56.001465188728,9.304325156158763,,,,6.33441438229823,22.616467076004596,,26.870038057286035,,,0.0,0.9574271077563381,0.0,0.8164965809277259,84.64782725439802,
AS14.05,2014-05-05,0.008260584782952426,,4.920319738932963,,,,,,,,,,,,1.5275252316519468,0.0,0.5773502691896257,17.00115615041254,
AS14.06,2014-02-17,,,,,,,,,,,,,,0.0,,,,,
AS14.06,2014-02-18,,,,,,,,,,,,,,0.0,,,,,
AS14.06,2014-02-19,,,,,,,,,,,,,,,,,,,
AS14.06,2014-02-20,,,,,,,,,,,,,,0.0,,,,,
AS14.06,2014-02-21,,,,,,,,,,,,,,0.0,,,,,
AS14.06,2014-02-22,,,,,,,,,,,,,,,,,,,0.0
AS14.06,2014-02-23,,,,,,,,,,,,,,,,,,,0.0
AS14.06,2014-02-24,,,,,,,,,,,,,,,,,,,0.0
AS14.06,2014-02-25,,,,,,,,,,,,,,,,,,,0.0
AS14.06,2014-02-26,,,,,,,,,,,,,,,,,,,0.0
AS14.06,2014-02-27,,,,,,,,,,,,,,,,,,,0.0
AS14.06,2014-02-28,,,,,,,,,,,,,,,,,,,0.0
AS14.06,2014-03-01,,,,,,,,,,,,,,0.0,,,,,0.0
AS14.06,2014-03-04,,,,,,,,,,,,,,0.0,,,,,
AS14.06,2014-03-05,,,,,,,,,,,,,,,,,,,
AS14.06,2014-03-06,,,,,,,,,,,,,,,,,,,
AS14.06,2014-03-07,,,,,,,,,,,,,,,,,,,
AS14.06,2014-03-10,,,,,,,,,,,,,,0.0,,,,,
AS14.06,2014-03-12,,,,,,,,,,,,,,0.0,,,,,
AS14.06,2014-03-13,,,,,,,,,,,,,,0.0,,,,,
AS14.06,2014-03-15,,,,,,,,,,,,,,,,,,,0.0
AS14.06,2014-03-16,,,,,,,,,,,,,,,,,,,0.0
AS14.06,2014-03-17,,,,,,,,,,,,,,,,,,,
AS14.06,2014-03-18,,,,,,,,,,,,,,,,,,,
AS14.06,2014-03-20,,,,,,,,,,,,,,,,,,,
AS14.06,2014-03-21,,,,,,,,,,,,,,,,,,,
AS14.06,2014-03-22,,,,,,,,,,,,,,,,,,,0.0
AS14.06,2014-03-23,,,,,,,,,,,,,,,,,,,
AS14.06,2014-03-24,0.038072570933601564,11.9906279339324,41.747023002206966,23.977856692254882,,,,24.22556287419198,61.13675142583847,,,,,0.0,,,,59.50134658254766,
AS14.06,2014-03-25,0.13999850360433658,60.53377055275289,57.441585235586544,26.54648388104988,,,39.910662571282735,11.356565355188454,61.11597275436609,,,,,,0.8366600265340756,0.8944271909999159,0.9999999999999999,83.70107364876588,
AS14.06,2014-03-26,0.19754632180985054,40.35708017408814,41.26110463503744,16.889007986218168,,,,2.177912371974594,111.4359129430346,30.16115490120296,,,,0.0,0.5773502691896257,0.5773502691896257,0.8164965809277259,98.58842963960461,
AS14.06,2014-03-27,0.15515945427198913,23.92424670844762,42.908400588676926,20.79596051186046,,,,5.237361482655173,60.48607935581496,,,,,,0.9574271077563382,0.9574271077563381,0.816496580927726,93.49558990186183,
AS14.06,2014-03-28,0.1681316265381843,6.401039384350014,44.43360758109666,14.201361506998818,,,12.517911347345452,4.679961286469915,86.44408221131077,22.070923961175705,,,,,1.0954451150103321,0.8366600265340756,0.8944271909999159,127.57104247482917,
AS14.06,2014-03-29,0.1401831516276343,15.233658534092633,47.902583599829434,14.659266168337503,,,,22.302943459702057,37.25331174787654,,,,,,0.7071067811865476,0.7071067811865476,0.8366600265340756,60.792655419631295,
AS14.06,2014-03-30,0.2198190054374842,37.710649015252805,32.90167787876623,38.58256128468951,,242.64581328450737,,1.6426203761064204,154.39630275175156,,,,0.41936897039878057,,0.7071067811865476,0.4472135954999579,0.44721359549995787,172.0943788236832,0.0
AS14.06,2014-03-31,0.15876471092928252,23.921021567954522,35.26052373836334,29.85211548087483,,,,1.3163529921719326,118.34892405759437,,,,,,1.0954451150103324,0.5477225575051662,0.7071067811865476,107.60811968974375,
AS14.06,2014-04-01,0.16978697310717497,17.22560336304806,56.11158517636552,12.754993574997897,,,,4.936754875421708,87.34636542736027,,,,,0.0,1.1547005383792515,0.9574271077563381,0.9574271077563382,179.9053380114772,
AS14.06,2014-04-02,0.13092436550286918,15.536601045416738,49.67892435003582,14.32665008464861,,,12.919145534180402,3.8753650408703435,76.50438284540368,,,,,0.0,0.5477225575051662,0.8944271909999159,0.44721359549995804,111.80956304947432,
AS14.06,2014-04-03,0.2175349468592757,10.939473134549875,46.339156110964446,41.077064551687535,,,,4.149288404855303,70.05546436844874,31.828386872674944,,,,0.0,1.224744871391589,0.5477225575051661,0.8366600265340756,83.74357290886682,
AS14.06,2014-04-04,0.1723254687411898,36.4907413056102,51.3930485616148,20.780378963941754,,150.73907307352883,,1.5780010456270301,112.76337037777677,96.3230218587436,,,,,0.8944271909999159,0.8366600265340756,1.0,156.84145098513528,
AS14.06,2014-04-05,0.30284997847118456,31.607717965712112,41.01572505036417,14.466872204280072,,,,4.824988994806103,111.55055739518504,33.86543998434589,,,,0.0,0.8944271909999159,0.4472135954999579,0.7071067811865476,73.55240549648241,
AS14.06,2014-04-06,0.03230959169287226,4.498646787275776,51.573950131409774,18.396877761496068,,,,15.204305597428647,131.87305769879208,,,,,,1.224744871391589,0.5477225575051661,0.7071067811865475,203.7404985880407,
AS14.06,2014-04-07,0.1559216441937716,34.103122585635894,54.14432481095337,12.552199971301874,,,,1.3296829697337635,85.72655011225639,,,,,0.0,0.5477225575051662,1.0,1.3038404810405297,122.14142348184805,
AS14.06,2014-04-08,0.14263908369161402,23.93188954666652,52.98016060639543,24.16133033682354,,,49.809349537344225,2.6962761727983278,106.16060059015008,,,,,0.0,1.0954451150103324,1.0,1.6733200530681511,77.78159621649894,
AS14.06,2014-04-09,0.14442720655983438,39.88008060602257,51.536149027810836,22.17387737375146,,,,5.264964035964538,65.99208403643019,172.24272661566874,,,,,1.140175425099138,0.4472135954999579,0.894427190999916,111.55870843977134,
AS14.06,2014-04-10,0.20981036313208046,41.21383109318737,41.15804512329531,9.630233380541764,,,,6.229540749716705,61.516857463294706,35.94234615280949,,,,,0.8366600265340756,0.4472135954999579,0.547722557505166,101.8293550926243,0.0
AS14.06,2014-04-11,0.16742785282049577,11.934806064616216,37.996990113687076,15.123304146495997,,,,6.318976554791132,80.26196703265734,18.843730734650183,,,,,0.8366600265340756,0.7071067811865476,0.8366600265340755,109.08074395764149,
AS14.06,2014-04-12,0.27446734675192463,32.69086397089615,30.222435162600792,61.66543541408844,,,,20.456448538297156,101.29451751205491,45.210286268724296,,,,,1.3416407864998738,0.7071067811865476,1.30384048104053,121.88832824216398,
AS14.06,2014-04-13,0.2653700406833542,23.451488021406696,63.43947498531907,9.756471666585771,,,,5.7945020407279175,101.53675204620902,31.342912791652783,,,,0.0,0.5,0.5773502691896258,0.5773502691896257,114.8155163366549,
AS14.06,2014-04-14,0.13745423959924832,39.511156924693786,37.728867343650606,10.834248070460712,,,,2.409881394038581,37.95019439818845,,,,,0.0,0.9574271077563382,0.5,1.2583057392117916,82.65137550259989,
AS14.06,2014-04-15,0.17777565419985253,23.087570959309893,50.3851458203613,14.764365025357346,,,,6.7838130354543225,72.96520020260996,,,,5.689381161426962,0.0,0.8944271909999159,0.8944271909999159,1.4142135623730951,66.53968024141898,
AS14.06,2014-04-16,0.12651241035240363,15.958189283007886,54.61081042970621,30.798130582074847,,,,3.039334976602613,62.194554555189825,18.302560701989215,,,,,1.0,0.894427190999916,1.6733200530681511,149.3362246355976,
AS14.06,2014-04-17,0.17618841072730912,14.434935967990992,52.66470580973713,34.63321017317484,,,20.825911796692992,51.93828914362377,70.10080260777046,,,,,,0.8366600265340756,0.894427190999916,1.0954451150103324,142.1495110405501,
AS14.06,2014-04-18,0.1715398660788519,25.628200024582295,39.82430201110605,36.56273064619797,,,,3.6766731565370336,62.274219081916236,54.14829414012702,,,,0.0,0.0,1.0,1.707825127659933,122.26188453982863,
AS14.06,2014-04-19,0.13855227929640374,20.058014227485234,65.95702470198908,17.071601593058936,,,,9.115076231167789,24.17050486577942,,,,,0.0,0.8366600265340756,0.894427190999916,1.3038404810405297,74.21435844741109,
AS14.06,2014-04-20,0.04295551652659115,18.877549933717564,52.871992931918165,29.87306213235065,,,,4.853016986027009,123.9599268537415,,,,,,0.8944271909999159,0.4472135954999579,1.095445115010332,167.98917714513667,
AS14.06,2014-04-21,0.05901364725890375,7.596684035375786,36.46598181079397,23.718794029453935,,,,5.875226991359567,155.2013160994455,45.88801880937986,,,,,1.0954451150103321,0.894427190999916,1.224744871391589,67.28848357327512,
AS14.06,2014-04-22,0.12432510697844987,37.467587180836645,46.197221218418974,23.70862193037535,,,4.758161654813057,7.154381825147439,52.31072219194948,65.44402562750348,,,,0.0,0.8944271909999159,1.140175425099138,1.51657508881031,105.38406057574032,
AS14.06,2014-04-23,0.13777012939881508,18.296511904533258,45.50386626249885,20.465971048038323,,,26.639785741130375,27.979334836029725,88.01395262502048,26.632222988953316,,,,0.0,1.0,0.4472135954999579,0.7071067811865476,104.74221619235132,
AS14.06,2014-04-24,0.21387465140856826,48.261467071939464,54.43755549364529,14.040328613318241,,,,16.45312711006634,78.14503358123129,30.13517481227986,,,,0.0,0.9574271077563381,0.5,0.4999999999999999,87.02567802059312,0.0
AS14.06,2014-04-25,0.22947922408295326,42.49790393441438,38.13543958352046,35.279141006894044,,,32.253261610261994,2.887969644346468,137.50525134126556,20.019925232960617,,,,0.0,0.0,0.894427190999916,0.894427190999916,97.74271637168846,
AS14.06,2014-04-26,0.22746209492930827,19.458048848935903,46.27969825864158,16.787316204220428,,,13.82233193836285,18.95267726030635,100.58117225414597,,,,,0.0,1.1547005383792515,0.0,1.0,109.7664355844468,
AS14.06,2014-04-27,0.05849660637653603,,35.1929241449702,10.19756981773588,,,,5.091015291668255,68.0512796320841,31.336144115063036,,,,,0.5477225575051661,0.0,0.44721359549995787,80.01160459624015,
AS14.06,2014-04-28,0.17262596568736555,12.87367987730522,42.38592259134409,15.394620332935549,,,7.899089852634924,0.9558683225214654,73.17142993814278,,,,,,0.5,1.0,1.2583057392117918,100.93343517111462,
AS14.06,2014-04-29,0.150221253558698,19.812196500227742,56.35090307393351,29.57520682959793,,,,4.900303893637619,112.19748919390406,,,,,0.0,1.1547005383792515,0.0,0.9574271077563381,120.51422065373264,
AS14.06,2014-04-30,0.10899268519845617,15.5900477292406,45.386252290655605,23.69254462998788,,,20.123120069545212,1.7895560343280674,74.81308820856506,,,,,,0.894427190999916,0.8944271909999159,1.6431676725154984,120.78295445186636,
AS14.06,2014-05-01,0.15368871363988795,16.758062310298087,40.06790581891938,54.252368303263765,,,,5.859408562303878,172.21594728892623,29.094604762186705,,,,0.0,1.0,0.0,0.9999999999999999,119.3428864032304,
AS14.06,2014-05-02,0.1914960356885213,11.970785735373523,34.84858906580797,6.969906932854191,,,,2.303926322606693,97.95950538307058,38.18148308146241,,,,0.0,0.5,0.0,0.44721359549995787,141.50764620943522,
AS14.06,2014-05-03,0.24981375779707712,0.0007071067811863127,45.13013794293973,7.66827711011411,,,,9.517225844050706,42.63195950366605,,,,,,0.5,0.816496580927726,1.707825127659933,86.46745582735245,
AS14.06,2014-05-04,0.19776559510286512,28.971542185889724,44.00660257156495,3.2313127747975936,,,,23.82175460722124,130.51472688425903,,35.20331110137227,,,,0.4472135954999579,0.5,0.5477225575051662,108.52195630113229,
AS14.06,2014-05-05,0.10789934778941146,3.2488111979614946,50.116438001634826,13.958276890604596,,,,2.324043656359895,117.89165146543507,,,,,,0.5773502691896258,0.5773502691896258,0.0,100.7630646028758,
AS14.06,2014-05-06,0.14928526988420812,23.123713022686378,47.34464565043932,14.311748461363894,,,19.438999374875976,,95.05400499592218,,,,,,,,,145.54259717152817,
AS14.06,2014-05-07,0.17104469774776426,32.41429426343401,41.677538041979275,19.870630117399607,,,113.58397647555749,41.10748785136353,68.10236573153873,,,,,0.0,0.5773502691896257,0.9574271077563381,1.2583057392117918,126.68285943407628,0.0
AS14.06,2014-05-08,,,15.615039048942517,9.141476467179686,,,,,,,,,,,,,,,
AS14.07,2014-03-17,,,,,,,,,,,,,,,,,,,
AS14.07,2014-03-18,,12.986681708778736,77.65222307110966,52.064056561765014,,,,21.125277857738737,83.75962665867131,,,,,0.0,,,,435.54100762592304,
AS14.07,2014-03-19,,20.832939619228316,44.91490223382041,38.4380570349107,,,,6.250740265493892,96.48939531091834,23.63980049196693,22.101404183017674,,,,1.0,0.5477225575051662,0.8366600265340755,86.98730177814016,0.0
AS14.07,2014-03-20,,24.862129014744283,68.07926431874559,85.74812246875535,,,,6.342288148009435,72.36906829299096,,,,,,0.5,0.9574271077563381,1.2583057392117916,102.49474177379011,
AS14.07,2014-03-21,,25.888708830740324,44.77629373666674,125.58404159990499,,,,9.128278103939273,108.98951849198981,85.38087739066634,,,,,0.5773502691896258,1.7320508075688772,1.7320508075688772,131.90949235343697,
AS14.07,2014-03-22,,24.830610331476215,67.84421642605514,175.55161981964167,,,,67.76068982824776,106.36674833595147,,,,,,0.894427190999916,1.224744871391589,2.345207879911715,110.04923761478291,
AS14.07,2014-03-23,,17.379856044109758,36.49586901374735,110.35490546233095,,,,26.978250738635126,42.484544587526464,,,,,,0.816496580927726,0.5773502691896257,0.9574271077563381,59.4255075207058,
AS14.07,2014-03-24,,20.95709444069284,29.24632511541792,83.08459855773512,,,,122.04733753957927,151.05736995923104,,,,,0.0,0.7071067811865476,0.0,0.0,83.0533207698592,0.0
AS14.07,2014-03-25,0.1738721337671024,25.34846930147284,41.29648730827697,98.84097001749831,,,,13.258977290877302,159.76930168119418,8.147284332831395,,,,0.0,1.2247448713915892,0.5163977794943223,1.632993161855452,95.5365819730449,
AS14.07,2014-03-26,0.14143370173221914,18.247498151832204,43.7273553981318,100.2550136501911,,,,22.501654110309314,47.574080939812774,94.38107761887443,,,,0.0,0.8366600265340756,0.894427190999916,1.6733200530681511,93.10779587912667,0.0
AS14.07,2014-03-27,0.14952852365942002,26.420563944596953,49.08002246713615,,,,,2.9219858486994763,75.26987920768546,32.34023574434794,,,,0.0,1.3038404810405297,1.51657508881031,2.7748873851023212,115.05634841670953,0.0
AS14.07,2014-03-28,0.13875720454177679,21.596769755282796,61.058147624871864,108.89521578169932,,,,97.1673587785528,119.63834628397218,64.62223948267663,42.05743575726164,,,,0.9574271077563381,0.5773502691896257,0.9574271077563381,145.02527289030678,
AS14.07,2014-03-29,0.07018896867366738,17.620982168884257,45.68618503141131,128.0072474006657,,,,25.559008648522305,87.74057449445866,146.0749684100599,,,,,1.3038404810405297,0.7071067811865476,2.449489742783178,129.5924334593213,0.0
AS14.07,2014-03-30,0.14386903510613294,16.178395134339894,59.718148313569536,72.56891920328792,,,,5.642987302838808,97.5684457100385,34.0556010110264,,,,0.0,0.8366600265340756,1.224744871391589,2.4899799195977463,146.8349763171944,
AS14.07,2014-03-31,0.12061432041276318,23.246343748718218,49.202095951569014,98.4435117116664,,,,1.8353536216943778,76.19641678393486,37.476692254431065,,,,0.0,1.7320508075688772,1.0,2.081665999466133,83.17358951360455,
AS14.07,2014-04-01,0.14500558057481822,18.06944167079598,41.468715586502256,171.18516284551194,,,,4.08700792756755,131.14559098214306,,,,,0.0,0.7071067811865476,0.4472135954999579,1.140175425099138,103.9955893425069,0.0
AS14.07,2014-04-02,0.21347951318315309,16.94529927778101,30.521535240908175,186.28493855650274,,,,27.08429043283209,190.0305460832401,10.429117915720386,,,,0.0,0.5,0.9574271077563382,1.9148542155126762,121.90903269696456,0.0
AS14.07,2014-04-03,0.16337367311142792,20.85350960945285,51.0149737939002,22.047832402906792,,,,3.4361207342001245,66.84205978367962,74.65980160925513,,,,0.0,1.5165750888103102,1.3038404810405297,1.7888543819998317,73.41710131469107,
AS14.07,2014-04-04,0.09011320501994849,15.054741593452016,53.17699865680518,185.90336910357652,,,,30.597578823513327,110.44098242759084,,,,,0.0,0.9574271077563381,0.816496580927726,1.7320508075688772,106.75813785840471,0.0
AS14.07,2014-04-05,0.24084378636281822,15.357493118303791,31.343017475456822,93.50291961484412,,,,37.84062527672255,37.97281352326592,32.757694897535146,,,,0.0,0.0,0.5773502691896258,1.0,67.72193878299255,0.0
AS14.07,2014-04-06,0.11101584802081958,18.07529674318308,57.249723787710295,147.1020522018643,,,,28.59163711501436,141.4379158564781,,,,,0.0,0.9574271077563382,0.816496580927726,1.8929694486000914,71.43748364347255,0.0
AS14.07,2014-04-07,0.13852243787452964,25.65027394593041,39.252873385385605,293.22661388331755,,,,34.52281452342853,196.78822364194338,,,,,,0.8944271909999159,0.8366600265340756,0.8944271909999159,59.2635969589617,
AS14.07,2014-04-08,0.11045830498627662,16.77354457427575,61.351598396813344,161.60401483075282,,,,28.30093655609971,77.06121689777981,,18.05493245323585,,,,1.140175425099138,0.894427190999916,1.3038404810405297,103.95254643293012,
AS14.07,2014-04-09,0.1510752828338132,19.150510628987746,37.72314681915811,107.69806612469883,,,,24.15320976944196,52.97949573432854,,,,,0.0,0.7071067811865476,0.5477225575051661,0.8944271909999159,105.44336955010938,0.0
AS14.07,2014-04-10,0.17364576948739507,17.485514027522818,54.90258578602898,,,,,1.7879202163407628,232.77514314691481,,,,,0.0,0.5477225575051661,1.224744871391589,1.3038404810405297,39.03355983141272,0.0
AS14.07,2014-04-11,0.12486479777295349,11.774246644372287,51.49468918242357,,,,,4.055434666386988,55.46050616880448,29.37625616585991,,,,,0.7071067811865476,1.4142135623730951,3.5355339059327378,154.39398586395782,
AS14.07,2014-04-12,0.20719942853478818,19.02466355521258,60.87282255545183,72.00147878987329,,,,24.970963622775955,88.62103670105478,56.48629401646284,,,,0.0,0.0,0.5,0.8944271909999159,130.74406126977848,0.0
AS14.07,2014-04-13,0.031801692168793604,15.740884230315482,42.87447378536739,259.5571443924109,,,,4.704902251907047,108.61868645068733,,,,,0.0,0.5,0.0,0.5773502691896257,53.56454244939556,
AS14.07,2014-04-14,0.04368373900224918,20.80377701757731,43.19045576283309,97.95343041593796,,,,21.740866005443912,72.16778896144271,,,,,0.0,1.0954451150103321,0.8944271909999159,1.7888543819998317,85.05181152862853,
AS14.07,2014-04-15,0.03908640114489209,18.04158326840439,73.69289555683099,69.17534880986626,,,,11.288160682030234,151.65208838371748,,,,,,1.2583057392117916,1.0,2.449489742783178,111.84065554573331,
AS14.07,2014-04-16,0.13939209215480253,24.21203901940698,39.07414887656709,,,,,71.77871640101806,201.76038798884852,,,,,0.0,0.5,0.816496580927726,0.9574271077563381,98.93212737823772,0.0
AS14.07,2014-04-17,0.21291116961145548,25.35167719230083,28.207139978059825,,,,,13.182851852564632,110.84177991527254,,,,,,0.8366600265340756,1.140175425099138,1.7888543819998317,138.51262881480636,
AS14.07,2014-04-18,0.10849892299329619,25.001384612249865,81.24626676865584,,,,,18.34075460698309,167.5480112094739,,,,,,1.0,0.5477225575051661,0.8366600265340755,60.70594616852161,0.0
AS14.07,2014-04-19,0.008482460105010133,31.862308942401295,45.85174234736765,,,,,28.462492898549836,110.76840545390188,,,,,,0.9574271077563382,0.5,1.414213562373095,150.51621172615413,
AS14.07,2014-04-20,0.17800078479625792,9.48831925583523,78.00076729222693,,,,,,228.05016693025388,,11.396084517646107,,,,,,,200.3849669234703,
AS14.07,2014-04-21,0.11317076935980934,19.31080997372771,71.73644829943044,57.14727637137807,,,,16.639742013224446,82.11125485891783,12.61407786958682,23.524735503295247,,,,1.140175425099138,0.8366600265340756,1.140175425099138,140.15321002621698,
AS14.07,2014-04-22,0.16777027208484457,28.409602849140963,57.080300657815854,,,,,25.344908138848457,18.158343699378584,,,,,,0.8366600265340756,0.5477225575051662,1.224744871391589,114.22085078985013,0.0
AS14.07,2014-04-23,0.11203811781208436,16.204722116259887,64.95736699451245,119.88275759048922,,,,28.426910323963572,86.40493819118339,,,,,0.0,1.1547005383792517,1.0,1.0,155.35210636082553,
AS14.07,2014-04-24,0.260799115302704,13.927317515719725,52.27908454053371,,,,,28.829646335660897,49.99861983795153,,,,,0.0,0.8944271909999159,0.8944271909999159,1.1401754250991378,81.94314108983717,
AS14.07,2014-04-25,0.14501192063276686,20.21665588113832,46.04205140685601,,,,,0.5871660753143012,157.8618927067792,,,,,0.0,0.5773502691896258,0.5773502691896258,3.214550253664318,51.5011799277956,
AS14.07,2014-04-26,0.03835567501357985,24.716517393969138,75.61804523795213,93.51202020596068,,,,38.086213296752334,79.76868167933436,,242.841681862896,,,,0.5477225575051661,0.8366600265340756,1.3416407864998738,80.91143962521163,
AS14.07,2014-04-27,0.024911591375911174,18.1241919601491,49.97290947855306,145.58119843349738,,,,42.20896023121157,83.07018528389112,,,,,,0.894427190999916,0.5477225575051661,1.0,78.22305480677528,
AS14.07,2014-04-28,0.1333260323440802,20.75207883582383,53.20103577508244,148.56612950271736,,,,69.25250366733641,119.37767685094074,,40.91919110622642,1.060323692715264,,0.0,0.5,0.5,1.2583057392117918,70.3805331747536,0.0
AS14.07,2014-04-29,0.15662901533614426,21.794977945431153,52.15583098182443,117.05233523727752,,,,4.324054840848652,59.44268304341586,,17.155697897005915,,,,,,,118.80617433440915,0.0
AS14.07,2014-04-30,0.04136018525239052,28.339997716165705,55.14450333614394,228.3858122505278,,,,,89.34815008045774,,37.76628449159382,,,,0.0,0.7071067811865476,1.4142135623730951,101.25082310228346,
AS14.07,2014-05-01,0.16502620236477106,18.719291462253064,44.41527254948918,155.62775892815523,,,,7.2480979573954425,129.53691094653843,,63.829822030928455,,,,0.5773502691896258,0.5773502691896258,1.0,172.87953019430157,
AS14.07,2014-05-02,0.09002611348285083,21.424026349036925,54.51867085801009,,,,,91.68395327300556,55.91217220452795,,72.88361725724101,,,,1.3416407864998738,0.5477225575051661,1.4832396974191326,89.12475248050545,
AS14.07,2014-05-03,0.1525134956146684,14.67386802877571,23.842404912863703,189.9882783963263,,,,4.514673806969151,72.64316744392218,,,,,,1.1547005383792517,1.0,1.5275252316519465,142.15690293943706,
AS14.07,2014-05-04,0.11386408460047784,30.95234592667463,60.49084239209487,80.60809905545058,,,,,34.15465620526724,,,,,,,,,152.5728095325988,
AS14.07,2014-05-05,,,,,,,,,,,,,,,0.7071067811865476,0.7071067811865476,0.7071067811865476,,
AS14.08,2014-02-17,,,,,,,,,,,,,,,,,,,0.0
AS14.08,2014-02-18,,,,,,,,,,,,,,,,,,,0.0
AS14.08,2014-02-25,,,,,,,,,,,,,,,,,,,
AS14.08,2014-02-28,,,,,,,,,,,,,,,,,,,0.0
AS14.08,2014-03-03,,,,,,,,,,,,,,,,,,,0.0
AS14.08,2014-03-05,,,,,,,,,,,,,,,1.0,1.1547005383792517,1.1547005383792515,,
AS14.08,2014-03-06,,,,,,,,,,,,,,,0.5477225575051661,0.8944271909999159,0.8366600265340755,,0.0
AS14.08,2014-03-07,,,,,,,,,,,,,,,0.894427190999916,0.4472135954999579,0.8944271909999159,,0.0
AS14.08,2014-03-08,,,,,,,,,,,,,,,1.5811388300841898,0.7071067811865476,1.4142135623730951,,
AS14.08,2014-03-09,,,,,,,,,,,,,,,1.224744871391589,1.0954451150103321,1.3038404810405297,,
AS14.08,2014-03-10,,,,,,,,,,,,,,,0.0,1.51657508881031,1.7888543819998315,,0.0
AS14.08,2014-03-11,,,,,,,,,,,,,,,0.8944271909999159,0.8944271909999159,1.1401754250991378,,0.0
AS14.08,2014-03-12,,,,,,,,,,,,,,,1.51657508881031,1.224744871391589,1.8708286933869707,,
AS14.08,2014-03-13,,22.816989993503444,70.44090598982005,,,,,31.74545847580856,44.671740361963366,,,,,,1.414213562373095,0.894427190999916,1.5165750888103104,68.01106858392927,0.0
AS14.08,2014-03-14,,28.55469855374197,20.554152987251346,,,,,1.1582921911158683,35.79195003777545,48.19740488806887,22.57761651767182,3.517526972178039,,,1.0954451150103324,0.4472135954999579,0.5477225575051662,91.49945682073887,0.0
AS14.08,2014-03-15,,12.206742209851807,19.098268295667033,9.25744197929428,,,,9.992095123980087,40.54728830226094,,,,,,0.5477225575051661,0.5477225575051661,1.3416407864998738,69.64463926313068,0.0
AS14.08,2014-03-16,,36.385652577630104,8.09987530062743,,,,,2.496976568200602,35.251074900080866,,,,,,0.5,0.5,0.8164965809277259,43.49777586597338,
AS14.08,2014-03-17,0.013608276348795419,2.722692683824131,35.65770548442295,,,,,3.1580671743612068,41.59581972108773,,,,,,0.7071067811865476,0.8366600265340756,1.140175425099138,80.62411457911045,
AS14.08,2014-03-18,0.06643330685727654,0.17819090885900982,59.71666814905429,78.71105871688765,,,,2.376274214575654,29.504593972733012,,,,,,0.8366600265340756,0.5477225575051661,1.1401754250991378,100.78818656096131,
AS14.08,2014-03-19,0.12757065946485213,5.057199269907758,58.506291062282486,9.410246591703464,,,,4.789418448144677,63.95700818019173,,,1.4919953083036168,,,0.8366600265340756,0.0,0.7071067811865476,69.3096146524439,
AS14.08,2014-03-20,0.13804163621610982,18.104870457052893,17.32542545993163,,,,,2.4154766856766843,61.59361784651943,,,,,,0.8366600265340756,1.0954451150103321,1.51657508881031,62.69357555557667,
AS14.08,2014-03-21,0.016265629043352072,21.69060812816683,49.02544491934374,,,,,3.5309397170886796,39.75424289429793,,,7.0008586854280495,,,0.8944271909999159,0.894427190999916,1.5165750888103104,64.35137617976117,0.0
AS14.08,2014-03-22,0.057487924242676444,0.593866146534722,20.03510077630964,,,,,2.5175505764059443,22.293615217754,,,,,,0.5477225575051662,0.4472135954999579,0.8944271909999159,54.18704934031919,
AS14.08,2014-03-23,0.09405507146049624,4.141001918582733,32.886073587905976,,,,,5.020166445732367,34.32385867342617,43.44282639922927,,18.270717288875115,,0.0,0.8366600265340756,0.4472135954999579,0.8366600265340756,52.817167507526506,
AS14.08,2014-03-24,0.1177937622594241,1.1506011906825058,22.834784950450782,,,,,3.3642970255597935,90.42142826521064,,,0.7035712472806146,,,0.4472135954999579,0.0,0.44721359549995787,106.04980256815095,
AS14.08,2014-03-25,0.05056503947262427,27.85023993912201,2.6858478917161146,52.89017301919138,,,,2.211110386854791,36.94218092157861,,,,,,0.8944271909999159,0.0,0.4472135954999579,38.04538619515317,
AS14.08,2014-03-26,0.15983379075414578,18.76465298986499,18.703533124063263,,,,,4.062722633899587,30.72793194086835,,,,,,0.5,1.0,1.7320508075688772,59.54013096409225,0.0
AS14.08,2014-03-27,0.13287046469477534,7.199509004174228,57.76522889392321,,,,,2.5256010505752227,47.26152924559292,,,11.337750129545103,,,1.0954451150103321,0.5477225575051661,1.505545305418162,152.93763042993498,0.0
AS14.08,2014-03-28,0.02847348157921821,16.75062819919204,30.107641058819844,,,,,5.1166207877577055,42.85641972378381,,24.107392679886022,,,,0.9574271077563381,1.0,1.5,44.548780998693445,0.0
AS14.08,2014-03-29,0.04625194084909242,10.812889704730493,26.30345097323637,29.22747480682061,,,,3.2216652569405433,34.91453055530656,,,,,,1.1690451944500122,0.6324555320336759,1.329160135825126,64.9096151867292,0.0
AS14.08,2014-03-30,0.1904122767243015,2.7393316703166857,13.592955571689075,,,,,2.179842165540126,42.86943383305484,,,,,,1.0,0.5477225575051661,1.3038404810405297,39.46306308264416,
AS14.08,2014-03-31,0.14378220000466652,,34.03729123882757,5.777663108904846,,,,2.997900976794708,22.60030682031318,,,,,,1.4142135623730951,0.4472135954999579,0.8944271909999159,44.23180455533412,
AS14.08,2014-04-01,0.09721990142088326,2.528926533277368,68.50303756572237,13.27630577314875,,,,3.9232788512218257,76.10091605593445,,,,,,0.0,0.0,0.44721359549995804,122.47259420170975,
AS14.08,2014-04-02,0.011681722852598374,18.24901180886242,42.91037172222097,,,,,2.8150846691430877,20.305184584238578,,,,,,0.894427190999916,0.4472135954999579,0.8944271909999157,57.03200306114789,
AS14.08,2014-04-03,0.1388729599134224,1.4963058250980052,48.58430469219313,,,,,8.129345557104408,54.50989675373238,,,9.961321799841626,,,1.0,0.5773502691896257,1.0,82.95760295646777,
AS14.08,2014-04-04,0.08389980055550228,18.00221818887273,15.819374360634644,,,,,2.452018630978702,33.33934399658319,,,,,0.0,1.5,0.5,0.5773502691896258,55.741489463969856,
AS14.08,2014-04-05,0.2361298863461253,0.8957466159578839,55.614960185280026,,,,,2.8085830947294403,28.84045858913445,,,3.554625789024774,,,1.3038404810405297,0.4472135954999579,0.8944271909999157,95.90631767975147,
AS14.08,2014-04-06,0.01352491531862002,28.477321179902674,29.198185082586196,3.3941125496954285,,,,0.8308710489600655,29.654270944200032,,,,,,1.1547005383792515,0.5,0.5477225575051663,96.80262546178697,
AS14.08,2014-04-07,0.15133100831902155,17.001997231949623,12.451026317598433,153.21074466672803,,,,2.8476456222190976,46.2737364414294,,,,,,0.7071067811865476,0.0,0.0,55.58929329425874,0.0
AS14.08,2014-04-08,0.08867636762604962,2.307262822394044,38.56743535383959,35.961329570804246,,,,3.5581645248237597,32.00115647852174,,,0.7742819253992694,,,0.5,0.5773502691896257,0.5773502691896258,74.36765804040904,
AS14.08,2014-04-09,0.11732652800914668,18.731158478440257,72.03070466614628,,,,,24.010110814682495,35.7174159287758,,,,,,0.9574271077563381,1.0,1.5,103.82755482840999,
AS14.08,2014-04-10,0.20777728969414022,6.963305612468231,47.440404917105695,,,,,21.17795553635903,20.72452159700021,,,6.983843068110853,,,0.8366600265340756,0.5477225575051662,1.140175425099138,84.45287318609708,
AS14.08,2014-04-11,0.12065981589153263,2.4198177617333085,21.647006380728765,5.697159336020015,,,,3.2289094202910746,36.602121244628044,,,,,,0.5477225575051661,0.0,0.5477225575051661,54.089483803043564,
AS14.08,2014-04-12,0.059247412721798856,,15.536237021772786,,,,,17.610733338254573,60.727606017599506,,,,,,0.7071067811865476,0.4472135954999579,0.7071067811865475,50.61435030395342,
AS14.08,2014-04-13,0.010333422288126805,0.5106724325174927,28.777822711627245,123.95603299691926,,,,25.406794441832368,31.37393767232914,,,,,,1.4142135623730951,0.4472135954999579,0.5477225575051662,150.45975429651497,
AS14.08,2014-04-14,0.13102876316521664,1.9721276179645324,62.959636574704525,,,,,16.051986353766786,81.35607314743284,,,4.839930259483773,,,0.8366600265340756,0.5477225575051662,1.1401754250991378,116.61905641430094,
AS14.08,2014-04-15,0.09528028513002688,23.173658267841656,11.519012539209319,,,,,3.069377050183062,32.54353520241138,,,,,,1.3038404810405297,0.5477225575051661,0.8944271909999159,42.589979233428366,
AS14.08,2014-04-16,0.1337520630570755,13.94601968834187,57.93140857775607,8.615389021976895,,,,2.1678174013773126,48.98141279693077,,,2.3880800865967626,,,1.3416407864998738,0.4472135954999579,0.8944271909999159,80.29458555179839,
AS14.08,2014-04-17,0.14704994194614177,14.564034348189313,30.78874127114786,38.41458382242349,,,,45.288197235475,30.425862376578014,42.336420245457695,,,,,0.7071067811865476,0.4472135954999579,0.8366600265340756,77.58501676535096,
AS14.08,2014-04-18,0.10842690189559472,0.5675845751956268,15.49886505898631,,,,,5.063187138552159,68.28157159592836,,,,,,0.8944271909999159,0.5477225575051661,1.0,65.48868365441574,
AS14.08,2014-04-19,0.11373194680167124,24.285326681754267,85.06887038660282,19.684092367526965,,,,3.1415421571260187,93.19366876725262,,,,,,1.3416407864998738,0.4472135954999579,0.4472135954999579,51.30960515559024,
AS14.08,2014-04-20,0.011323430300793785,8.945303188984548,7.35038545928035,38.23008257467759,,,,1.1353401692884826,82.43613859332487,,,,,,0.8366600265340756,0.4472135954999579,0.8944271909999159,97.6043609363794,
AS14.08,2014-04-21,0.07933067246176773,10.541414892503639,50.7684799884075,,,,,2.409816237807356,39.90297018885277,,,,,,1.4142135623730951,0.5477225575051662,1.140175425099138,64.19154538409295,
AS14.08,2014-04-22,0.14108535900041874,19.51717488338339,38.80974480866859,,,,,2.2109075059802934,61.09327017839589,,,,,,0.8944271909999159,0.5477225575051661,0.7071067811865475,88.8682194655055,
AS14.08,2014-04-23,0.18566578602455047,20.639617770127664,30.117773511938108,,,,,2.9625733665819913,27.419248209649236,,,,,,0.7071067811865476,0.5477225575051661,0.8944271909999159,56.84031769118964,
AS14.08,2014-04-24,0.19269782010712302,1.1887905218169872,27.191095822665435,25.91289908520465,,,,3.139905237423575,49.88637405751255,,,,,,1.5275252316519468,1.0,1.5275252316519465,98.01618816071807,
AS14.08,2014-04-25,0.06055969585065203,17.170461560482295,58.84264464875164,,,,,1.3642942131373277,59.467820376816235,,,,,,0.8944271909999159,0.8366600265340756,1.0327955589886444,144.29153043997027,
AS14.08,2014-04-26,0.13091402217319978,19.510940237527787,19.91296157208738,,,,,2.18040482479745,24.459808657702713,,,,,,1.0,0.5,0.816496580927726,30.024108544436327,
AS14.08,2014-04-27,0.012907968430863932,27.03882065880551,100.93625497892384,,,,,1.9146908366626711,63.85848937369963,,,,,,0.752772652709081,0.5163977794943222,0.8944271909999159,264.41391505132697,0.0
AS14.08,2014-04-28,0.06017347701432786,29.95350120047182,13.420287481772014,,,,,5.123625405901567,31.674483747875737,,,,,,0.8366600265340756,1.1401754250991378,1.7888543819998317,47.88543917197596,
AS14.08,2014-04-29,0.05900137099680764,1.8759979439525742,44.63963855450022,11.217973390947224,,,,3.7687220977408247,52.1015346406331,,,,,,0.9574271077563381,0.9574271077563381,1.5,91.86435783180693,
AS14.08,2014-04-30,0.07978005191269284,3.2521690838577255,20.94090050250514,42.03008552215901,,,,1.4883291638612743,27.081301641457124,,,,,,0.8366600265340756,0.6324555320336759,1.0327955589886444,48.609916665607024,
AS14.08,2014-05-01,0.07123619124874377,21.993558165972146,58.16595722618567,2.0021437469206185,,,,3.8535200877466127,40.128640683708966,,,,,,0.894427190999916,0.4472135954999579,1.224744871391589,74.2830227767166,
AS14.08,2014-05-02,0.21663893858156916,3.395230281831656,7.84498042314152,,,,,3.878686568930261,41.510480534657525,,,,,,0.5477225575051662,0.0,0.44721359549995787,47.84601239386233,
AS14.08,2014-05-03,0.2458765990839114,12.420837834669268,28.43571919424311,,,,,2.8635461756360767,33.15433278268696,,,5.756712748319709,,,1.3416407864998738,0.0,0.5477225575051661,33.99577145277033,
AS14.08,2014-05-04,0.11513547497692701,15.893413909263689,27.996154865469116,,,,,1.7458626330079166,86.33611097954743,,109.28254815843194,,,,0.8366600265340756,0.0,0.8366600265340756,76.55961967168172,
AS14.08,2014-05-05,0.00727677049857208,,5.243176298771576,,,,,4.232239310735316,42.960138271813484,,,,,,1.0,0.0,0.5773502691896257,51.79570318226389,
AS14.09,2014-02-17,,,,,,,,,,,,,,0.0,,,,,
AS14.09,2014-02-18,,,,,,,,,,,,,,,,,,,
AS14.09,2014-02-19,,,,,,,,,,,,,,,,,,,
AS14.09,2014-02-22,,,,,,,,,,,,,,0.0,,,,,
AS14.09,2014-02-23,,,,,,,,,,,,,,,,,,,
AS14.09,2014-02-24,,,,,,,,,,,,,,,,,,,
AS14.09,2014-02-25,,,,,,,,,,,,,,0.0,,,,,0.0
AS14.09,2014-02-26,,,,,,,,,,,,,,0.0,,,,,
AS14.09,2014-02-27,,,,,,,,,,,,,,0.0,,,,,
AS14.09,2014-02-28,,,,,,,,,,,,,,0.0,,,,,0.0
AS14.09,2014-03-01,,,,,,,,,,,,,,,,,,,
AS14.09,2014-03-02,,,,,,,,,,,,,,0.0,,,,,
AS14.09,2014-03-04,,,,,,,,,,,,,,,,,,,
AS14.09,2014-03-05,,,,,,,,,,,,,,0.0,,,,,
AS14.09,2014-03-06,,,,,,,,,,,,,,,,,,,
AS14.09,2014-03-07,,,,,,,,,,,,,,0.0,,,,,
AS14.09,2014-03-08,,,,,,,,,,,,,,,,,,,0.0
AS14.09,2014-03-09,,,,,,,,,,,,,,0.0,,,,,0.0
AS14.09,2014-03-10,,,,,,,,,,,,,,0.0,,,,,
AS14.09,2014-03-12,,,,,,,,,,,,,,0.0,,,,,
AS14.09,2014-03-16,,,,,,,,,,,,,,,,,,,
AS14.09,2014-03-17,,,,,,,,,,,,,,0.0,,,,,
AS14.09,2014-03-18,,,,,,,,,,,,,,0.0,,,,,
AS14.09,2014-03-19,,,,,,,,,,,,,,0.0,,,,,0.0
AS14.09,2014-03-20,,,,,,,,,,,,,,0.0,,,,,
AS14.09,2014-03-21,,5.806479850132953,32.0288855315316,48.62703567089518,,,,51.63898141004204,,,,0.009899494936611596,,0.0,,,,132.55545610653832,
AS14.09,2014-03-22,0.11859124696486988,23.371887669550684,35.81614111726021,19.31446884207724,,,2.1291210236464564,11.927246376469299,40.61197087066818,90.3391137437157,,,,,1.0,0.5773502691896258,1.0,76.87867174149764,
AS14.09,2014-03-23,0.0705824628216599,4.170188869329824,49.460707519609414,43.83179016367437,,,,4.818397551745463,,55.88858781361362,,0.01835755975068583,,,0.5,0.5,0.5,71.89789326219892,
AS14.09,2014-03-24,0.10989674556596452,4.812442786301836,42.214698645534995,13.186643539547145,12.731094426639055,,0.0007071067811866267,11.70518540505304,67.1031684820476,20.540748665024285,27.134282633866434,9.860604063646406,,,0.5773502691896257,0.5773502691896257,0.957427107756338,72.48072894178318,
AS14.09,2014-03-25,0.058972516047336,10.964413148559647,23.816269566583724,35.945373552387046,29.85264024336876,,4.258197036305389,5.755098423716719,33.615191829984646,,,0.0025166114784236186,,,0.894427190999916,0.4472135954999579,0.8366600265340757,81.84155308353154,
AS14.09,2014-03-26,0.18361771580254665,25.15149689937781,31.96957032287831,35.26746320895415,,,,3.0625734685065114,22.485512204326344,,,22.465876336865502,,0.0,0.5773502691896257,0.5,1.2583057392117916,89.05339002124033,0.0
AS14.09,2014-03-27,0.061052068535503164,35.62652753884653,31.047157816159896,29.385790146876985,,,,18.820556343176115,62.74786201112088,,28.775736355478376,,,,0.894427190999916,0.4472135954999579,0.44721359549995787,82.35773498947411,
AS14.09,2014-03-28,0.1649190091841593,20.764788036594027,48.14968401831293,38.09683512590964,38.22972812485069,,1.0105359963900349,70.05255030978358,31.70898121279792,82.57132253729998,6.507339881497917,25.34784435279129,,0.0,0.5,0.0,0.49999999999999983,144.58595726364717,
AS14.09,2014-03-29,0.1491382755752054,26.674050031720657,38.73983820521922,26.533873395805138,,,,4.972399139248578,75.13332274696761,12.64548996019266,,0.5529575028878801,,0.0,1.140175425099138,0.7071067811865476,0.7071067811865475,93.8555777290604,
AS14.09,2014-03-30,0.1635277539335257,5.07094232471698,46.98414769452889,25.16741965956118,,,,1.9288454880229948,34.82222254929641,,,0.5832095106677647,8.858406346516286,0.0,0.816496580927726,0.0,0.4999999999999999,86.06769235476763,
AS14.09,2014-03-31,0.15955856980453179,6.193090493214422,50.894377258222725,24.39877076770078,33.55043274435269,,,3.217622895865828,,33.301397992565704,,0.5805310786971988,,0.0,0.447213595499958,0.4472135954999579,0.0,80.7762928134589,
AS14.09,2014-04-01,0.11109676839796113,12.399119423437565,36.68223260872184,41.89249375855475,,,,1.362314317622772,34.16450682116359,22.754696218583106,,0.008584870412533889,,0.0,1.224744871391589,0.5477225575051662,0.547722557505166,134.67814391974602,
AS14.09,2014-04-02,0.07894167537913101,15.835213802235192,22.787507284672277,21.02491470549883,,,,10.348691685425747,,,,15.767131838099152,,0.0,1.3038404810405297,0.7071067811865476,1.0954451150103321,42.785826880341375,
AS14.09,2014-04-03,0.24130381513701338,9.678892222570022,26.431972200976087,12.862022107784474,14.345827372445271,,1.428355697996826,13.535600551877998,82.33280920750852,34.955249742602845,55.31625638544243,,,0.0,1.224744871391589,0.5477225575051661,0.5477225575051663,69.25076132891716,
AS14.09,2014-04-04,0.12657969220321588,16.259516667251567,37.40551899882497,30.463563973810746,21.489462045384013,,,5.284056752786316,,31.55809252733182,,0.026514147167125645,,0.0,0.9574271077563382,0.5,0.9574271077563381,113.10539216582819,
AS14.09,2014-04-05,0.17856636034905676,10.798896713928475,41.2834056452137,19.76185836121563,,,,12.382080168533879,43.99476971186461,,,,,,1.4142135623730951,0.5,1.0,69.73779400254742,
AS14.09,2014-04-06,0.21824490225225937,17.329362998048392,36.20948477711301,33.863909957673194,,,,3.9696909139605507,63.920882863114464,,,4.262352597646829,,,0.5477225575051661,0.4472135954999579,0.44721359549995787,83.83899208718536,
AS14.09,2014-04-07,0.1540674867028642,28.492758468112953,63.586638985704504,22.86118762975078,46.8076404874247,,,5.9372983033411035,48.04811531371444,30.255271106748612,,,13.420402149960584,,0.5773502691896257,0.816496580927726,0.8366600265340755,96.93932065098872,
AS14.09,2014-04-08,0.15438072682956616,24.463359833820338,31.25258383451412,14.477696610451279,58.23419190003412,,,3.011286303226579,17.200372452362767,35.90488951213731,,,,,0.816496580927726,0.5477225575051662,0.44721359549995804,48.99679870355437,
AS14.09,2014-04-09,0.062020648549985756,7.467872367443659,37.23537317113765,35.01798685647174,,,,0.5659938162206379,0.06363961030678918,,,,,0.0,0.9574271077563382,0.5,0.5773502691896257,107.44509173340455,
AS14.09,2014-04-10,0.03984574193289855,21.82399597601482,38.15535120862926,24.35296841577543,,,,0.8237794000823272,60.00588111343754,,,0.0021213203435596446,,,0.5,0.0,0.0,96.44745067847268,
AS14.09,2014-04-11,0.15911461377717728,,21.18095071790418,19.781202287848817,,,,2.061923373939973,,100.76129010403038,28.727579935780643,,,,0.7071067811865476,0.5477225575051661,0.8366600265340756,89.466229920836,
AS14.09,2014-04-12,0.17144200509534155,,35.07567623411097,22.7998965367019,,,,2.110569780888564,,,,31.501985355423766,,0.0,1.224744871391589,0.4472135954999579,0.7071067811865475,60.85810870893831,
AS14.09,2014-04-13,0.2280147818470126,4.346585383953708,20.09339499924872,10.03238038234331,,,,2.6962494938957953,,52.36812348976508,,,,,0.8366600265340756,0.0,0.0,62.616170340641084,
AS14.09,2014-04-14,0.07971302695712071,31.774186803126845,21.528237696879266,18.60419793676807,,,0.7106423150924802,2.0301035687865774,,20.009707694016925,,,,,1.0954451150103324,0.447213595499958,0.44721359549995804,34.391304671537384,
AS14.09,2014-04-15,0.1171704683390557,54.26506662976959,22.764389161399116,28.116537527299453,,,,5.084804863512463,,,,,,,0.7071067811865476,0.0,0.0,64.68801257109881,
AS14.09,2014-04-16,0.02911778385251357,4.290016841458783,34.75051969780966,29.718454638270753,,,,,,,,,,,1.0,0.5,1.0,43.404287896604465,
AS14.09,2014-04-17,0.19359299859815973,8.180236834387294,41.29552046237289,14.342040129498587,,,,0.8001868011075075,,8.519371958743706,45.91617267586661,1.1501462225879513,,,0.816496580927726,0.5,0.8164965809277259,48.5191825772344,
AS14.09,2014-04-18,0.21268792361303054,61.597519617270294,18.94636167872637,24.53267659473943,14.205706186247836,,48.24730989392051,,0.006363961030679169,,,0.7078138879677339,,0.0,0.8366600265340756,0.5477225575051661,0.5477225575051662,57.371672649989094,
AS14.09,2014-04-19,0.19514432783199687,1.1522824306566513,45.38580367186613,17.037759826723548,,,,4.427195557008973,4.389718897606086,6.431843281672838,,,,,0.5,0.0,0.8164965809277259,102.00245776851094,
AS14.09,2014-04-20,0.08290312722562325,,41.987406276961984,16.818216983378466,,,,,,25.924878636810114,,,,,0.816496580927726,0.5,0.5,31.24219564328245,
AS14.09,2014-04-21,0.03933027011083579,24.962283589447505,10.623825662161442,35.3667955427121,,,,2.812163668778899,,,,0.13081475451951133,,0.0,1.0,0.5773502691896257,0.5773502691896257,54.690333536577434,
AS14.09,2014-04-22,0.13378531269280472,20.325896397514672,40.423372227098106,61.584406533556695,,,,,,,,,,0.0,0.8366600265340756,0.5477225575051661,0.547722557505166,178.1625942920263,
AS14.09,2014-04-23,0.06503697018465629,6.270919270728973,50.83763861238859,40.530879543501676,,,,,,,,,,0.0,1.5275252316519468,0.5773502691896258,0.5773502691896257,84.52295274536719,0.0
AS14.09,2014-04-24,0.08313856083475166,5.5927158280511025,21.46705434391373,17.73812186286787,,,,,,,,,,0.0,0.8366600265340756,0.0,0.44721359549995787,30.478354297308567,
AS14.09,2014-04-25,0.18130882725399883,,19.922416985653737,41.4052388861957,,,,1.5207893783602424,,,23.761438214047566,,,,0.5,0.0,0.5,36.48266978336663,
AS14.09,2014-04-26,0.22992293521466942,11.835250516993716,60.318476394037205,12.830744548626761,106.85107320159837,,,3.9241339171847835,,,,,,,1.7320508075688772,1.0,1.7320508075688772,73.87385703406075,
AS14.09,2014-04-27,,,,,,,,,,,,,,,0.0,0.5,0.5,,
AS14.09,2014-04-28,,,,,,,,,,,,,,,0.816496580927726,0.894427190999916,0.894427190999916,,
AS14.09,2014-04-29,,,,,,,,,,,,,,,1.2909944487358056,0.5773502691896257,0.9574271077563381,,
AS14.09,2014-04-30,,,,,,,,,,,,,,,1.2909944487358056,0.5,0.816496580927726,,
AS14.09,2014-05-01,,,,,,,,,,,,,,,0.5,0.5,1.0,,
AS14.09,2014-05-02,,,,,,,,,,,,,,,1.224744871391589,0.4472135954999579,0.894427190999916,,
AS14.09,2014-05-03,,,,,,,,,,,,,,,0.9574271077563381,0.5,0.4999999999999999,,
AS14.09,2014-05-04,,,,,,,,,,,,,,,0.447213595499958,0.5477225575051662,0.5477225575051663,,
AS14.09,2014-05-05,,,,,,,,,,,,,,,0.0,0.7071067811865476,1.4142135623730951,,
AS14.12,2014-02-19,,,,,,,,,,,,,,,,,,,
AS14.12,2014-02-20,,,,,,,,,,,,,,,,,,,
AS14.12,2014-02-21,,,,,,,,,,,,,,0.0,,,,,
AS14.12,2014-02-22,,,,,,,,,,,,,,0.0,,,,,
AS14.12,2014-02-23,,,,,,,,,,,,,,0.0,,,,,
AS14.12,2014-02-24,,,,,,,,,,,,,,0.0,,,,,
AS14.12,2014-02-26,,,,,,,,,,,,,,0.0,,,,,
AS14.12,2014-02-27,,,,,,,,,,,,,,0.0,,,,,
AS14.12,2014-02-28,,,,,,,,,,,,,,0.0,,,,,
AS14.12,2014-03-01,,,,,,,,,,,,,,0.0,,,,,
AS14.12,2014-03-02,,,,,,,,,,,,,,,,,,,
AS14.12,2014-03-03,,,,,,,,,,,,,,,,,,,
AS14.12,2014-03-04,,,,,,,,,,,,,,0.0,,,,,
AS14.12,2014-03-05,,,,,,,,,,,,,,,,,,,
AS14.12,2014-03-07,,,,,,,,,,,,,,0.0,,,,,0.0
AS14.12,2014-03-08,,,,,,,,,,,,,,0.0,,,,,
AS14.12,2014-03-09,,,,,,,,,,,,,,,,,,,
AS14.12,2014-03-10,,,,,,,,,,,,,,0.0,,,,,
AS14.12,2014-03-12,,,,,,,,,,,,,,,,,,,
AS14.12,2014-03-14,,,,,,,,,,,,,,0.0,,,,,0.0
AS14.12,2014-03-15,,,,,,,,,,,,,,0.0,0.0,0.7071067811865476,0.7071067811865476,,0.0
AS14.12,2014-03-16,,,,,,,,,,,,,,0.0,,,,,
AS14.12,2014-03-18,,,,,,,,,,,,,,,,,,,
AS14.12,2014-03-19,,,,,,,,,,,,,,,,,,,
AS14.12,2014-03-20,,,,,,,,,,,,,,,,,,,
AS14.12,2014-03-21,,,,,,,,,,,,,,0.0,,,,,
AS14.12,2014-03-25,,,,,,,,,,,,,,0.0,,,,,
AS14.12,2014-03-27,0.15070371083390868,6.9319856525522265,118.56824432878776,46.7508812697686,,,,5.884191193358694,103.28864738716337,,,,,0.0,0.5773502691896257,0.0,0.0,135.2144378771314,
AS14.12,2014-03-28,0.16555612614889406,13.549804216923851,48.54566350266947,68.84624110840869,,,,2.1202586634653806,82.03941166945036,,,2.316270277838923,,0.0,1.4142135623730951,0.9574271077563381,0.9574271077563382,98.38223327167724,
AS14.12,2014-03-29,0.17993489354052555,13.57475760422638,53.36369029022735,43.33704934680835,,,,1.8935829266234947,42.30826949087203,33.35512160523478,10.117064698375271,2.81004234843534,,0.0,0.0,0.0,0.9574271077563381,69.4469653438437,
AS14.12,2014-03-30,0.09895061523755057,7.6819272095367825,34.12847561007877,62.61754684112114,,,,2.0357874889093894,57.29585657616703,,,1.3314521833947575,,,1.1547005383792515,0.2886751345948129,0.7499999999999999,69.828300163519,
AS14.12,2014-03-31,0.1432356054794453,6.278390609368121,45.413944632791974,38.416001007928664,0.7085209947489207,,,3.2041891017853485,62.87256801218612,48.31986571251398,,,,,0.8944271909999159,0.8944271909999159,0.8944271909999159,103.30696622361519,
AS14.12,2014-04-01,0.172744842415358,9.597514311515837,46.50613321412909,46.1821436108443,19.6645554573027,,,0.9516402681685971,113.96565229428083,18.928668528187607,,,,0.0,0.5477225575051661,0.5,0.5477225575051661,140.58427580088997,
AS14.12,2014-04-02,0.19469166089568204,4.6036268418486515,54.82614941407785,172.30249116645606,58.775876729601684,,24.499897532665546,8.614052203618613,82.77113442186395,5.3853252455167455,,,,0.0,0.5477225575051662,0.5773502691896258,0.0,86.66577381204773,
AS14.12,2014-04-03,0.19371028771996296,9.853525766295014,35.95274616676619,50.54766906047775,19.93325487721461,,88.05747842697215,1.6276880843699753,102.65122234018992,45.70477537930503,,,,0.0,0.8944271909999159,1.0,1.3416407864998738,107.19935301129193,
AS14.12,2014-04-04,0.2371347538000094,8.511238391215562,26.667314618722173,71.98950445956226,,,46.72667430622146,1.5820741133082228,120.40291230879406,31.924634568531985,,,,0.0,0.9574271077563381,0.5773502691896258,0.5773502691896258,81.80043497200964,0.0
AS14.12,2014-04-05,0.20742073772783232,7.620731267882823,17.753519629025167,57.71224170173494,13.835491185112778,,,13.919554274473015,62.91899743719613,24.02602437536669,,,,0.0,0.7071067811865476,0.8944271909999159,1.3038404810405297,101.42187349648954,
AS14.12,2014-04-06,0.1458621554380516,8.951476943173533,22.318240184933508,171.9278811449731,,,,1.7686425585742303,79.29839021292368,38.66263048686207,,,,,0.9574271077563382,0.5,0.9574271077563381,101.94507256244763,
AS14.12,2014-04-07,0.18614024556118403,9.737376288595883,25.28538365230879,139.3440601714789,6.584829967432721,49.5566398107593,,5.195470796761349,83.61843787474926,40.31720743016146,,4.146372454058822,,,0.447213595499958,0.0,0.5477225575051662,112.42069725203352,
AS14.12,2014-04-08,0.14965707340558615,8.160682604531189,32.95055606579533,93.04398410754315,91.70233506478083,,43.06293841963567,1.729722029691476,60.26507658702296,9.580776403240444,,,,0.0,0.816496580927726,0.5,0.4999999999999999,94.55456612078702,
AS14.12,2014-04-09,0.18986371333406368,9.10641633700326,66.5597280194903,137.84009180893176,0.5750417376156274,81.79410224052425,22.760107752747277,1.5711389181100444,83.98026187766634,12.164062173742236,,2.012561634666957,,,0.0,0.5773502691896257,0.5,115.14364323947947,
AS14.12,2014-04-10,0.17112406115050155,12.829675428528931,35.17049319001045,58.125526232613005,,,,3.325079287275217,72.33876239978484,,,,,,0.447213595499958,0.5477225575051661,0.5477225575051661,95.24252010303506,
AS14.12,2014-04-11,0.12343641541641184,10.972091005071203,14.073039971085771,36.414995622813464,,,,1.3589482330096316,90.74595003395133,40.372062269653284,,,,0.0,1.2909944487358056,0.0,0.547722557505166,119.73465876317876,
AS14.12,2014-04-12,0.12704597911687038,6.464665357296804,28.95862335905774,49.28272535344568,,,,13.543377355741072,84.66528082209207,86.8139277358367,,3.630651778032883,,,1.0,0.4472135954999579,0.44721359549995787,104.94553536417759,
AS14.12,2014-04-13,0.14026807877066047,7.245490115919452,36.72997280350503,45.45427115998434,,,,2.62282649063944,70.73031544525564,29.52426864123818,,,,0.0,0.8944271909999159,0.7071067811865476,1.1401754250991378,100.81655495089161,
AS14.12,2014-04-14,0.11322785311791722,10.615944673422739,36.33784159387018,46.4406798846341,4.050114113618694,,,16.436812790197497,70.91260354739985,,,1.3724942622830894,,,0.894427190999916,0.4472135954999579,0.5477225575051662,80.29044694124313,
AS14.12,2014-04-15,0.16639038773406006,7.566104513143242,46.50043007640033,44.59797866271519,4.26444606797491,,52.10046945725793,3.144936098979861,56.16879914350536,,,,,0.0,0.8366600265340756,0.0,0.8366600265340753,88.61379574505312,
AS14.12,2014-04-16,0.20820399909234705,10.202880387342779,71.13750000489449,41.47451565352445,,,,5.0226944661207495,44.884721955713026,31.797577213785754,,,,0.0,0.0,0.0,0.0,97.83009892138921,0.0
AS14.12,2014-04-17,0.1999123629331331,7.55695618973761,46.81483466909253,92.52729031120134,14.045508902611301,,51.23861529078109,1.3563109894120897,105.59510000336648,24.818827874500894,,,,0.0,0.5477225575051662,0.4472135954999579,0.44721359549995787,91.95574029276467,
AS14.12,2014-04-18,0.1504959624388174,9.498235525827134,20.63701839736868,58.03484768383694,3.7179674554788664,,,3.9795915368288743,64.09516956227462,24.675922158722525,,,,,0.8944271909999159,0.4472135954999579,0.5477225575051663,97.50934794021178,
AS14.12,2014-04-19,0.22612060331014808,12.60156178079378,50.412577842417484,52.336486038541985,,,,3.974418234157044,59.24569178026086,14.757118090377043,,,,0.0,0.5477225575051661,0.8944271909999159,0.44721359549995787,106.97423492043305,0.0
AS14.12,2014-04-20,0.20648540033370255,15.878432239929017,70.25822956482274,72.71073669569309,,52.43910620615115,34.980265450679475,4.006901446254949,66.43687609577128,20.996333247339482,,0.9128748545118329,,,0.5477225575051662,0.0,0.5477225575051661,108.72880943429524,
AS14.12,2014-04-21,0.09662812361361917,17.430699587611738,41.83552242376777,35.14249991819023,,,,2.964606157091809,84.51146162103299,36.86620129942872,,,,,0.5,0.5,0.0,88.95802100240122,
AS14.12,2014-04-22,0.20569285053960917,7.593793297995521,65.42820048343805,138.43403860119628,8.333421946195534,,,6.085205888053419,88.79638725452932,47.63980203981996,,,,0.0,0.5,0.0,0.5773502691896258,130.29877522002218,
AS14.12,2014-04-23,0.1379768931044253,13.774871552554867,19.03279077467397,31.899762615734577,,,,0.8505525850880705,68.1432033985436,35.689744592409575,,,,0.0,0.0,0.4472135954999579,0.44721359549995787,75.00424769779012,
AS14.12,2014-04-24,0.14074618478935932,5.136109138528205,11.063541612311717,50.114610325028096,21.844164243568578,,11.988800794908556,2.5712694724590808,57.53588997397342,92.42403545044138,,,,,0.5477225575051661,0.5477225575051661,0.5477225575051663,109.5620560446044,
AS14.12,2014-04-25,0.1949625858994351,14.835587006590414,23.90248012711804,23.434225835303373,30.61954446101379,,,1.7839022675023433,104.51003824368094,56.206659708668504,,5.0534720984685375,,0.0,0.8539125638299665,0.75,1.0307764064044151,83.28684381171499,
AS14.12,2014-04-26,0.3218884932634909,10.96942909063195,16.633233130884797,91.24621889042855,,,,2.7090444809932523,82.66297387292059,26.928957956265112,,,,0.0,0.5,0.0,0.0,100.3189738083184,
AS14.12,2014-04-27,0.1913097779392094,6.625134573078937,31.210118163470284,218.04516170891452,,,,7.870994810060543,123.03925167770754,39.451953013568236,,,,,0.0,0.5,0.8164965809277259,116.6410169625708,
AS14.12,2014-04-28,0.12499739354609293,7.360744478683183,33.72707435230323,69.87181014329026,23.716605827984743,,,2.3523094396783772,88.83963953887572,31.602256769361688,,,,0.0,0.5477225575051661,0.0,0.547722557505166,93.03881983496875,0.0
AS14.12,2014-04-29,0.1440523091620282,6.46571155572946,29.153242945388815,62.93431554565442,,,39.75221634492011,2.030042043899583,105.61622971915004,,,,,0.0,0.5477225575051661,0.0,0.0,63.76092339261167,
AS14.12,2014-04-30,0.20252911064394555,7.158859507734635,72.80817415933919,66.49073876252874,,,,1.6245651110374124,109.48333295077623,33.88366988252014,,,,0.0,0.9574271077563381,0.5773502691896258,0.5,101.44980034638333,
AS14.12,2014-05-01,0.17374885626629866,12.536348477393421,28.622822917469183,125.95060300548165,28.21163160108583,16.24860672488568,10.700229357354916,7.047664114205973,140.6274153939518,25.630199341804847,,2.131219838496254,,,0.447213595499958,0.5773502691896257,0.8366600265340756,144.9705154678899,0.0
AS14.12,2014-05-02,0.13526637724015714,13.612300509356997,74.55972300622022,100.28344774491393,33.27873647923769,,4.776749278187696,2.704337035208445,120.8143317991455,35.903267784577935,,,,,0.0,0.7071067811865476,0.7071067811865476,144.39634430980306,
AS14.12,2014-05-03,0.12480493573321087,9.874976181479658,50.859236615412975,33.24691095697942,19.795456305256856,,0.028991378028646198,2.265816696028167,101.71753006437925,,,4.284565205478848,,,0.894427190999916,0.8366600265340756,0.5477225575051663,76.38005441072252,
AS14.12,2014-05-04,0.19188411593380494,13.338227598075559,117.02684644808359,103.2877488178535,,,,1.8989417315968387,119.81189362779197,,,,,,0.4472135954999579,0.8366600265340756,0.8366600265340756,146.4700222963349,
AS14.12,2014-05-05,0.05593109943016137,4.795528769609163,60.85722704302807,26.224469193865495,,,,8.53195042179688,58.23258053405804,,,,,0.0,0.816496580927726,0.5773502691896258,0.0,77.89143729769123,
AS14.13,2014-02-17,,,,,,,,,,,,,,0.0,,,,,
AS14.13,2014-02-18,,,,,,,,,,,,,,0.0,,,,,
AS14.13,2014-02-19,,,,,,,,,,,,,,0.0,,,,,0.0
AS14.13,2014-02-20,,,,,,,,,,,,,,0.0,,,,,0.0
AS14.13,2014-02-21,,,,,,,,,,,,,,,,,,,
AS14.13,2014-02-22,,,,,,,,,,,,,,0.0,,,,,
AS14.13,2014-02-23,,,,,,,,,,,,,,0.0,,,,,
AS14.13,2014-02-24,,,,,,,,,,,,,,0.0,,,,,
AS14.13,2014-02-26,,,,,,,,,,,,,,,,,,,
AS14.13,2014-02-27,,,,,,,,,,,,,,0.0,,,,,
AS14.13,2014-02-28,,,,,,,,,,,,,,0.0,,,,,
AS14.13,2014-03-01,,,,,,,,,,,,,,0.0,,,,,
AS14.13,2014-03-02,,,,,,,,,,,,,,0.0,,,,,
AS14.13,2014-03-03,,,,,,,,,,,,,,0.0,,,,,0.0
AS14.13,2014-03-04,,,,,,,,,,,,,,,,,,,
AS14.13,2014-03-05,,,,,,,,,,,,,,,,,,,
AS14.13,2014-03-06,,,,,,,,,,,,,,0.0,,,,,
AS14.13,2014-03-07,,,,,,,,,,,,,,,,,,,
AS14.13,2014-03-11,,,,,,,,,,,,,,0.0,,,,,
AS14.13,2014-03-13,,6.40883004143502,60.41535612920098,47.68162446897127,,,,62.023969845357186,,,,,,,,,,110.66517780066035,
AS14.13,2014-03-14,,23.68956691438788,33.62172544465709,22.978141961438045,,,,29.687567963400745,33.15754280114859,42.077337611280186,,,,,1.3038404810405297,0.8944271909999159,0.8366600265340756,76.28913449082994,0.0
AS14.13,2014-03-15,,11.12562115207561,35.44338254001364,96.97835487120638,,,,55.307513525643586,24.843649485913847,,,,,,1.3038404810405297,0.5477225575051661,0.7071067811865476,77.78774381648208,0.0
AS14.13,2014-03-16,,22.073578269876492,64.30569258612299,,,,,49.40610390907924,54.64611735634847,,28.191089482316922,,,,1.224744871391589,0.447213595499958,0.547722557505166,138.14411507379748,
AS14.13,2014-03-17,,24.81023795015002,50.19369445859933,,,,,58.289221729900206,73.33481275628921,55.589391176134804,,0.33092597359530423,,,1.4142135623730951,0.4472135954999579,0.5477225575051662,58.257831029416714,
AS14.13,2014-03-18,,18.474633046092933,46.83068311895884,,,,,68.1577120180655,24.290134589209355,,,,,,1.3038404810405297,0.4472135954999579,0.7071067811865475,60.19831954727084,
AS14.13,2014-03-19,,14.38367158695681,61.61895295919985,29.20492427656678,,,,53.01965400158341,24.781758409496828,,,,,,1.0954451150103324,0.4472135954999579,0.44721359549995787,141.50572429515375,
AS14.13,2014-03-20,0.24313132469670037,19.996101499117902,44.35155089953587,94.95239569303217,,,,6.430386229033639,58.47081617416271,,,,,,1.0954451150103321,1.3038404810405297,2.3021728866442674,74.0756001879756,
AS14.13,2014-03-21,0.08847236988050203,19.320334081433007,65.25475897288428,179.12708477548458,,,,11.358576192561383,9.947259399578359,18.094862530563752,,,,,1.51657508881031,1.9493588689617927,3.209361307176242,138.04639795578325,0.0
AS14.13,2014-03-22,0.09306484254925297,20.686688782204293,62.66570144973375,57.350629575601026,,,,23.005183530177344,41.255083408789474,,,,,,0.5477225575051662,0.5477225575051662,0.5477225575051662,99.1614116433886,
AS14.13,2014-03-23,0.21570458206467308,15.25427329661077,53.10182642164245,64.60403856149046,,,,44.37657833546472,41.55590628057581,,,,,,0.5477225575051661,0.7071067811865476,1.1401754250991378,84.20663870476808,0.0
AS14.13,2014-03-24,0.2910843316024463,19.986065328740306,56.27186032081374,106.62396104151735,,,,9.014068726163563,32.46506328787477,,,,,0.0,1.224744871391589,0.4472135954999579,0.44721359549995804,83.7119671090835,
AS14.13,2014-03-25,0.11944028508340207,27.9740647709539,48.33196828087896,50.324578157198694,,,,11.437611993665769,39.827762638094676,16.285409712718653,,,,,0.8366600265340756,0.4472135954999579,0.5477225575051661,83.4646557514403,
AS14.13,2014-03-26,0.3494012067414631,13.664248858182836,45.72587161303689,141.0405299947501,,,,24.017015052405505,48.59612538475381,,,,,,1.7320508075688772,0.7071067811865476,0.8944271909999159,109.02474005580504,
AS14.13,2014-03-27,0.1369044956275811,10.50689966165091,54.46962973391659,154.7887974896301,,,,5.0790535236822,61.27201778719455,,,,,,0.4472135954999579,0.0,0.5477225575051662,104.42898714120624,
AS14.13,2014-03-28,0.301916413530382,21.347588440581188,36.498321397149596,155.40654028547192,,,13.98132577166176,20.508022135189826,62.24965215454313,27.73642852661618,,,,,1.224744871391589,0.4472135954999579,0.5477225575051661,133.29430970369447,
AS14.13,2014-03-29,0.3332377332307024,14.40783581183507,46.78183023904848,53.76264392363058,,,,8.61218630455963,31.757809430647658,,,,,,0.4472135954999579,0.0,0.44721359549995787,80.64405141445937,
AS14.13,2014-03-30,0.12048225256512735,10.713216806045386,44.30864799951204,33.230317060835226,,,,10.231760346533186,17.687980317153226,,,,,,1.51657508881031,0.4472135954999579,1.3038404810405297,133.9146908582933,
AS14.13,2014-03-31,0.3499526287255377,18.704832018331736,35.225360510071546,71.84176722487169,,,,4.511085974204733,49.855468758493956,,,,,,0.4472135954999579,0.5477225575051662,0.7071067811865475,74.50662661041684,
AS14.13,2014-04-01,0.40780289011099286,22.226133736875465,49.22138325440541,165.016371482174,,,,14.963997453889121,53.4442451351562,,2.341230552508658,,,0.0,0.5773502691896257,0.0,0.5773502691896257,82.4844839424771,0.0
AS14.13,2014-04-02,0.2896554841424052,17.589122724618043,46.32552059910481,91.84986656979362,,,,13.11584428413643,113.52553947114406,,,,,,0.4472135954999579,0.0,0.5477225575051661,74.8560280965126,
AS14.13,2014-04-03,0.36193298109902206,15.066105755150357,56.24919711557819,,,,,9.793765725692218,11.131717941689566,,,,,0.0,1.0954451150103321,0.5477225575051662,0.8944271909999159,84.59296957272714,0.0
AS14.13,2014-04-04,0.311839239655451,30.813642422246577,43.394595450033876,87.22053378976437,,,,14.933160446597013,40.44565680726953,,,,,,1.1401754250991378,0.0,0.8366600265340757,82.04054848786097,0.0
AS14.13,2014-04-05,0.14816012680378277,48.36120415167514,52.34292968649581,94.45581402007207,,,,27.909358548058794,29.03541980065038,,,,,,0.8366600265340756,0.4472135954999579,0.4472135954999579,119.9219706663605,
AS14.13,2014-04-06,0.3005113010485944,26.347844418084186,55.03206407874361,70.54171989849762,,,,8.406220849725457,64.15342347840838,50.5853612648956,46.00042382685186,,,,0.9574271077563381,0.5,0.4999999999999999,98.41902450080964,
AS14.13,2014-04-07,0.2836385795315607,20.817942374650904,61.890017614218515,129.92662840234098,,,,16.759531482114888,49.141606098333924,,,,,,0.894427190999916,0.0,0.8944271909999159,87.36995658383873,
AS14.13,2014-04-08,0.21204109091651205,18.65452681815316,49.51179055911737,188.57580472734742,,,,10.748768284406738,29.800012379851214,,,,,0.0,0.4472135954999579,0.5477225575051661,0.44721359549995815,92.0126465865364,
AS14.13,2014-04-09,0.26008639800863725,27.53763414790327,51.42243727197774,81.65338489615725,,,,59.56034306902538,22.497047833936435,,,7.205791860256118,,0.0,1.0954451150103324,0.4472135954999579,0.44721359549995787,124.04533320020535,
AS14.13,2014-04-10,0.367059247047779,13.535400789358675,66.02705250751181,,,,,24.444805053628265,9.241152283336183,,,,,,1.51657508881031,0.0,0.8944271909999157,88.20263730417392,
AS14.13,2014-04-11,0.34841635409953053,21.888585884883643,25.890814515075945,,,,,28.306569222772943,28.638891316330167,,,,,,0.894427190999916,0.4472135954999579,0.8366600265340756,35.78827104789269,
AS14.13,2014-04-12,0.09392480586516737,17.528265017467664,50.074716649051034,0.14919953083036047,,,48.76742365811424,7.830113302713654,83.01548658820346,,,,,0.0,0.894427190999916,0.0,0.44721359549995787,97.80015695459993,0.0
AS14.13,2014-04-13,0.09909055765378492,17.265861956868424,49.87126512161237,,,,,40.99988095132384,20.111422671650505,,,,,,1.3038404810405297,0.4472135954999579,0.5477225575051663,73.28869676642827,0.0
AS14.13,2014-04-14,0.30039457973777695,12.444653705352906,32.01230173766446,,,,,23.978511069074816,16.74346390672591,,35.84324273834609,,,,0.894427190999916,0.0,0.4472135954999579,52.106432078923966,
AS14.13,2014-04-15,0.38240186855552444,30.329564243264684,38.7540584495075,,,,,55.34865300494588,21.43666161042806,,,,,0.0,0.4472135954999579,0.8366600265340756,1.224744871391589,78.19232570860956,
AS14.13,2014-04-16,0.33342920262010894,15.546048463119279,34.764511326779754,,,,44.75632371520253,36.57941265677029,25.976457371312897,,,,,0.0,0.9574271077563381,0.5,0.816496580927726,43.45317231366,
AS14.13,2014-04-17,0.05380095304319871,7.719162691286241,72.61490018162168,,,,41.34029085529031,60.84913167361827,39.19467526173329,,,,,0.0,0.4472135954999579,0.0,0.5477225575051662,167.28360440521425,
AS14.13,2014-04-18,0.21704247975115132,4.335761028931368,23.82802500966376,,,,,5.327469713998516,14.962876563905306,,,,,,0.0,0.0,0.7071067811865476,80.58255089145584,
AS14.13,2014-04-19,0.18827130078492804,24.907804993190744,52.20602101876177,126.12321759427695,,,23.868098706572052,40.955590788628456,20.9265942192954,,,,,,0.894427190999916,0.0,0.44721359549995787,112.56240124368911,
AS14.13,2014-04-20,0.35216256208340946,3.2949603310712767,36.83346756627954,6.091017813140921,,,,6.4112708330905885,22.13308138231526,,,,,,0.5477225575051662,0.894427190999916,0.894427190999916,57.67839313137026,
AS14.13,2014-04-21,0.19581442503259006,13.97011025827851,49.20363977429723,,,,,68.50215338729848,14.386638251439347,28.083452921604923,,,,,0.8944271909999159,0.0,0.5477225575051663,124.04400783926687,
AS14.13,2014-04-22,0.30997479891757035,24.900389064625635,33.96237175376667,,,,,58.947758673869245,20.73672537118529,,,,,,0.5,0.5,1.707825127659933,77.60654686820075,
AS14.13,2014-04-23,0.33120704376201004,8.901485335405038,31.997272662296393,,,,,8.021527955897975,26.084610035086587,,,,,0.0,0.4472135954999579,0.0,0.5477225575051662,38.87104794017567,0.0
AS14.13,2014-04-24,0.26848840820872766,14.121588578830059,29.64736623239788,,,,,46.78016469111431,56.209310279890694,,,,,0.0,1.7320508075688772,0.0,0.5773502691896257,78.02936731980893,
AS14.13,2014-04-25,0.36097193043719394,26.499639274165553,47.470925188376455,,,,,17.45541669001981,103.08161371084982,,17.569574377681022,,,,1.5,0.5,0.9574271077563381,106.84747362533135,
AS14.13,2014-04-26,0.3236995110205002,9.26116632773648,56.545855357912444,,,,,25.300504387354525,39.55308863494863,29.885552492731893,,,,,0.4472135954999579,0.5477225575051662,0.44721359549995815,139.30750068684463,
AS14.13,2014-04-27,0.2728743700528647,25.990578259193327,52.73955995832021,,,,4.158494980158086,12.552652366908136,39.825228095205745,39.351479521952754,,26.669239359231824,,,1.0,0.5773502691896257,0.8164965809277259,82.39193728355077,
AS14.13,2014-04-28,0.3454228258792276,31.587531827832937,46.94655911000939,,,,,73.47265071976707,43.73866336861161,27.732992750813363,,,,,0.5163977794943222,0.0,0.408248290463863,109.27765428639604,
AS14.13,2014-04-29,0.3412840410052204,24.765485847579626,37.030609666275275,,,,6.42901485454809,13.263432513372868,24.146807005718752,31.065293508799797,,,,,0.5,0.5,0.5773502691896257,61.68627080838366,
AS14.13,2014-04-30,0.36044574130929535,8.632127811471017,50.145411859329386,,,,,35.07812712198819,59.05257062517411,106.76618882555158,,,,,0.408248290463863,0.0,0.408248290463863,102.29494249369029,
AS14.13,2014-05-01,0.15274576061195963,16.206494743706234,48.07921490621232,,,,31.588056544364992,10.638945210874995,56.623122305389614,47.12036378467382,18.786463371268155,,,,1.7320508075688772,0.0,0.5773502691896258,75.85661908057156,
AS14.13,2014-05-02,0.3153083217114738,20.15839100651338,45.49381592441148,,,,12.156066950064252,15.58589687750405,54.797675724802964,33.16858008933842,,,,,0.894427190999916,1.0954451150103321,1.224744871391589,107.46374881469639,
AS14.13,2014-05-03,,3.096861781046918,,,,,,,13.485278842747995,,,,,,0.9574271077563381,0.816496580927726,0.4999999999999999,5.98088711939598,
AS14.13,2014-05-04,,,,,,,,,,,,,,,,,,,
AS14.14,2014-02-17,,,,,,,,,,,,,,,,,,,0.0
AS14.14,2014-02-18,,,,,,,,,,,,,,,,,,,
AS14.14,2014-02-19,,,,,,,,,,,,,,0.0,,,,,
AS14.14,2014-02-20,,,,,,,,,,,,,,0.0,,,,,
AS14.14,2014-02-21,,,,,,,,,,,,,,,,,,,
AS14.14,2014-02-22,,,,,,,,,,,,,,,,,,,0.0
AS14.14,2014-02-23,,,,,,,,,,,,,,,,,,,
AS14.14,2014-02-24,,,,,,,,,,,,,,0.0,,,,,
AS14.14,2014-02-25,,,,,,,,,,,,,,0.0,,,,,0.0
AS14.14,2014-02-26,,,,,,,,,,,,,,0.0,,,,,
AS14.14,2014-02-27,,,,,,,,,,,,,,0.0,,,,,
AS14.14,2014-02-28,,,,,,,,,,,,,,,,,,,0.0
AS14.14,2014-03-02,,,,,,,,,,,,,,0.0,,,,,0.0
AS14.14,2014-03-03,,,,,,,,,,,,,,,,,,,0.0
AS14.14,2014-03-04,,,,,,,,,,,,,,,,,,,0.0
AS14.14,2014-03-05,,,,,,,,,,,,,,0.0,,,,,0.0
AS14.14,2014-03-06,,,,,,,,,,,,,,0.0,,,,,0.0
AS14.14,2014-03-07,,,,,,,,,,,,,,0.0,,,,,0.0
AS14.14,2014-03-10,,,,,,,,,,,,,,0.0,,,,,0.0
AS14.14,2014-03-13,,,,,,,,,,,,,,0.0,,,,,0.0
AS14.14,2014-03-14,,,,,,,,,,,,,,0.0,,,,,
AS14.14,2014-03-15,,,,,,,,,,,,,,0.0,,,,,
AS14.14,2014-03-16,,,,,,,,,,,,,,0.0,,,,,
AS14.14,2014-03-18,,,,,,,,,,,,,,0.0,,,,,0.0
AS14.14,2014-03-19,,,,,,,,,,,,,,,,,,,
AS14.14,2014-03-20,,,,,,,,,,,,,,,1.1547005383792517,1.5275252316519465,1.0,,
AS14.14,2014-03-21,0.14925975067969877,8.37905202143371,64.95582294023265,11.81853730250018,11.678041488194841,,,54.02308435355347,44.826400454301414,,,,,0.0,1.140175425099138,0.8944271909999159,0.8944271909999159,91.32340565160536,
AS14.14,2014-03-22,0.11241475625123433,14.456940208778372,51.92739189235964,60.19693007305762,54.45647805602807,,,45.842206276832215,44.3548945214963,,,5.235730162387413,,,1.140175425099138,0.7071067811865476,0.8366600265340756,103.61576746585737,
AS14.14,2014-03-23,0.11057389290530537,17.582876180117736,58.01970814213067,12.551301421044144,105.73791963151159,,,22.01649330563959,61.42237346658601,,,,,,0.894427190999916,0.8366600265340756,0.7071067811865476,99.11761619292552,
AS14.14,2014-03-24,0.12329485811858384,21.300885722288285,67.7572186408863,74.17320564863327,43.63039757181745,,,84.09880589669511,33.69959404518102,33.063816638434226,,,,,1.4142135623730951,0.5,0.5773502691896257,95.78021816264345,
AS14.14,2014-03-25,0.13946273630466358,10.497504951028942,47.564873771723136,,37.81057764303529,,,76.35097590353986,61.0204064700175,38.497708012945395,,,,,1.5,1.4142135623730951,2.629955639676583,126.38851241896084,
AS14.14,2014-03-26,0.17509406488485468,18.499606960691192,49.644925768391055,82.72953285959413,,,,45.75843325207443,60.08061068664463,25.01109081520969,,,,,1.0954451150103321,0.7071067811865476,0.7071067811865476,70.20848883416583,
AS14.14,2014-03-27,0.09332272262620656,11.341915091135798,59.20364315638376,,33.23320894928245,,,10.018810242072991,107.94266367467316,,,,,,0.0,0.4472135954999579,0.5477225575051663,95.39205981836298,
AS14.14,2014-03-28,0.07711852465858156,21.102382006327975,61.3756913802572,91.39637989548602,85.83966555736339,,,55.72684554657144,24.05286835380459,,2.6025303712605035,,,,0.8944271909999159,0.5477225575051661,0.44721359549995804,104.29051385345603,
AS14.14,2014-03-29,0.20700899451984395,20.867880771381238,34.424158539835815,4.8040834713814045,18.179985447538932,,,1.8498699053356886,218.17022057489885,,,,,,1.5,0.5,0.816496580927726,75.7233880109683,
AS14.14,2014-03-30,0.016342023837259488,23.023160743759675,48.256119839080355,,,,,5.415006155736728,,,,,,,0.0,0.0,0.7071067811865476,55.635914107601714,
AS14.14,2014-03-31,0.12612581258606922,25.624869894854204,70.2515417179411,,,,,4.400713271732209,,,,,,0.0,0.9574271077563382,0.5,0.4999999999999999,79.16391299751247,0.0
AS14.14,2014-04-01,0.12341983492783429,9.122528296612009,12.87615207605573,,,,,1.2452486900213953,,,,,,,0.7071067811865476,0.894427190999916,0.8366600265340756,19.217267972397586,
AS14.14,2014-04-02,0.1110792525599072,13.930844834833065,31.476854580786817,,,,,1.407849601342416,42.11810831459552,,,,,,0.0,0.0,0.0,29.41641908626778,
AS14.14,2014-04-03,0.11580545507446749,15.771410786069753,26.92793747325696,,,,,5.392003659741587,,,,,,,1.0488088481701516,0.0,1.0327955589886446,40.45932977447883,
AS14.14,2014-04-04,0.010419685552881804,14.260338231145386,15.668072057531518,,,,,8.070055570853691,,,,,,,0.0,0.0,0.7071067811865476,25.432858081719292,
AS14.14,2014-04-05,0.036613973221610877,8.544965426842147,147.35552274055715,,,,,6.398739743105667,5.952716746718817,,,,,,0.5477225575051662,0.894427190999916,0.547722557505166,80.68964146802725,
AS14.14,2014-04-06,0.07365858296570077,10.59599899490369,73.13665107966287,,,,,2.532108646958104,20.012980022142294,,,,,,0.0,0.0,0.5477225575051663,49.11353919073411,
AS14.14,2014-04-07,0.018576942326403494,9.313017669282841,20.853618932134214,,,,,11.143937629940325,59.3447272215485,,,,,,1.0954451150103321,0.7071067811865476,0.7071067811865476,33.902304295226074,
AS14.14,2014-04-08,0.0750284240376002,8.686959529193965,4.274520440938375,,,,,2.743117259615418,,,,,,,1.0954451150103321,0.4472135954999579,0.8366600265340756,18.49449182076913,
AS14.14,2014-04-09,0.1765301406592343,23.258455115338524,20.411899085722382,,,,,1.2858328040612435,,,,,,,1.1547005383792517,1.0,1.0,51.692992623883896,
AS14.14,2014-04-10,0.10611193041537738,20.439378288104383,,,,,,1.1483685529190244,,,,,,,1.1547005383792517,0.0,0.5773502691896258,83.45900654258327,
AS14.14,2014-04-11,0.061626761216750925,11.081062173515424,,,,,,5.669856726584896,25.502099861253257,,,,,0.0,0.0,0.0,0.4999999999999999,21.302968356279465,
AS14.14,2014-04-12,0.13221372565228834,8.483880913658728,,,,,,5.765041587013922,,,,,,,1.4142135623730951,0.0,0.7071067811865476,7.883492514667697,
AS14.14,2014-04-13,0.0,0.24253762594698577,,,,,,,,,,,,,,,,0.24536597080106046,
AS14.14,2014-04-14,0.014156158567804526,13.497717253481978,,,,,,15.455021329652055,,,,,,,1.4142135623730951,0.0,0.7071067811865476,30.27980698784291,
AS14.14,2014-04-15,0.006212450566567897,13.240785707876432,,,,,,4.093698120281953,2.7654057568465427,,,,,,0.0,0.5773502691896258,0.0,29.37024854063024,
AS14.14,2014-04-16,0.09178025060825493,20.337416101847836,,,,,,6.271459638712508,,,,,,,1.0,0.9574271077563382,0.816496580927726,22.408545609317233,
AS14.14,2014-04-17,0.09458096624210341,15.313486714293292,13.47608156451026,,,,36.254071778215476,12.486293333091291,,,,,,,1.0,0.5477225575051661,0.44721359549995787,34.900294768735506,
AS14.14,2014-04-18,0.07511565157216635,12.517995326015377,12.066777220948433,,,,,4.326079287299297,,,,,,,0.0,0.0,0.7071067811865476,33.897412523598746,
AS14.14,2014-04-19,0.006944332292966744,8.116969524687516,11.74590121276354,,,,,6.058365153515702,,,,,,,0.9574271077563381,0.0,0.4999999999999999,16.983902347899026,
AS14.14,2014-04-20,0.01526377356851984,24.460821585227645,91.47941302828741,,,,,5.964840728524667,,,,,,,0.0,0.7071067811865476,0.7071067811865476,70.59236284473168,
AS14.14,2014-04-21,0.07960275115435686,8.199148320917594,123.34512068818668,,,,,1.2511105400136844,,,,,,,0.9574271077563381,0.0,0.816496580927726,66.33508827895004,
AS14.14,2014-04-22,0.016246465918358453,7.957449263342963,16.055843767034748,,,,,1.661165464365305,132.03239239671453,,,,,,0.894427190999916,0.5477225575051662,0.7071067811865476,44.138345882017596,
AS14.14,2014-04-23,0.09112473377438382,14.070908906547194,8.356790507325963,,,,,6.613003881242876,,,,,,,0.0,0.5773502691896258,0.0,24.47066745266641,
AS14.14,2014-04-24,0.11929805590951945,20.51786149700442,12.799670972333622,,,,,0.6929646455628157,,9.150188358716994,,,,,0.5773502691896258,0.0,0.5773502691896257,25.581405655291,
AS14.14,2014-04-25,0.014637663080549434,8.061115227674529,34.201034695028255,,,,,10.445201252249763,,,,,,,0.4472135954999579,0.5477225575051662,0.7071067811865476,38.3518508892238,
AS14.14,2014-04-26,0.26656919499572496,13.620411343111321,,,,,,,,,,,,,,,,23.443147855517072,
AS14.14,2014-04-27,0.008445799058652195,28.77894890491014,30.91102428422585,,,,,5.580109706209488,,,,,,,1.0,0.0,0.5773502691896258,46.5604136807009,
AS14.14,2014-04-28,0.0,2.8197407091196642,,,,,,,,,,,,,,,,6.830515909619838,
AS14.14,2014-04-29,0.0111111111111111,15.48670173222359,8.67973573906487,,,,,3.6218009332374965,,,,,,,,,,35.73083456469232,
AS14.14,2014-04-30,0.11942044794022248,9.413051426159061,,,,,,1.6588725086636407,,,,,,,0.0,0.0,0.0,6.707636565889134,
AS14.14,2014-05-01,0.15509930424786197,10.807716808029534,,,,,,2.744430238379787,,,,,,,0.0,0.7071067811865476,0.0,68.41841904808797,
AS14.14,2014-05-02,0.01678200829665913,8.657775923411277,,,,,,8.990848847578299,,,,,,,0.5773502691896258,0.0,0.5773502691896257,17.02497057668106,
AS14.14,2014-05-03,0.008853056551607364,15.393636299792945,13.886399086876338,,,,,6.137300285956359,,,,,,,0.8366600265340756,0.0,0.44721359549995787,30.697036703939773,
AS14.14,2014-05-04,0.00235274876072199,7.831541642427501,10.305908095197951,,,,,4.3487904870205005,,,,,,,0.7071067811865476,0.4472135954999579,0.44721359549995787,15.238887367561482,
AS14.14,2014-05-05,0.024296476537493124,6.839163214618473,19.105935689503106,,,,,0.6561950929411154,,,,,,,0.0,0.0,0.0,31.747750194755557,
AS14.15,2014-02-17,,,,,,,,,,,,,,0.0,,,,,
AS14.15,2014-02-18,,,,,,,,,,,,,,0.0,,,,,
AS14.15,2014-02-19,,,,,,,,,,,,,,0.0,,,,,0.0
AS14.15,2014-02-20,,,,,,,,,,,,,,0.0,,,,,0.0
AS14.15,2014-02-21,,,,,,,,,,,,,,,,,,,
AS14.15,2014-02-22,,,,,,,,,,,,,,0.0,,,,,0.0
AS14.15,2014-02-23,,,,,,,,,,,,,,,,,,,0.0
AS14.15,2014-02-24,,,,,,,,,,,,,,0.0,,,,,
AS14.15,2014-02-25,,,,,,,,,,,,,,0.0,,,,,0.0
AS14.15,2014-02-26,,,,,,,,,,,,,,0.0,,,,,0.0
AS14.15,2014-02-27,,,,,,,,,,,,,,0.0,,,,,
AS14.15,2014-03-01,,,,,,,,,,,,,,0.0,,,,,
AS14.15,2014-03-03,,,,,,,,,,,,,,0.0,,,,,
AS14.15,2014-03-04,,,,,,,,,,,,,,0.0,,,,,
AS14.15,2014-03-05,,,,,,,,,,,,,,,,,,,
AS14.15,2014-03-06,,,,,,,,,,,,,,0.0,,,,,
AS14.15,2014-03-07,,,,,,,,,,,,,,0.0,,,,,
AS14.15,2014-03-08,,,,,,,,,,,,,,0.0,,,,,
AS14.15,2014-03-09,,,,,,,,,,,,,,0.0,,,,,
AS14.15,2014-03-10,,,,,,,,,,,,,,0.0,,,,,
AS14.15,2014-03-11,,,,,,,,,,,,,,,,,,,
AS14.15,2014-03-12,,,,,,,,,,,,,,0.0,,,,,
AS14.15,2014-03-13,,,,,,,,,,,,,,0.0,,,,,
AS14.15,2014-03-14,,23.651931977433716,,,,,,,,,,,,0.0,0.9574271077563381,0.5773502691896257,0.5773502691896258,52.995099871849526,
AS14.15,2014-03-15,,5.966376971552055,53.110259275711826,,,,,,,,,,,0.0,0.5,1.0,1.2583057392117918,65.971184308704,
AS14.15,2014-03-16,,,,,,,,,,,,,,,1.2110601416389968,0.5163977794943222,0.9831920802501749,,
AS14.15,2014-03-17,,1.013991124221509,,,,,,,,,,,,0.0,0.7071067811865476,1.224744871391589,0.547722557505166,,
AS14.15,2014-03-18,0.17327634145430457,21.239195112236818,99.91151572447743,,,,,,,22.78863734408006,,,,0.0,0.5477225575051662,0.4472135954999579,0.44721359549995787,174.57503253135584,
AS14.15,2014-03-19,,,,,,,,,,,,,,0.0,1.3038404810405297,0.4472135954999579,0.547722557505166,,
AS14.15,2014-03-20,0.039483628456611894,29.318470805961216,29.880857298890653,,,,,,,,,,,0.0,0.894427190999916,0.0,0.0,238.28525702457756,0.0
AS14.15,2014-03-21,0.19746909661945958,29.821432210357084,23.705153329204833,,,,,0.007778174593052422,,,,,,0.0,0.8366600265340756,0.4472135954999579,0.7071067811865475,47.4272878660531,
AS14.15,2014-03-22,0.11980337928220564,30.739856740069555,38.374685014993936,,,,,,,,,,,,1.3416407864998738,0.0,0.0,38.86580465913951,
AS14.15,2014-03-23,0.2416696542848159,3.1967849865137943,,,,,,,,,,,,,1.0954451150103324,0.0,0.0,307.77013495270563,
AS14.15,2014-03-24,0.0,25.027320259341316,9.87644694884417,,,,,,,,,,,,0.0,0.4472135954999579,0.0,51.38738131802951,
AS14.15,2014-03-25,0.0086206896551724,26.625756464222857,23.184266277786016,,,,,,,,,,,,0.4472135954999579,0.0,0.0,32.397222158153994,
AS14.15,2014-03-26,0.15588176774210402,19.713010781792317,97.34186662458563,,,,,10.261693245593861,,,,,,0.0,0.5477225575051661,0.4472135954999579,0.4472135954999579,224.0729580746331,0.0
AS14.15,2014-03-27,0.0,,,,,,,,,,,,,0.0,0.0,0.0,0.0,,
AS14.15,2014-03-28,0.04840619264119648,30.382721068309632,105.73277586220736,,,,,,,,,7.842487636798246,,0.0,0.8366600265340756,0.0,0.44721359549995787,130.5058300351722,
AS14.15,2014-03-29,0.3485699016215435,19.746740092424822,,,,,,,,,,,,0.0,1.0954451150103321,0.4472135954999579,0.0,28.894391130765538,
AS14.15,2014-03-30,0.2253570869563935,33.573960250567204,53.58765757429597,,,,,,,,,,,0.0,1.3038404810405297,0.0,0.5477225575051663,101.25557062906317,
AS14.15,2014-03-31,0.0,,,,,,,,,,,,,0.0,0.8366600265340756,0.0,0.44721359549995787,,0.0
AS14.15,2014-04-01,0.32835952832800397,20.240200518757856,82.86774566981677,,,,,,,,,,,,0.5477225575051661,0.0,0.44721359549995787,106.29338877918775,0.0
AS14.15,2014-04-02,0.25434774474772043,19.980028877574675,117.43277665615442,,,,,,,,,,,0.0,0.4472135954999579,0.0,0.44721359549995787,176.64363385767624,
AS14.15,2014-04-03,0.0,,,,,,,,,,,,,0.0,0.5477225575051661,0.0,0.44721359549995787,,
AS14.15,2014-04-04,0.30612836199323135,23.273360958731008,45.62892059867294,,,,,,100.28824766890685,,,,,0.0,0.5477225575051661,0.0,0.44721359549995804,52.88597706983697,
AS14.15,2014-04-05,0.24250063064524713,4.802322077217784,,,,,,,,,,,,0.0,1.224744871391589,0.0,0.44721359549995787,4.804530133163899,
AS14.15,2014-04-06,0.009304036594559832,27.25356561059321,18.022811183397028,,,,,,,,,,,0.0,0.8366600265340756,0.7071067811865476,0.4472135954999579,69.50644268543465,
AS14.15,2014-04-07,0.1402581035355747,4.914344711601379,80.07751820356857,,,,,1.3859292911256338,,,,,,0.0,0.5477225575051661,0.8944271909999159,0.44721359549995787,86.02022938745502,
AS14.15,2014-04-08,0.0,,,,,,,,,,,,,,0.8366600265340756,0.894427190999916,0.44721359549995787,,0.0
AS14.15,2014-04-09,0.015193428136569091,,,,,,,,,,,,,0.0,0.7071067811865476,0.0,0.0,,
AS14.15,2014-04-10,0.017653168243419386,23.541682043652795,43.63418908964748,,,,,,,,,,,,0.8944271909999159,0.0,0.44721359549995787,170.06369014452824,
AS14.15,2014-04-11,0.05050762722761051,29.102300209777233,12.38514509402292,,,,,,,,,,,,1.3416407864998738,0.4472135954999579,0.0,197.2214336718632,
AS14.15,2014-04-12,0.14184736593682057,23.496035556379862,48.94215172260099,,,,,,,,,,,0.0,0.0,0.0,0.5477225575051663,294.56689437767255,
AS14.15,2014-04-13,0.0,,,,,,,,,,,,,0.0,0.0,0.0,0.0,,0.0
AS14.15,2014-04-14,0.12205609735190334,26.596371164205216,76.45669984091411,,,,63.07295570144677,,72.97695535235763,53.34488122584959,,,,,0.0,0.0,0.0,216.62379522145926,
AS14.15,2014-04-15,0.0,,,,,,,,,,,,,,1.0954451150103321,0.0,0.0,,
AS14.15,2014-04-16,0.17202897922464308,25.027380069256836,83.44539857146108,,,,,19.240375516085958,,,,,,,1.0954451150103324,0.0,0.0,208.71122520181507,
AS14.15,2014-04-17,0.13452660790388993,27.6046207872294,108.7377809684235,,,,,50.80037978532575,40.52994648405053,,,,,0.0,1.4142135623730951,1.0,0.5477225575051663,153.77951075456025,
AS14.15,2014-04-18,0.13940076022829775,25.641964548296684,71.03604277595886,97.68630242089557,,,25.522932613631998,,,,,,,,0.5477225575051661,0.0,0.0,336.56566521787624,
AS14.15,2014-04-19,0.04419417382415922,29.26546710221983,,,,,,44.233002727978274,,,,,,,0.8366600265340756,0.4472135954999579,0.0,60.68987189802392,
AS14.15,2014-04-20,,,,,,,,,,,,,,,0.7071067811865476,0.0,0.0,,
AS14.15,2014-04-21,0.0625,19.102751133633024,116.38995046502082,,,,27.895821437388552,79.53141601073582,,,,,,,0.447213595499958,0.0,0.44721359549995787,50.36758307494183,
AS14.15,2014-04-22,,,,,,,,,,,,,,0.0,0.7071067811865476,0.0,0.0,,
AS14.15,2014-04-23,0.33882199931855383,29.65721293847043,55.82177995713978,,,,,,,,,,,0.0,0.0,0.0,0.0,106.65434723587903,
AS14.15,2014-04-24,0.029462782549439435,27.137888851631942,88.68069050142496,,,,,34.789651867569276,,,,,,,0.4472135954999579,0.0,0.0,121.6226591271433,0.0
AS14.15,2014-04-25,0.0,25.29645422452193,,,,,,,,,,,,0.0,0.0,0.0,0.0,,0.0
AS14.15,2014-04-26,0.01964185503295967,31.07963099443106,43.90036874864113,,,,,27.18380915790378,,,,,,0.0,1.0954451150103321,0.7071067811865476,0.44721359549995804,47.76135766005929,
AS14.15,2014-04-27,0.11294066643951826,18.032005562073326,111.25544545172833,,,,,,,,,,,0.0,1.8929694486000914,0.894427190999916,0.0,333.3129660944512,
AS14.15,2014-04-28,0.10392304845413264,34.11364433551479,48.400790608212176,,37.55218963433868,,,9.980812216448118,,,,,,,0.7071067811865476,0.5477225575051661,0.0,159.03479566259904,
AS14.15,2014-04-29,0.014142135623730954,4.632907978077412,,,,,,,,,,,,,0.0,0.5773502691896258,0.0,20.271003125098282,
AS14.15,2014-04-30,,23.595681253144612,,,,,,44.705412026957084,,,,,,,0.894427190999916,1.140175425099138,0.7071067811865476,,
AS14.15,2014-05-01,,,,,,,,,,,,,,,0.447213595499958,0.0,0.5477225575051663,,
AS14.15,2014-05-02,0.0,,,,,,,,,,,,,0.0,0.8366600265340756,0.5773502691896257,0.0,,
AS14.15,2014-05-03,0.10101525445522117,23.70053141167584,103.72481448967102,,,,,,,,,,,0.0,0.4472135954999579,0.4472135954999579,0.44721359549995787,118.44090332692781,
AS14.15,2014-05-04,,,,,,,,,,,,,,,0.4472135954999579,0.5477225575051661,0.0,,
AS14.15,2014-05-05,0.0,27.052473188231794,,,,,,,,,,,,0.0,0.0,0.5,0.0,17.237849126601386,
AS14.15,2014-05-06,0.4530898738151645,27.50872827582077,93.3255715731894,376.8652869554319,,,,,8.39520793865961,,,,,,,,,299.3853085048653,0.0
AS14.15,2014-05-07,,,,,,,,,,,,,,,1.0,0.5477225575051661,0.0,,
AS14.15,2014-05-08,,,,,,,,,,,,,,,0.7071067811865476,0.0,0.0,,
AS14.16,2014-02-17,,,,,,,,,,,,,,0.0,,,,,
AS14.16,2014-02-20,,,,,,,,,,,,,,0.0,,,,,
AS14.16,2014-02-21,,,,,,,,,,,,,,,,,,,
AS14.16,2014-02-22,,,,,,,,,,,,,,,,,,,
AS14.16,2014-02-24,,,,,,,,,,,,,,0.0,,,,,
AS14.16,2014-02-25,,,,,,,,,,,,,,0.0,,,,,
AS14.16,2014-02-26,,,,,,,,,,,,,,0.0,,,,,
AS14.16,2014-02-27,,,,,,,,,,,,,,0.0,,,,,
AS14.16,2014-02-28,,,,,,,,,,,,,,,,,,,
AS14.16,2014-03-01,,,,,,,,,,,,,,0.0,,,,,
AS14.16,2014-03-02,,,,,,,,,,,,,,,,,,,0.0
AS14.16,2014-03-03,,,,,,,,,,,,,,0.0,,,,,
AS14.16,2014-03-04,,,,,,,,,,,,,,,,,,,
AS14.16,2014-03-06,,,,,,,,,,,,,,0.0,,,,,
AS14.16,2014-03-07,,,,,,,,,,,,,,0.0,,,,,0.0
AS14.16,2014-03-08,,,,,,,,,,,,,,,,,,,
AS14.16,2014-03-09,,,,,,,,,,,,,,0.0,,,,,
AS14.16,2014-03-10,,,,,,,,,,,,,,0.0,,,,,
AS14.16,2014-03-11,,,,,,,,,,,,,,0.0,,,,,
AS14.16,2014-03-12,,,,,,,,,,,,,,,,,,,0.0
AS14.16,2014-03-13,,2.6228666018520865,48.264868417583685,,,,,,,,,,,0.0,0.7071067811865476,0.7071067811865476,0.0,42.71664966499099,
AS14.16,2014-03-14,,0.9079566803175876,,,,,,,,,,,,,1.3416407864998738,0.5,0.894427190999916,,0.0
AS14.16,2014-03-15,,6.412439333826091,18.1357823101183,,6.6274810674946485,,,,10.087585340407289,,,,,,1.3416407864998738,0.4472135954999579,0.5477225575051663,55.77348118986921,0.0
AS14.16,2014-03-16,,16.182294383330564,11.275115717563365,,,,,4.7449622056801815,,,,,,,1.6431676725154984,0.5773502691896257,0.5477225575051662,31.445276373367353,0.0
AS14.16,2014-03-17,0.07225709954996919,4.325710769236763,90.49429608673317,,,,,,,,,,,,1.51657508881031,1.140175425099138,0.8366600265340755,111.62498211457618,
AS14.16,2014-03-18,0.14895990313224253,4.733896442260901,33.29444897792408,33.69010258963306,,,,,,,,,,0.0,1.3416407864998738,0.5477225575051661,0.5477225575051661,30.156591854483683,
AS14.16,2014-03-19,0.014501543219578436,7.511408702766745,,,,,,7.105008937362428,,,,,,,1.4142135623730951,0.5477225575051661,0.547722557505166,9.586989235369941,
AS14.16,2014-03-20,0.07121291583215636,15.010497350306462,10.376454134756935,,,,,,7.7046354878086225,,,,,0.0,1.5275252316519465,1.1547005383792517,1.5275252316519465,47.92910007566206,0.0
AS14.16,2014-03-21,0.20469621641426927,7.029162367119808,13.50950173489015,,,,,,66.88240200531078,,,,,0.0,1.224744871391589,0.0,0.44721359549995787,48.85719738813714,
AS14.16,2014-03-22,0.17586597490431835,8.990434085990813,35.99830981032304,40.531360697612904,,,,,,,,,,0.0,1.7320508075688772,0.5,1.0,386.88431749647174,0.0
AS14.16,2014-03-23,0.1719914528530337,9.527023786751732,25.46361979934735,62.10215803818737,,,,3.585031380615796,36.744407796742806,,,,,0.0,1.414213562373095,0.0,0.0,102.50920294691254,0.0
AS14.16,2014-03-24,0.1200565421702474,4.711789246750867,26.02782905874232,,1.412799348810722,,,,,,,,,,1.414213562373095,0.4472135954999579,0.5477225575051662,42.76732692296775,
AS14.16,2014-03-25,0.17823648178223586,7.3454862472875755,34.021570628392915,,,,,3.546140507650536,29.199116990073517,,,,,,0.894427190999916,0.894427190999916,1.224744871391589,53.80637471046977,
AS14.16,2014-03-26,0.2449857012249177,3.680208456828809,63.4155378140878,,14.511952470291511,,,,,,,,,,1.6431676725154984,0.9574271077563381,1.140175425099138,237.77321009567092,
AS14.16,2014-03-27,0.4387605886868991,8.411703574649893,,71.6816990840991,,,,,,,,,,,1.8257418583505538,0.9574271077563381,0.816496580927726,65.84609606903138,0.0
AS14.16,2014-03-28,0.163414919648402,3.8791869165243034,31.999444899941807,,,,,,,,,,,,1.2583057392117916,0.5,0.5773502691896257,45.446490848413,
AS14.16,2014-03-29,0.4009321074625104,2.9653384739555397,9.89434275553978,,,,,,14.997905375973893,,,,,0.0,0.7071067811865476,0.7071067811865476,1.0606601717798212,21.64880178384394,0.0
AS14.16,2014-03-30,0.12430015138813519,6.151052998853855,22.48261717861157,179.34314877156584,,,,2.167282284336769,,,,,,0.0,1.816590212458495,0.0,2.5099800796022267,108.97569535860589,
AS14.16,2014-03-31,0.24097642074592385,2.027700594269282,10.788731514872357,,,,,,,,,,,0.0,1.5,0.5773502691896258,0.0,13.423435126951253,0.0
AS14.16,2014-04-01,0.3698770861088909,4.711129163231153,14.831159657214192,,,,,,19.3585415859081,19.016222666449824,,,,,1.3416407864998738,0.5477225575051661,0.8366600265340757,26.82037369908316,
AS14.16,2014-04-02,0.049509821601418605,0.6663364598892799,25.738959310949507,,,,,,,,,,,0.0,1.0954451150103324,0.0,0.8944271909999159,62.32530648267739,
AS14.16,2014-04-03,0.02738929738257466,2.0875981972911677,91.32856871483315,,,,,0.7728677118368964,6.525656920954395,,,,,,1.0,1.1547005383792517,1.5,33.12166101977219,
AS14.16,2014-04-04,0.25307467467567535,12.037243926788486,66.43123861392439,49.632207389288396,,,,1.7444725086206814,42.755401332129125,4.625892562522394,,,,0.0,1.0954451150103321,0.4472135954999579,0.8366600265340755,88.83057395668114,0.0
AS14.16,2014-04-05,0.18995378849758338,6.4498903491829624,28.01755188224622,74.66976898651824,,,,2.1241487706843896,,,,,,,1.414213562373095,0.0,0.0,22.225471150516274,
AS14.16,2014-04-06,0.3317418761454652,17.53049272465639,34.65301473369939,29.17271982006477,,,,,17.05841487360417,,,,,,1.5275252316519465,0.0,0.4999999999999999,137.7917687214469,
AS14.16,2014-04-07,0.1306109674518289,4.693848276167021,22.26317752034057,,4.92217030383956,,,,11.454534749754497,,,,,,1.0954451150103324,0.0,0.0,35.9799357234616,
AS14.16,2014-04-08,0.07216554938446233,1.2491438067732632,,,,,,,,,,,,0.0,1.0,0.5773502691896258,0.8944271909999159,1.5126278013766592,
AS14.16,2014-04-09,0.3574107069365408,6.167091046003534,,,,,,,,,,,,,1.0,0.0,0.4472135954999579,47.9805334182103,
AS14.16,2014-04-10,0.20738341519614972,3.9163561249430616,21.455853958529442,5.796861392167319,60.396818608267765,,,0.7014499269370545,61.539164897919555,,,,,0.0,1.0954451150103324,0.0,0.547722557505166,80.1076206781179,
AS14.16,2014-04-11,0.06132372152916157,2.9322663159438718,61.049981247398364,,,,,,17.624441097521363,,,,,,1.224744871391589,0.0,0.0,23.108129210072406,
AS14.16,2014-04-12,0.0,,,,,,,,,,,,,0.0,0.5,0.0,0.0,,
AS14.16,2014-04-13,0.12856486930664512,3.5493255462599276,,,,,,,,,,,,,1.1547005383792515,1.0,1.3416407864998738,18.221817224375727,0.0
AS14.16,2014-04-14,0.05317906048699837,7.548935506106957,14.64597954047458,,,,,,,,,,,0.0,1.0954451150103324,0.0,0.0,14.559336490760105,
AS14.16,2014-04-15,0.08740073734751264,35.13922133931447,14.403769946325394,,,,,,,,,,,,1.51657508881031,1.0,0.547722557505166,,0.0
AS14.16,2014-04-16,0.23027181230061253,11.21928241241223,36.41539382284267,,,,,1.4481546878700493,39.82283970286399,,,,,0.0,1.5,0.0,0.5,39.19645143079459,0.0
AS14.16,2014-04-17,0.21460806840950583,14.396329066448631,16.202942814844196,,9.950406624857099,,,0.741755013464688,,,,,,0.0,1.51657508881031,0.0,0.0,57.09678559779879,
AS14.16,2014-04-18,0.02510583399377288,6.232795447828701,39.79729584484981,210.45465216780417,,,,,44.85002308713639,,,,,,1.1547005383792515,0.0,0.4472135954999579,141.88897690049873,0.0
AS14.16,2014-04-19,0.3234060487680344,,,,,,,,,,,,,0.0,0.5477225575051661,0.0,0.4472135954999579,,
AS14.16,2014-04-20,0.0,,,,,,,,,,,,,,0.5773502691896258,0.0,0.0,,
AS14.16,2014-04-21,0.03316142477433425,6.146372458613293,62.87064403845028,,,,,,,,,,,,1.4142135623730951,0.0,0.5,55.05328726722617,
AS14.16,2014-04-22,0.03696798711024028,2.598946907045434,37.87208386067786,77.3518250075588,,,,,,,,,,,1.0954451150103321,0.4472135954999579,0.894427190999916,41.44474116671053,
AS14.16,2014-04-23,0.15898095592205452,13.922806667551779,64.67828084044432,,44.76710486879103,,,,,,,,,0.0,1.2583057392117916,0.0,0.5,75.33157080721878,
AS14.16,2014-04-24,0.028444580105824985,8.25411640401994,63.71083089725835,48.4085357246013,,,,,,,,,,0.0,1.0954451150103324,0.447213595499958,1.1401754250991378,236.72284018990706,
AS14.16,2014-04-25,0.14178005509252176,10.671372821936355,0.7162991693419719,,,,,,3.936111575315585,,,,,0.0,0.8944271909999159,0.0,0.44721359549995787,28.053002734063046,0.0
AS14.16,2014-04-26,0.4733757024787805,,32.164873262613675,,,,,,,,,,,,1.0,0.0,0.4999999999999999,,0.0
AS14.16,2014-04-27,0.19192642921102387,5.316087627820545,11.486002751658695,,,,,,,,,,,0.0,1.0954451150103321,0.0,0.44721359549995787,14.345916539604895,
AS14.16,2014-04-28,0.0639763278216397,2.934024734533972,,,,,,,96.98818032110924,,,,,0.0,,,,77.7515035219418,
AS14.16,2014-04-29,0.06850072231017801,16.40972119640031,26.462624564067394,38.872258363130896,18.384069204069046,,,,17.230611620020923,,,,,0.0,1.0,0.0,0.0,42.80853754531134,0.0
AS14.16,2014-04-30,0.06553023996291385,2.308851627819708,68.0504956967006,13.75888374832784,,,,,,,,,,0.0,1.3416407864998738,0.0,0.0,136.6493032230737,
AS14.16,2014-05-01,0.10120497066252394,7.464894599699005,,,,,,,,,,,,0.0,1.1547005383792515,0.0,0.0,13.176187298066544,0.0
AS14.16,2014-05-02,0.1535900777542762,5.422663397127687,41.35689349339771,28.995460524019965,,,,,20.116261388488663,,,,,0.0,,,,52.81983890843458,
AS14.16,2014-05-03,0.03602999087911851,9.834552349697356,85.44873081888825,68.68315719082808,,,,,29.508177771217554,,,,,,,,,156.57590649640073,
AS14.16,2014-05-04,0.09421102637087467,14.079666972572847,36.15947490093172,,,,,,38.592758167822105,,,,,,1.4142135623730951,0.0,0.0,41.317996043414915,
AS14.16,2014-05-05,0.025862068965517248,2.64739744109401,,243.18777820492954,,,,,,,,,,,0.7071067811865476,0.0,0.5773502691896258,293.4680515514116,
AS14.17,2014-02-17,,,,,,,,,,,,,,,,,,,0.0
AS14.17,2014-02-18,,,,,,,,,,,,,,,,,,,
AS14.17,2014-02-20,,,,,,,,,,,,,,,,,,,
AS14.17,2014-02-21,,,,,,,,,,,,,,,,,,,
AS14.17,2014-02-22,,,,,,,,,,,,,,,,,,,0.0
AS14.17,2014-02-23,,,,,,,,,,,,,,,,,,,
AS14.17,2014-02-24,,,,,,,,,,,,,,,,,,,
AS14.17,2014-02-25,,,,,,,,,,,,,,,,,,,
AS14.17,2014-02-26,,,,,,,,,,,,,,0.0,,,,,
AS14.17,2014-02-28,,,,,,,,,,,,,,,,,,,
AS14.17,2014-03-01,,,,,,,,,,,,,,,,,,,0.0
AS14.17,2014-03-02,,,,,,,,,,,,,,,,,,,0.0
AS14.17,2014-03-04,,,,,,,,,,,,,,0.0,2.1213203435596424,,1.4142135623730951,,
AS14.17,2014-03-05,,,,,,,,,,,,,,,1.1547005383792517,0.5773502691896257,1.0,,
AS14.17,2014-03-06,,,,,,,,,,,,,,,0.5773502691896257,0.5,0.9574271077563381,,
AS14.17,2014-03-07,,,,,,,,,,,,,,,0.9574271077563381,0.816496580927726,1.2909944487358056,,
AS14.17,2014-03-08,,,,,,,,,,,,,,,0.5477225575051662,0.4472135954999579,0.5477225575051663,,
AS14.17,2014-03-09,,,,,,,,,,,,,,0.0,0.4472135954999579,0.0,0.44721359549995787,,
AS14.17,2014-03-10,,,,,,,,,,,,,,,0.5773502691896258,0.5773502691896258,1.1547005383792517,,
AS14.17,2014-03-11,,,,,,,,,,,,,,,0.0,0.5477225575051661,0.44721359549995787,,
AS14.17,2014-03-12,,,,,,,,,,,,,,,0.447213595499958,0.447213595499958,0.5477225575051663,,
AS14.17,2014-03-13,,,,,,,,,,,,,,,0.5,0.5,0.9574271077563381,,0.0
AS14.17,2014-03-14,,,,,,,,,,,,,,,0.0,0.0,0.0,,
AS14.17,2014-03-15,,,,,,,,,,,,,,,,,,,
AS14.17,2014-03-16,,,,,,,,,,,,,,,,,,,
AS14.17,2014-03-17,,,,,,,,,,,,,,,,,,,
AS14.17,2014-03-18,,,,,,,,,,,,,,0.0,,,,,
AS14.17,2014-03-19,,,,,,,,,,,,,,0.0,,,,,
AS14.17,2014-03-20,0.02996365460711088,5.5477423742099665,30.124518321944443,,,,,28.290696783571807,101.70427029569171,,,,,,,,,157.90457354394823,
AS14.17,2014-03-21,0.2127343965156261,4.517701357842584,55.05919423402061,141.86541030944318,,,3.209652816115787,2.929981023829335,67.07883654987896,,,,,,0.4472135954999579,0.0,0.5477225575051662,123.3995192499742,
AS14.17,2014-03-22,0.246598740303735,15.345205164330329,55.22004778279088,234.7136394764906,,,,36.83087160385971,103.58945805815672,16.931311890498424,,,,,0.5477225575051662,0.4472135954999579,0.5477225575051661,115.41346081520469,
AS14.17,2014-03-23,0.12383873314660052,7.188071496446188,27.7989451037459,94.9111887028516,,,,1.0064182530141235,64.00965270253269,13.649049069440698,,,,,0.4472135954999579,0.4472135954999579,0.894427190999916,101.7846402683034,
AS14.17,2014-03-24,0.2282180160908153,6.4699541856613605,28.6852576253632,95.97920211879817,,,,1.3175904902510491,82.61383305157607,12.181410136918037,,19.058350120966224,,0.0,0.5773502691896258,0.5773502691896258,1.0,84.8943173498843,
AS14.17,2014-03-25,0.11821713231496726,6.58076813390793,23.008993283571172,108.65470066389723,,,,0.9574608782260156,84.80221170694783,,,0.03252691193458106,,,0.5773502691896257,0.0,0.5773502691896258,91.55928469836005,
AS14.17,2014-03-26,0.12689652553525257,6.653267869269323,31.699393797281857,172.51947024997884,,,,25.017210895035173,48.16667324910442,,,24.460559619858795,,0.0,0.4472135954999579,0.4472135954999579,0.44721359549995787,138.86970814974595,
AS14.17,2014-03-27,0.13908732345799604,15.044297383268997,31.52948407184038,139.87563620817252,,,,1.603955049245458,42.7740672388698,54.332171557620136,,,,,0.5477225575051662,0.5477225575051661,0.8366600265340756,110.69055333354665,
AS14.17,2014-03-28,0.274663299189732,8.427502562243438,34.6852554568161,201.72749199030855,,,,25.74120449195081,47.119602337536556,21.82206705653438,,,,,0.5477225575051662,0.0,0.44721359549995804,62.97938496739624,
AS14.17,2014-03-29,0.20281694334944392,11.210954392770253,25.174966739756098,167.37451681692767,,,,2.5591273317285332,46.69983637127685,20.969905315280233,,,,0.0,0.5477225575051661,0.894427190999916,1.0954451150103324,116.18394900806213,
AS14.17,2014-03-30,0.015214515486254613,11.165001505516328,25.26781096689667,,,,,2.7890801799159526,,,,,,,0.0,0.0,0.0,35.74287201205407,
AS14.17,2014-03-31,0.15412159501480208,10.749729412966259,46.2906133659999,164.10046091860923,,,,47.98991131844672,91.22331026979313,63.05789864538327,,24.786446659414494,,,0.5773502691896257,0.0,0.4999999999999999,86.06060178886196,
AS14.17,2014-04-01,0.14633181854140478,16.0577358662415,47.82807924792397,179.6721981553391,,,20.666594640979085,82.79874735709932,75.65957713250934,11.828587556565378,,0.5423509011700816,,0.0,0.5477225575051661,0.0,0.5477225575051661,100.64357028876917,0.0
AS14.17,2014-04-02,0.10300244673460109,11.706331752892252,19.668782205091222,183.5745532407811,,,52.318175551140925,18.9865862635821,84.76656088024563,21.48594787795702,,10.645969014921407,,,0.9574271077563381,0.5,0.5773502691896258,84.40581925705108,
AS14.17,2014-04-03,0.1687195428275552,6.337789293715186,40.03215719736329,152.45057111387814,,,,18.625211991634707,76.61279816390488,15.13744811808707,,,,,0.8366600265340756,0.0,0.44721359549995787,136.648257883485,
AS14.17,2014-04-04,0.2128739694963636,4.144071120723322,20.912372831959747,108.10086119851732,,,22.779097282377105,3.142684568963294,58.69557310509428,,,,,,1.140175425099138,0.4472135954999579,0.0,137.76059261873925,
AS14.17,2014-04-05,0.22538726427046782,5.654683406964233,37.86579853537954,107.34554726675903,,,,3.9730204894417307,48.333117845956416,1.7574837125845577,,,,0.0,1.3038404810405297,0.0,0.0,64.45769080261023,0.0
AS14.17,2014-04-06,0.14146006211768367,6.626741384258642,22.000453415630627,213.7921415517886,,,,8.37538740563351,45.01528590749295,,,,,,1.5,0.5,0.9574271077563381,179.19734056522773,
AS14.17,2014-04-07,0.08757199279789427,7.726792875422669,23.308670735212257,133.41304206860738,,,,0.5353615600694541,114.01134057773959,,,,,,0.0,0.0,0.0,102.43227318961696,
AS14.17,2014-04-08,0.03784231328692925,9.079216706677883,34.01123876506968,112.77727849978551,,,63.99740633806966,2.92487985508237,39.609188393753286,25.4545257543286,40.41278945524017,,,0.0,0.894427190999916,0.0,0.0,98.65183875107846,
AS14.17,2014-04-09,0.16067237920861988,6.3997948460264995,22.493512632859883,63.84113667425884,,,19.6389013414702,12.629605907021276,69.26974898448547,13.807814624101397,,,,,0.5,0.0,0.0,88.36486429354697,
AS14.17,2014-04-10,0.12758831538527118,6.203938558463727,31.877564183078093,136.71949832310162,,,,29.26775926192994,60.95193091098145,44.694501051783284,,,,,0.0,0.0,0.5,75.95816429557482,
AS14.17,2014-04-11,0.26032600836720643,10.570564818210416,17.448691725551615,,,,,2.281509653716153,45.55634453281897,8.071572575370533,,29.686062605202462,,,1.3416407864998738,0.0,0.44721359549995787,25.73532495147016,
AS14.17,2014-04-12,0.19874376054868062,14.353629268541386,37.85553304835371,187.26993260658844,,,,2.3178249071057975,23.871986961870466,,,,,,1.3416407864998738,0.0,0.44721359549995787,22.59497024441559,
AS14.17,2014-04-13,0.18470948562622738,11.759420187565489,33.11557857974389,151.76079140043154,,,,4.191622275444198,103.83003914988666,58.66043815326759,,,,,1.3038404810405297,0.0,0.44721359549995804,119.4406689235419,
AS14.17,2014-04-14,0.1091043453100357,5.8724362840402415,21.22711685223553,,,,,2.0038704810346166,15.208447296058504,10.879288859317198,,,,,0.4472135954999579,0.0,0.0,22.038512576220892,
AS14.17,2014-04-15,0.19022258462767938,22.690697221925635,30.804378937288146,114.5530582575359,,,0.6590235200658616,49.33809897159025,93.7346297549201,7.0017713473091945,,,,,1.3416407864998738,0.0,0.0,64.91258034703387,
AS14.17,2014-04-16,0.12274660335575283,9.401167336169811,37.232799123003645,103.93793435106679,,,19.176028798997983,1.07834720753568,49.42858649193939,26.569548480441767,,,,0.0,0.4472135954999579,0.0,0.4472135954999579,70.68285892482501,
AS14.17,2014-04-17,0.1702356622371825,14.756113260192164,33.47913447150053,131.08782286056254,,,,1.9597453405991303,64.49948531056381,,,0.5080318231502169,,,1.3416407864998738,0.0,0.0,72.19710672917279,0.0
AS14.17,2014-04-18,0.2119241101598429,10.3804135133814,42.1029452407254,182.38896245578138,,,,1.687643006286183,6.363679671908908,,,,,,0.0,0.0,0.0,92.37801586140353,
AS14.17,2014-04-19,0.19823761908366272,5.165737531313824,21.562862964285685,,,,,1.7895361689555207,23.53686901601237,,,,,,0.0,0.0,0.0,30.238217190551588,
AS14.17,2014-04-20,0.18195080206155304,7.12066242495828,33.36230915674288,190.19333763918578,,,,2.141040704890965,44.3685053191399,66.93399524407111,,,,,1.3416407864998738,0.0,0.4472135954999579,90.3444520512949,
AS14.17,2014-04-21,0.2146266803332252,5.473418679085234,35.90253254373257,184.58355842634884,,,,6.066253157152829,54.627710274252685,,,,,,0.8944271909999159,0.0,0.5477225575051663,65.03352130857424,
AS14.17,2014-04-22,0.10294924421085944,5.940711476272594,67.85940713169495,106.2509427734342,,,,2.422485562392478,71.84260984634713,16.741851092397162,,,,,0.894427190999916,0.0,1.51657508881031,158.08259247897823,0.0
AS14.17,2014-04-23,0.12845369909311688,9.26809663525282,39.24758501993277,127.51626084386257,,,,1.9053424101719885,67.84639880647738,21.577745666917487,,,,,0.0,0.0,0.4999999999999999,96.25071740499382,
AS14.17,2014-04-24,0.14040540658245082,11.11839959597214,35.85677271597071,138.32754396644177,,,,1.9886298549503874,89.10437559510297,20.62719444447063,,,,,0.0,0.0,0.44721359549995787,108.91100268226884,
AS14.17,2014-04-25,0.2495906727266333,10.495798077377204,41.263838112576224,179.85974458062054,,,35.158120560310586,27.908387788739546,162.12851126909584,,,,,0.0,1.3416407864998738,0.0,0.44721359549995804,45.60686140794713,
AS14.17,2014-04-26,0.24975438198976335,7.905601445528982,17.226579057081732,,,,,6.331647105348391,14.83833375304204,,,,,,0.0,0.0,0.816496580927726,22.67023550270051,
AS14.17,2014-04-27,0.238035763792675,22.80723709087975,54.86488388586744,254.9124063032241,,,,0.6857802126045927,85.30274597331692,,,,,,0.0,0.0,0.44721359549995787,146.16155478929613,0.0
AS14.17,2014-04-28,0.12491420977494136,9.345537770213802,27.545382674306,237.61746858399673,,,43.97872888383765,5.948391017745892,49.64352335510014,93.34038593154627,,,,,0.5,1.1547005383792517,0.4999999999999999,103.55920218809923,
AS14.17,2014-04-29,0.1599639182335348,6.61374854302948,28.464534828471777,152.70471938915242,,,,1.3512458325560153,77.03577773206177,25.81146802994962,,,,,0.4472135954999579,0.0,0.7071067811865476,104.73542528412456,
AS14.17,2014-04-30,0.2190248746039931,4.427832581603224,32.452903271426734,71.50475903392724,27.052491234634935,,,3.3111858147799555,15.907395968193187,31.558350761236408,,,,,0.0,,1.4142135623730951,90.0157983848933,
AS14.17,2014-05-01,0.1906957107952317,5.760329487980788,49.78946832863766,,,189.08541884505408,,,9.852221695299663,,,,,,,,,97.71225972288912,
AS14.17,2014-05-02,0.3201439035486175,10.097822252142445,35.314669511721284,,,,,0.5542078430817565,121.57930928739479,30.417856646128836,,,,,0.0,0.0,0.0,62.21872744547363,
AS14.17,2014-05-03,0.2870236871199959,13.786105960949644,41.08180618516251,109.8836866896083,,,,2.9931020307812206,91.12843372876387,25.553539846760955,,,,0.0,1.7320508075688772,0.0,0.28867513459481275,89.7829911506756,0.0
AS14.17,2014-05-04,0.027461916593797465,14.17398033737054,21.189309389034758,,,,,1.378683037056258,33.66745472262493,,,,,,,,,49.03813453259767,
AS14.17,2014-05-05,0.26353638854738354,4.109917030792714,26.5581092007815,,,,,1.4707537749965718,174.17590365795914,64.582852474683,,19.601018987117314,,,0.0,0.0,0.7071067811865476,111.5318152742351,
AS14.19,2014-02-17,,,,,,,,,,,,,,0.0,,,,,
AS14.19,2014-02-18,,,,,,,,,,,,,,0.0,,,,,
AS14.19,2014-02-19,,,,,,,,,,,,,,0.0,,,,,
AS14.19,2014-02-20,,,,,,,,,,,,,,,,,,,0.0
AS14.19,2014-02-21,,,,,,,,,,,,,,0.0,,,,,
AS14.19,2014-02-22,,,,,,,,,,,,,,0.0,,,,,
AS14.19,2014-02-23,,,,,,,,,,,,,,0.0,,,,,0.0
AS14.19,2014-02-27,,,,,,,,,,,,,,0.0,,,,,
AS14.19,2014-03-02,,,,,,,,,,,,,,,,,,,0.0
AS14.19,2014-03-03,,,,,,,,,,,,,,0.0,,,,,
AS14.19,2014-03-04,,,,,,,,,,,,,,0.0,,,,,
AS14.19,2014-03-05,,,,,,,,,,,,,,0.0,,,,,
AS14.19,2014-03-06,,,,,,,,,,,,,,0.0,,,,,
AS14.19,2014-03-07,,,,,,,,,,,,,,0.0,,,,,
AS14.19,2014-03-08,,,,,,,,,,,,,,0.0,,,,,
AS14.19,2014-03-09,,,,,,,,,,,,,,0.0,,,,,
AS14.19,2014-03-10,,,,,,,,,,,,,,0.0,,,,,0.0
AS14.19,2014-03-11,,,,,,,,,,,,,,0.0,,,,,
AS14.19,2014-03-12,,,,,,,,,,,,,,0.0,,,,,0.0
AS14.19,2014-03-13,,,,,,,,,,,,,,0.0,,,,,
AS14.19,2014-03-14,,,,,,,,,,,,,,0.0,,,,,
AS14.19,2014-03-15,,,,,,,,,,,,,,0.0,,,,,
AS14.19,2014-03-16,,,,,,,,,,,,,,0.0,,,,,0.0
AS14.19,2014-03-17,,,,,,,,,,,,,,0.0,,,,,
AS14.19,2014-03-18,,,,,,,,,,,,,,0.0,,,,,
AS14.19,2014-03-19,,,,,,,,,,,,,,0.0,,,,,
AS14.19,2014-03-20,,,,,,,,,,,,,,0.0,,,,,
AS14.19,2014-03-21,0.16464000737700818,4.850352400625795,54.26737031021831,,,,,11.67986813210378,,,,,,0.0,0.5773502691896258,0.5773502691896258,1.5275252316519465,285.3645769488252,
AS14.19,2014-03-22,0.16227359546729814,14.124340600805771,61.788304175195364,,,,,55.1447334734437,29.04158261011269,,,,,0.0,0.5477225575051661,0.894427190999916,1.6733200530681511,97.77488515904008,
AS14.19,2014-03-23,0.07593104593366806,28.02923356730674,45.758696002812165,,,,,11.022207864773996,,,,,,0.0,1.3038404810405297,0.8366600265340756,0.7071067811865475,86.41134338982616,
AS14.19,2014-03-24,0.21845587727902085,15.35482472664076,34.95856790156293,4.4282173124934445,,,,4.147584923783961,,,,,,0.0,1.3416407864998738,0.8944271909999159,0.7071067811865475,60.13640615347051,
AS14.19,2014-03-25,0.19133519789479875,17.839676925695343,65.10207789272167,,,,,4.87140550755607,,,,,,0.0,0.9574271077563381,0.9574271077563381,1.2909944487358056,88.5806746031648,
AS14.19,2014-03-26,0.19252723132831004,19.684003129676718,83.74839091918383,,,,,1.321201082348936,45.71117987648098,,,,,0.0,0.5477225575051661,0.894427190999916,1.5811388300841898,111.29998135619876,
AS14.19,2014-03-27,0.1745828472549579,18.862464433575294,29.263485956694275,,,,,1.6670612466253294,29.649148534309106,,11.344652540640332,,,0.0,0.7071067811865476,0.894427190999916,1.6733200530681511,55.241002103225966,
AS14.19,2014-03-28,0.19731380438587479,23.560159122733687,47.76253201559801,306.10665319841274,,,,4.248972930799473,4.290581196061904,,0.0275771644662753,,,0.0,1.51657508881031,0.4472135954999579,0.8944271909999159,81.01518584608736,
AS14.19,2014-03-29,0.19604573338034634,9.270099192500016,62.37158447172755,28.094345718192717,,,,18.346788423772338,,,,,,0.0,1.3038404810405297,0.4472135954999579,1.140175425099138,76.44291721449653,0.0
AS14.19,2014-03-30,0.13108294476181162,10.090829830764154,39.697911902758236,,,,,2.3759180962314335,,,,,,0.0,0.5477225575051661,0.4472135954999579,0.7071067811865476,36.59296818934413,
AS14.19,2014-03-31,0.18264731382014038,16.25506274530961,54.71806463905814,,,,,2.047429803436494,,121.50719150047594,,,,0.0,0.5477225575051662,0.7071067811865476,1.0954451150103321,122.37670999634986,
AS14.19,2014-04-01,0.1780291893106056,11.412417422865563,52.50816232921782,,,,,4.125103913842657,,,1.0247152449989867,,,,1.224744871391589,0.4472135954999579,0.5477225575051661,69.79143809473806,
AS14.19,2014-04-02,0.13842247697822302,22.902038170761138,37.22317303645484,,,,,0.8345018274395811,12.83337156401232,,,,,0.0,1.3038404810405297,0.0,0.5477225575051662,43.937226729656516,
AS14.19,2014-04-03,0.16784513445998653,25.04127998915139,59.33348340236291,,,,,1.8707000561287215,,,,,,0.0,1.0,0.5477225575051661,0.8944271909999159,74.46802717186603,
AS14.19,2014-04-04,0.21092797455956305,21.181731850174067,31.359752791370273,,,,,35.14880244996502,41.56230033576101,,,,,0.0,1.3038404810405297,0.5477225575051661,0.7071067811865475,56.76090416863236,
AS14.19,2014-04-05,0.21235854406131388,22.2018357839774,35.509066899504234,,,77.2020504978117,,7.052926612407079,,,,,,0.0,1.140175425099138,0.8366600265340756,0.7071067811865475,52.91604500860948,
AS14.19,2014-04-06,0.1455436391584226,18.031484173258924,35.55736463268375,,,,,1.646467218015591,,,,,,0.0,0.5,0.816496580927726,1.2583057392117916,51.75701622289077,
AS14.19,2014-04-07,0.24321099820996372,7.45871046252821,51.51753421184198,,,,,4.042312741488466,107.68735914829249,,,,,0.0,0.7071067811865476,0.5477225575051661,0.547722557505166,55.9123802685289,
AS14.19,2014-04-08,0.1635339715315084,21.355619700973698,32.976063007048396,,,,,0.8438746944896505,,,,13.37882935835568,,0.0,0.8944271909999159,0.7071067811865476,1.4832396974191326,58.94730305754789,0.0
AS14.19,2014-04-09,0.15680082778152152,14.434584532252737,55.79198451895822,,,,,6.762222282652354,,,,,,0.0,1.140175425099138,0.4472135954999579,0.8366600265340756,71.02426091374608,
AS14.19,2014-04-10,0.1676307723714912,20.445060587007877,25.35242545719779,,,,,1.3992065310977746,6.0409079781105754,,,,,0.0,0.5773502691896257,0.5,0.5,35.68681877657744,
AS14.19,2014-04-11,0.17349309700395438,23.888306864963653,45.39824974706084,,,,,1.3824486608912463,6.299424947300084,,,,,0.0,0.5477225575051661,0.0,0.44721359549995787,63.88793219245064,
AS14.19,2014-04-12,0.1237788456174836,8.669837601343772,25.15880839513449,,,,,3.046290334160551,100.6345126937076,,,,,0.0,0.8366600265340756,0.4472135954999579,0.8366600265340756,48.605526764451234,
AS14.19,2014-04-13,0.190294864554185,9.760986277373718,39.66470518731346,,,,,3.1629868320939947,19.382238468935075,,,,,0.0,0.5477225575051661,0.0,0.8366600265340756,44.44439765300271,
AS14.19,2014-04-14,0.19315279837557678,19.040646165483242,36.00046543523159,,,,,8.663694090859856,47.71485848768705,,7.825047199005681,,,0.0,1.140175425099138,0.4472135954999579,0.7071067811865476,92.96280131005017,
AS14.19,2014-04-15,0.21061684926847551,21.40422848930688,63.01099684333292,,,,,20.197789670442376,10.739537792661284,,3.0058982573156623,,,0.0,1.0,0.0,0.5477225575051662,74.37778477620573,
AS14.19,2014-04-16,0.18216398543468315,11.587488291003927,21.482427189182854,,,,,8.253025251385093,39.514879729033716,,,,,0.0,1.140175425099138,0.0,0.8366600265340756,48.52344326360026,
AS14.19,2014-04-17,0.15979501068626942,12.206423121589731,44.18291872109086,,,,,3.156211732441282,65.00220507413576,,,,,,1.0954451150103324,0.0,0.8366600265340756,61.559729847759485,
AS14.19,2014-04-18,0.15168098289389678,6.086936137472339,67.71173904692002,,,,,1.8493305545521062,,,,,,0.0,1.0,0.7071067811865476,1.0954451150103321,122.63041093794808,
AS14.19,2014-04-19,0.17390450254147619,16.940847546968108,61.51821611765779,,,,,3.996929734183477,34.56679008669211,,1.3063617416320796,,,0.0,0.5477225575051661,0.4472135954999579,0.44721359549995804,36.61490101113655,
AS14.19,2014-04-20,0.20059275992713327,25.762741119543147,26.57772488706188,,,,,1.8198918374452917,25.639096051408156,,,,,0.0,1.0954451150103324,0.4472135954999579,0.547722557505166,43.461126489356985,
AS14.19,2014-04-21,0.2106174791010531,17.372739284987585,37.38077247426957,,,,,3.0083426832726357,10.593317149887246,,,,,0.0,1.3038404810405297,0.0,0.5477225575051661,56.27209339256779,
AS14.19,2014-04-22,0.18491426966011795,6.898885357928102,41.342197021645575,,,,,3.4555074880543954,5.946125321024889,,,,,0.0,0.5477225575051662,0.4472135954999579,0.8366600265340755,59.489323909143046,
AS14.19,2014-04-23,0.1536755018121054,13.404083417362331,47.37445593393249,,,,,3.412640424461192,32.65155416668555,,,,,0.0,0.0,0.0,0.0,55.32587901651963,
AS14.19,2014-04-24,0.17694047521590606,10.673797590531146,58.24638785773835,,,,,31.797486259136893,,,,,,0.0,0.5477225575051661,0.4472135954999579,0.5477225575051662,61.648938067195346,
AS14.19,2014-04-25,0.12465843970474877,10.788915147342383,58.441339399821445,,,,,3.6301215314825663,23.094247952682938,,,,,0.0,1.2583057392117916,0.5,0.9574271077563381,102.69708600114049,
AS14.19,2014-04-26,0.25279557502805383,29.2000958803082,25.429676092509723,,,,,22.60047518674478,,,,,,0.0,0.816496580927726,0.5773502691896257,0.5,46.578768526690965,
AS14.19,2014-04-27,0.08527928250180561,16.323495173976326,50.44947667781438,,,,,6.572069587783339,30.439981711856888,29.09876959443915,,,,0.0,0.5477225575051662,0.408248290463863,0.5163977794943222,84.06454946544983,
AS14.19,2014-04-28,0.15690041236684674,13.561125078029745,37.521924242104454,,,,,5.212660980727597,39.0169781917345,6.1757002494801,,,,0.0,0.7071067811865476,0.5477225575051661,0.5477225575051661,49.910712700402506,
AS14.19,2014-04-29,0.05591009148960231,11.70160166305384,38.93013967183589,,,,,1.7846432976928472,39.013698471747645,,,,,0.0,0.894427190999916,0.894427190999916,0.8366600265340755,52.66849733776799,
AS14.19,2014-04-30,0.10992711751141004,12.417005946179962,41.05239709447077,,,,,3.402177053005913,111.9426323152474,,,,,0.0,0.5477225575051661,0.4472135954999579,1.0,59.71947759467032,
AS14.19,2014-05-01,0.2435855699416531,18.306648705298546,53.17552422136369,,,,,2.317819600400342,47.11608435862311,,0.7219560235914649,,,0.0,1.0954451150103324,0.4472135954999579,0.8366600265340755,99.00393719774452,
AS14.19,2014-05-02,0.24945599456510742,7.27065206248833,38.364615622309586,,,,,2.991050367345892,,,0.6979143930311225,,,0.0,1.140175425099138,0.4472135954999579,1.3038404810405297,35.36625440010705,
AS14.19,2014-05-03,0.22739609818915496,20.08151945219043,44.20530317915816,,,,,7.022079656341132,,,,,,0.0,0.894427190999916,0.0,0.8944271909999159,101.01041144412419,0.0
AS14.19,2014-05-04,0.13071095077160852,22.77586031131722,46.28085060146744,,,,,8.252693481524684,91.82823721145711,,,,,,0.5477225575051662,0.4472135954999579,0.5477225575051662,63.2931792964151,
AS14.19,2014-05-05,0.0,,,,,,,,,,,,,,0.9574271077563382,0.0,0.0,,
AS14.20,2014-02-17,,,,,,,,,,,,,,0.0,,,,,0.0
AS14.20,2014-02-18,,,,,,,,,,,,,,,,,,,
AS14.20,2014-02-19,,,,,,,,,,,,,,,,,,,
AS14.20,2014-02-21,,,,,,,,,,,,,,,,,,,0.0
AS14.20,2014-02-25,,,,,,,,,,,,,,,,,,,
AS14.20,2014-02-26,,,,,,,,,,,,,,,,,,,
AS14.20,2014-02-27,,,,,,,,,,,,,,0.0,,,,,
AS14.20,2014-02-28,,,,,,,,,,,,,,,,,,,
AS14.20,2014-03-01,,,,,,,,,,,,,,0.0,,,,,
AS14.20,2014-03-03,,,,,,,,,,,,,,,,,,,
AS14.20,2014-03-04,,,,,,,,,,,,,,0.0,,,,,0.0
AS14.20,2014-03-05,,,,,,,,,,,,,,0.0,,,,,
AS14.20,2014-03-06,,,,,,,,,,,,,,,,,,,0.0
AS14.20,2014-03-08,,,,,,,,,,,,,,0.0,,,,,
AS14.20,2014-03-10,,,,,,,,,,,,,,,,,,,
AS14.20,2014-03-12,,,,,,,,,,,,,,,,,,,
AS14.20,2014-03-13,,,,,,,,,,,,,,,,,,,
AS14.20,2014-03-15,,,,,,,,,,,,,,,,,,,
AS14.20,2014-03-17,,,,,,,,,,,,,,,,,,,
AS14.20,2014-03-20,,19.952743758094787,,,,2.791657572124491,,,,,,,,,,,,93.21857804606768,
AS14.20,2014-03-21,,,,,,,,,,,,,,,0.9574271077563381,0.5,0.8164965809277259,,
AS14.20,2014-03-22,0.014834092395923336,15.404321228148937,18.366226102796894,,,,,18.81568353794249,,,33.67542984630387,,,,0.0,1.0,1.0,21.547049678223015,
AS14.20,2014-03-23,0.10137373752284518,19.321756088237255,42.54551756726749,,,,,18.576001017441836,,,,,,,0.4472135954999579,0.4472135954999579,0.8944271909999159,42.65127767966959,
AS14.20,2014-03-24,0.07190060479368007,4.344841991756815,15.016958449255517,45.49030055407416,,,,,43.29593289559656,,,,,,1.0954451150103321,0.8944271909999159,0.8366600265340755,21.61927494127451,
AS14.20,2014-03-25,0.10412115728653627,15.972604006216203,12.154686365760327,103.00702048404274,,63.83590937970049,,11.659743159845823,53.26360335402164,,41.89165996114262,12.68171107934572,,,0.5,0.5773502691896257,0.8164965809277259,29.272554186326182,
AS14.20,2014-03-26,0.0674978881682151,11.460131574911594,9.825108204905186,93.68834937884932,,,,8.476231742559392,43.850119999632184,,,,,,0.5477225575051661,0.5477225575051662,0.44721359549995787,95.52416653233158,
AS14.20,2014-03-27,0.08363611660042569,14.384863893815256,10.514356028782741,9.496434688871398,,55.24842901235593,,,18.08202192900273,,,,,,0.5,0.5,0.0,138.44756924598204,
AS14.20,2014-03-28,0.04575209250137056,32.69361108412132,13.95390324524926,,,,,,,,,,,,0.5773502691896257,0.0,1.5,28.022926508239532,
AS14.20,2014-03-29,0.19241288452804636,13.867497213508525,1.7306578229101208,,,,,18.41537377728573,,,,,,0.0,0.0,0.0,0.5477225575051661,139.17165514341556,
AS14.20,2014-03-30,0.31474885270287767,7.540872915872097,83.08647962140277,,,,,,50.114268418000755,,220.35789591072066,,,,0.0,0.0,0.5773502691896257,102.4556530892707,0.0
AS14.20,2014-03-31,0.01767766952966369,,0.07067000778265094,,,,,,,,,,,,0.25,0.25,0.0,0.07176111985368956,0.0
AS14.20,2014-04-01,0.0,14.808230211608677,,,,,,,,,,,,,0.0,0.0,0.5,,0.0
AS14.20,2014-04-02,0.10754580802172295,13.573881934158814,24.232244105451873,31.07221182450111,,,,,55.35925005121848,61.81103217064087,,,,,0.0,0.5,0.5773502691896257,116.11182998802353,
AS14.20,2014-04-03,0.126846160619848,13.321137576548532,,,,,,,,,,,,,0.5773502691896258,0.5773502691896258,0.5773502691896257,9.522686625511824,
AS14.20,2014-04-04,0.021989522383403567,12.447304157990937,23.593969482145013,,7.873429012235665,,,5.04901142139066,47.09672592972891,,,,,,0.5,0.5773502691896257,0.0,87.09077398229917,
AS14.20,2014-04-05,0.19482838012557765,6.671557696339607,16.497793960210906,16.589432193417593,,148.46296123388262,,5.224147241971372,,,,,,0.0,0.5477225575051662,0.4472135954999579,0.0,67.660971463733,
AS14.20,2014-04-06,0.10891734717524605,4.191333213415792,40.108713370070085,,,217.517359601481,,,114.23788452318843,,,,,0.0,0.8944271909999159,0.4472135954999579,0.7071067811865476,92.76286601660368,
AS14.20,2014-04-07,0.03606384753838963,3.181984322835239,62.59122045029273,,,,,,149.21673456642412,,,,,,0.5477225575051661,0.0,0.44721359549995804,51.87766565669566,
AS14.20,2014-04-08,0.00824744021139117,11.092739168783636,,,,,,,,,,,,,0.5773502691896257,0.5,0.5,257.527401387961,0.0
AS14.20,2014-04-09,0.1333564328146384,8.403682837729786,23.63751154632323,38.393129641856866,,,,22.75681753892666,75.47050677287959,,,,,,0.5,0.0,0.5,79.05604669735902,0.0
AS14.20,2014-04-10,0.03289427056681061,9.866223058721328,55.38718469965066,13.500126053732483,,,,,44.55039811089555,,,,,,0.5773502691896257,0.5773502691896257,0.0,133.01121280328303,
AS14.20,2014-04-11,0.092719819998618,7.573886482146696,3.6856950719825377,,,,,,,,,,,0.0,0.5773502691896257,0.5,0.5773502691896258,19.25980811054016,
AS14.20,2014-04-12,0.08083112768876695,9.981955672612457,60.27016764397989,,6.744384478957288,,,11.53156578098183,49.32351652440582,,,,,0.0,1.0,0.5477225575051661,0.44721359549995804,72.04153091998674,
AS14.20,2014-04-13,0.0,1.7104913036902585,,,,,,,,,,,,,0.0,0.5477225575051661,0.44721359549995804,,
AS14.20,2014-04-14,0.007071067811865475,,,,,,,,,,,,,,0.7071067811865476,0.8366600265340756,0.4472135954999579,,0.0
AS14.20,2014-04-15,0.17940038827753121,6.216762720683066,27.28216122951546,,,,,,16.45330941009876,,,,,,0.7071067811865476,0.5477225575051661,0.44721359549995787,30.009914505703666,
AS14.20,2014-04-16,0.008018753738744808,,,,,,,0.5246732316404179,,,,,,,0.8944271909999159,0.5477225575051662,0.44721359549995787,0.5317443655385397,
AS14.20,2014-04-17,0.028169300710797856,19.001119154154832,29.920527462411943,33.55504519442643,,226.21689433041908,,,33.82467684644846,,10.6546849789189,,,,0.5477225575051661,0.5477225575051662,1.51657508881031,117.73831218062308,
AS14.20,2014-04-18,0.013386845349457912,18.80940630021763,,,,,,,0.4263382850898257,,,,,,0.816496580927726,0.5773502691896257,0.5,16.27360859132208,
AS14.20,2014-04-19,0.05679214188806015,15.238455736658333,31.327086220373882,,,,,,,,,,,,0.816496580927726,0.0,0.5773502691896258,48.35638288521807,
AS14.20,2014-04-20,0.23190281100434007,16.32271465424252,10.761263281007581,,,,,10.841884692711801,1.1554029600100566,,,,,,0.8944271909999159,0.5477225575051661,0.5477225575051663,16.621582790060817,
AS14.20,2014-04-21,0.14701260488066695,25.858680154511628,18.061763590340046,,,,,,45.04954285561619,,,,,,1.0954451150103321,0.4472135954999579,0.8944271909999159,31.79687172990204,
AS14.20,2014-04-22,,,,,,,,,,,,,,,0.7071067811865476,1.0,0.8944271909999161,,0.0
AS14.20,2014-04-23,0.10590220855949042,0.09192388155425142,11.121297708735066,,,,,,14.207189447600117,,,,,,1.1547005383792517,0.5773502691896258,1.0,23.57292165321845,
AS14.20,2014-04-24,0.09528547527985552,47.618334281953615,18.536223405184074,,,,,76.97119592001376,17.953723861639403,,,,,,1.3038404810405297,0.5477225575051661,1.0,65.88710657080732,
AS14.20,2014-04-25,0.08120100440614726,11.461750744687015,29.707572153658436,,,,,13.07714044939999,,,,,,0.0,0.5773502691896257,0.5,0.8164965809277259,31.089819096913885,
AS14.20,2014-04-26,0.11234042180074974,10.442973162501533,43.397077531381136,,,,,,50.680075436058154,,,,,,0.5773502691896257,0.5,0.816496580927726,145.92599226564576,
AS14.20,2014-04-27,0.032961553395851564,6.4546191252426395,14.745990708760905,,,,,12.759741866511252,243.60081457909783,,,,,,1.0,0.7071067811865476,0.4472135954999579,19.47938952605604,
AS14.20,2014-04-28,0.11765090359534192,10.597585369570934,47.91122310094196,33.01778107034941,,87.01302960668211,,21.191990232160826,42.97226626579266,,,,,,0.7071067811865476,0.4472135954999579,0.44721359549995804,120.52907736458795,
AS14.20,2014-04-29,0.006014065304058621,25.589221204770315,14.909346481318353,,,,,,36.237808322248185,,,,,,0.9574271077563381,0.5,0.5,177.3452138460987,
AS14.20,2014-04-30,,,,,,,,,,,,,,,0.8366600265340756,0.5477225575051661,0.7071067811865475,,
AS14.20,2014-05-01,,,,,,,,,,,,,,,0.8366600265340756,0.5477225575051661,0.7071067811865475,,
AS14.20,2014-05-02,,,,,,,,,,,,,,,1.0954451150103321,0.8366600265340756,0.8366600265340756,,
AS14.20,2014-05-03,,,,,,,,,,,,,,,0.0,1.0,0.5,,
AS14.20,2014-05-04,,,,,,,,,,,,,,,0.0,0.5773502691896258,0.5773502691896257,,
AS14.20,2014-05-05,,,,,,,,,,,,,,,1.4142135623730951,0.0,0.0,,
AS14.23,2014-02-17,,,,,,,,,,,,,,,,,,,
AS14.23,2014-02-18,,,,,,,,,,,,,,,,,,,
AS14.23,2014-02-19,,,,,,,,,,,,,,,,,,,
AS14.23,2014-02-21,,,,,,,,,,,,,,0.0,,,,,0.0
AS14.23,2014-02-22,,,,,,,,,,,,,,0.0,,,,,0.0
AS14.23,2014-02-23,,,,,,,,,,,,,,,,,,,0.0
AS14.23,2014-02-24,,,,,,,,,,,,,,0.0,,,,,
AS14.23,2014-02-28,,,,,,,,,,,,,,,,,,,
AS14.23,2014-03-01,,,,,,,,,,,,,,0.0,,,,,
AS14.23,2014-03-07,,,,,,,,,,,,,,0.0,,,,,
AS14.23,2014-03-08,,,,,,,,,,,,,,,,,,,
AS14.23,2014-03-10,,,,,,,,,,,,,,,,,,,
AS14.23,2014-03-12,,,,,,,,,,,,,,0.0,,,,,
AS14.23,2014-03-13,,,,,,,,,,,,,,,,,,,
AS14.23,2014-03-15,,,,,,,,,,,,,,,,,,,
AS14.23,2014-03-16,,,,,,,,,,,,,,,,,,,
AS14.23,2014-03-17,,,,,,,,,,,,,,,,,,,
AS14.23,2014-03-19,,,,,,,,,,,,,,,,,,,
AS14.23,2014-03-20,,,,,,,,,,,,,,0.0,,,,,
AS14.23,2014-03-22,0.1055592980949265,31.217117991509614,44.7255173910425,51.87279325871998,,,,12.40483401875926,155.20482310505506,,71.17245199450247,,,,0.0,0.0,0.0,113.93831076940153,
AS14.23,2014-03-23,0.16753751978815173,23.045595525053745,46.70439801516501,63.069741545867785,,,,3.8484048210481525,137.23121543423144,,62.16029047309867,5.037428709172964,,,0.5477225575051661,0.0,0.0,178.93382649753556,
AS14.23,2014-03-24,0.2209801924965056,19.568958258996844,30.786300273841867,73.62031606347337,,,,29.997305896379018,76.57453616465799,,25.887312096855478,,,,0.447213595499958,1.0954451150103321,1.0954451150103321,77.2141069918467,
AS14.23,2014-03-25,0.26404477232733115,21.570931723399998,45.809459014279014,161.3689419406577,,,,18.51153397659596,,31.172742783827452,41.64508073140212,,,,0.5477225575051661,0.894427190999916,0.8366600265340755,123.50419573264793,
AS14.23,2014-03-26,0.2520761730728889,10.057652575740873,35.6097025640977,77.26747673396184,,25.320684884102167,,17.142677605905092,23.2685891045561,,15.524344803673142,,,,0.9574271077563382,0.5,0.0,70.54344476294624,
AS14.23,2014-03-27,0.28467164968902287,24.35581582476389,26.848723415357636,153.2261833779623,,95.98126252466452,,7.074366640280323,,,,,,,0.5,0.5,0.0,140.52165314302047,
AS14.23,2014-03-28,0.3254077158066902,12.190653975395499,35.8391155937928,161.7659589828554,,24.429661006994483,,2.202784207921118,,,,,,,0.5477225575051661,0.4472135954999579,0.0,87.89612901172471,
AS14.23,2014-03-29,0.20036169025901066,13.418786879444134,32.19598598471782,60.317624387038265,,54.08182563710152,,6.80383889577766,20.557462148815937,5.170686825751488,9.168763000899666,,,,0.9574271077563381,0.5773502691896257,0.5,51.398046256170254,
AS14.23,2014-03-30,0.33460072794524226,9.692387395918749,19.475240825609053,86.91839124188232,,63.31621113051388,,17.218581433096684,40.109027959633565,,27.05838312571129,,,,0.7071067811865476,0.4472135954999579,0.0,73.64114096980632,
AS14.23,2014-03-31,0.21552864169510264,16.56623035634649,47.0986742890274,145.04464813162883,,50.65628807926709,,6.9444134347244155,22.308240160410357,,,,,,0.5,0.5773502691896257,0.5773502691896257,111.96268978583271,
AS14.23,2014-04-01,0.29110424675733765,12.498731321711208,46.99638570956238,126.41199112711666,,29.09071702107049,,3.736721664775154,20.052316503676987,39.12690317756654,85.48654710154366,,,,1.4142135623730951,0.0,0.7071067811865476,71.61170898061414,
AS14.23,2014-04-02,0.29536430566499516,14.328255709255451,32.92748469902555,145.510175761599,,25.50728736655468,,22.19294203870531,1.1257139956489828,22.85384614375034,10.690604079439726,5.680895880052723,,0.0,0.7071067811865476,0.0,0.0,103.26400187565677,
AS14.23,2014-04-03,0.28658540180162373,21.634025161359897,38.28397355910935,94.81465351387651,,35.4685309604005,,13.51256700260909,10.144860989683396,5.344988213270445,14.676528249782598,,,,0.7071067811865476,0.0,0.0,95.89664802976021,
AS14.23,2014-04-04,0.38261208896438087,17.590458885688314,66.55807508050648,133.98712099223897,,48.5154572928395,,,,,,,,,,,,165.04466490868438,
AS14.23,2014-04-05,0.3091770216264094,19.15254442653838,39.78910869787557,15.355337699281458,,60.80623833475539,,14.01918297942909,,,3.9831324984238217,,,,0.5,0.816496580927726,1.7320508075688774,67.44454497258542,
AS14.23,2014-04-06,0.22990117460708465,12.575308917560575,41.19878414776951,130.7322045767086,,9.760025221961946,,6.893650302996229,12.529313630221107,25.249341357746342,6.53524477990942,,,0.0,0.7071067811865476,0.894427190999916,0.7071067811865476,71.62722172791281,
AS14.23,2014-04-07,0.2686985528608751,19.620104556690237,34.610369254619584,111.8414812501689,,,,0.9476325764767692,16.891581063080093,111.90276803368182,11.424485606217319,,,0.0,0.9574271077563382,1.5,1.5,90.36033351292949,
AS14.23,2014-04-08,0.25676751423817146,19.436991963794735,38.107403293504284,98.56314714091786,,14.126881219858825,,7.7976708232559515,266.5738134643323,7.6091760723484345,31.67063754226197,4.374995114282986,,,0.4472135954999579,0.5477225575051661,1.140175425099138,99.07521738158243,
AS14.23,2014-04-09,0.3034585538679079,13.040262141061518,41.17916670640776,72.56010569767068,,,,11.170778573070521,15.856443863615828,,,,,,0.894427190999916,0.4472135954999579,0.44721359549995787,89.86322708301317,
AS14.23,2014-04-10,0.2696586033494465,28.001204364567595,41.04178009741683,129.26501542751691,,129.25025906754914,,15.392803034948745,51.36094665886177,,,,,,0.7071067811865476,0.8366600265340756,1.224744871391589,101.13487901203318,
AS14.23,2014-04-11,0.30372204278947473,10.144120161619206,35.22577912165154,,,232.97664817466148,,8.660489947564635,2.6410438277317545,27.31128656854062,,,,0.0,0.5477225575051661,0.7071067811865476,0.0,73.30760568956222,
AS14.23,2014-04-12,0.2591485996119763,7.352142213574434,30.634269723178715,45.114835078307195,,101.34685714169927,,6.646942615155231,19.3646858113275,19.269324568685157,29.719744920254612,,,,0.9574271077563381,0.0,0.4999999999999999,86.82821877872688,
AS14.23,2014-04-13,0.4086540832338464,23.571805712425487,42.28813643591635,177.68099328563451,,10.47649407005989,,9.29125570575601,,,41.85262145115087,,,,1.140175425099138,0.0,0.44721359549995787,142.09535064782463,
AS14.23,2014-04-14,0.2723473681691272,28.87647812761975,34.06032216767728,1.11074854640163,,216.36302129444834,,,8.34596081946231,20.89113227424497,137.8730944093154,,,,,,,115.11638031866865,
AS14.23,2014-04-15,0.27662537957214806,21.866287107765253,36.21865411129035,,,183.893812037584,39.5872467047996,9.599374464128593,,26.036372385568615,,,,,1.1547005383792515,0.816496580927726,0.5,102.31922344490994,
AS14.23,2014-04-16,0.2013288458332888,15.441938945098606,32.20952268621394,,,71.82684780312535,48.90698319819894,7.181096035371674,68.75669856196576,55.09155696353722,,,,0.0,1.0,0.0,0.5477225575051661,107.6324335939713,
AS14.23,2014-04-17,0.3076674188694773,24.011151536257092,53.062962886631176,49.38494603014161,,80.08145384960658,41.22806460844925,54.914189978509505,,19.89374218190233,21.199712127762492,,,,0.7071067811865476,0.5477225575051661,0.5477225575051663,118.65957970503008,
AS14.23,2014-04-18,0.3676253415704858,24.500321447394132,34.37570848495669,19.719386148041107,,,16.411195568335142,9.667051519306343,23.382093499086004,,20.413537932378766,2.9415642097360353,,0.0,1.3416407864998738,0.0,0.5477225575051661,93.06515999029833,
AS14.23,2014-04-19,0.36852707318370315,5.925958768969098,16.205746218665695,,,53.12351825698295,,7.1604670223402325,,,57.43742451500299,2.8404479400263614,,,1.1547005383792515,0.0,0.4999999999999999,71.04753144785889,
AS14.23,2014-04-20,0.349912158965874,16.742467960383035,40.565322300041906,78.28111720788282,,15.100265312238726,,41.52480505527736,21.064465954652402,,,,,,1.0,0.0,0.4999999999999999,64.0300502967892,
AS14.23,2014-04-21,0.2278211187203153,6.7178958212487565,40.64055902387809,201.0777594173458,,,,11.24643591058559,5.538095972443959,,,,,,0.5477225575051662,0.0,0.44721359549995787,73.48450162648844,
AS14.23,2014-04-22,0.30025637978105774,20.517994644469884,40.84631069811854,172.76480213098134,,,46.75559110981885,11.65623290230284,11.646755792923623,9.486086987442889,,1.296152897359464,,0.0,1.0954451150103321,1.3416407864998738,2.3874672772626644,124.68129029378251,
AS14.23,2014-04-23,0.3040482852777875,18.433468597796924,68.0200183451099,102.0532491730945,,127.77951113669725,45.7333492893075,56.331637823103755,,,83.10688926692048,,,0.0,1.4142135623730951,0.0,0.0,101.8322050722066,
AS14.23,2014-04-24,0.34792307532753297,22.46612441674603,59.20995269879779,15.907306326549026,,,41.1681685126392,27.090233214316566,154.48528454969426,,25.136827372071703,,,,1.0,0.0,0.547722557505166,80.74935782121852,
AS14.23,2014-04-25,0.24936118980356542,11.895752147686666,23.62183165279027,13.68958728377156,,,34.559147539162964,10.924168674919626,92.55747008614497,,31.256202995032307,4.96883935139787,,,0.8366600265340756,0.4472135954999579,0.44721359549995787,91.84479646527905,
AS14.23,2014-04-26,0.3951871177908985,16.630381931399246,38.47726603818889,26.027311006756424,,,,3.5574542161495204,8.432774330946291,20.746782039632073,17.406140525688052,,,0.0,0.7071067811865476,0.0,0.7071067811865476,46.430457815858986,
AS14.23,2014-04-27,0.22150369533189623,22.651551544240686,47.23541459209893,40.17416607555988,,,,99.74013885425799,15.41655974377336,27.324727345391757,10.796993996647231,,,0.0,0.8366600265340756,0.0,0.0,83.9808947094133,
AS14.23,2014-04-28,0.3052491108500367,24.98600968807721,41.830096500265306,68.27399402846812,,45.38918428436448,39.45584252089078,86.0253049210909,38.30475779183193,14.91429622878666,5.981785185043006,,,0.0,0.8366600265340756,0.0,0.5477225575051663,128.1169890422752,0.0
AS14.23,2014-04-29,0.29799120867639756,15.48484527783766,28.870488063192553,44.491030777628815,,,,7.680471775641688,33.515718317146145,,,,,0.0,1.0954451150103321,0.4472135954999579,0.5477225575051661,49.4558973361455,
AS14.23,2014-04-30,0.3038336093764474,8.840271793658077,49.30604221115721,99.56819371402877,,,,7.926667017101196,35.83974319415993,,,,,0.0,,,,71.14605380446163,
AS14.23,2014-05-01,0.34792463835229015,13.572962382897884,55.72744560675976,98.92681638712752,,,,,29.378963018706862,16.553419022465825,53.52229536183964,,,,,,,75.99092339861977,
AS14.23,2014-05-02,0.19103546096055266,18.563251952744018,31.132504903166822,108.22638075041286,,,61.15348435348086,,,34.2698090841876,,,,,,,,73.75658659199803,
AS14.23,2014-05-03,0.4216790223382736,17.957799533791253,14.827419089894764,,,,,,9.577641390554389,,,,,,,,,21.034653782097735,
AS14.23,2014-05-04,0.1631784879661258,17.44009499346126,33.28485909728287,37.87939910690242,,,,,,,,,,,,,,152.85497277458825,
AS14.24,2014-04-09,,,,,,,,,,,,,,,,,,,0.0
AS14.24,2014-04-10,,,,,,,,,,,,,,0.0,,,,,0.0
AS14.24,2014-04-11,,,,,,,,,,,,,,0.0,,,,,
AS14.24,2014-04-12,,,,,,,,,,,,,,0.0,,,,,
AS14.24,2014-04-13,,,,,,,,,,,,,,0.0,,,,,
AS14.24,2014-04-14,0.07059277400078,13.318252729481069,94.12935087155333,,,,,24.019381860628027,,,,,,0.0,,,,90.3124853013916,
AS14.24,2014-04-15,0.13498639732371498,12.594787367271756,33.4733451022352,,,,,11.072055119598554,51.289867253903836,,,2.1389980130893065,,0.0,1.140175425099138,0.5,0.5477225575051661,56.63666929649694,
AS14.24,2014-04-16,0.17022569652344394,9.260080936417895,51.64801267551357,,,,,3.8239356296883447,36.127775491995074,,,,,0.0,1.3416407864998738,0.5,1.140175425099138,108.85131663370002,0.0
AS14.24,2014-04-17,0.10233684642424111,17.22764635577774,78.71563635146182,,,,,2.814058812462881,43.19429581801613,,,1.7434323426314353,,0.0,0.5773502691896257,0.5,0.5,164.31475683451458,0.0
AS14.24,2014-04-18,0.20193356957311878,10.24362277717113,75.4291417566026,0.7049854608429879,,,,4.844036436692028,57.44053666702491,,,0.568158721954819,,0.0,1.3416407864998738,0.4472135954999579,0.7071067811865476,105.5497638364429,
AS14.24,2014-04-19,0.08136922869121722,10.01202876763182,79.23125339534204,,,,,1.2837632180429537,106.81633814494268,,,,,,1.1547005383792515,0.0,0.5,122.41712987436895,
AS14.24,2014-04-20,0.18772597761926269,13.403817923405112,58.0398837499053,,,,,2.6648376686019732,30.7040821856168,,,,,0.0,1.51657508881031,0.4472135954999579,1.0954451150103324,147.66315309170105,
AS14.24,2014-04-21,0.06306458615140874,10.242760537751797,61.57837777720776,,,,,0.48579033543288985,64.88977569742327,,6.143499394443187,8.588844710825006,,,1.0,0.0,0.5773502691896258,140.75257350776857,
AS14.24,2014-04-22,0.11298216995400828,14.408595128288638,69.9270428529943,11.828261358571117,,,,2.202203146850898,24.834333546412,,,0.8536421967077306,,0.0,0.8944271909999159,0.4472135954999579,0.8366600265340756,118.25369335453956,
AS14.24,2014-04-23,0.09455474147680336,21.939238177907153,26.262818727061195,,,,,5.883938781405984,101.14816202152826,,,,,0.0,1.707825127659933,0.0,0.9999999999999999,175.63575849322575,
AS14.24,2014-04-24,0.08738941339996832,10.304237868648572,57.540263477082085,,,,,2.927857527271435,53.05968915015533,,,7.20960742006908,,0.0,0.9574271077563381,0.5773502691896257,0.44721359549995804,147.99355390397255,
AS14.24,2014-04-25,0.14332177662255,12.954889875451642,24.036034116246668,4.101633861442697,,,,8.101779600803765,12.199174433319062,17.045516067282918,,29.098645747411226,,0.0,1.0954451150103321,0.5,0.8366600265340755,46.6237036779634,
AS14.24,2014-04-26,0.3540037723997786,10.308768637096616,29.713599334617506,,,,,5.605670584327981,,50.33970378008463,,1.0020201262117112,,0.0,1.0954451150103321,0.0,0.547722557505166,42.44207267323715,0.0
AS14.24,2014-04-27,0.16146078501310449,8.360118027536657,46.91136197654115,,,,,0.7723973502457561,8.524172247203827,,,,,,1.4142135623730951,0.5,0.8164965809277259,89.09708899127217,
AS14.24,2014-04-28,0.12750984032346366,11.273731275373992,77.62050214164498,15.551714535703129,,,2.0739441892201436,3.2911955578482424,51.77584591534937,,,5.723001598811588,,0.0,1.3416407864998738,0.5477225575051661,0.8366600265340757,115.05248222548254,
AS14.24,2014-04-29,0.08076966084592105,6.528326933764791,60.19977933198656,12.924306880190262,,,,3.4878963143992685,3.758064761283392,,,1.31322360552011,,0.0,0.9574271077563381,0.816496580927726,0.816496580927726,78.39076260737093,
AS14.24,2014-04-30,0.20587670459815652,23.966889765692834,51.55647292522775,8.887215195047148,,,,1.815977698100944,25.72742101662478,,1.5634130932034562,1.516036938863958,,0.0,2.0,0.5773502691896258,0.5773502691896258,180.258978002968,0.0
AS14.24,2014-05-01,0.24991546613844143,26.439715023076005,87.18213008496666,,,,,2.8223565153963097,54.46826063253106,,,,,,1.6431676725154984,0.0,0.5477225575051662,123.24267146065822,
AS14.24,2014-05-02,0.15562155998002866,23.06994091611745,77.7990800606647,,,,,2.717420514016924,131.67544256884045,,,,,,1.1547005383792515,0.0,0.0,73.20125439537009,
AS14.24,2014-05-03,0.08731973166544227,14.927359230529019,114.26550080243761,,,,,3.1443833735726305,,,59.23463698462243,,,,0.8944271909999159,0.0,0.408248290463863,153.95122553716624,
AS14.24,2014-05-04,0.18613561627844183,17.073749601177493,55.512004353643,,,,8.109821033783668,3.2843984228470213,,,126.57069961882964,,,,2.1213203435596424,0.0,0.7071067811865476,99.0394381474515,
AS14.24,2014-05-05,0.15815132224956108,8.567108970524211,64.54463027221713,,,,,2.885407596856985,54.74554644321916,,,,,,1.5275252316519465,0.5773502691896258,1.0,135.17458376730315,
AS14.24,2014-05-06,0.21868699191501137,14.06199853222207,55.41537052563888,,,,,,34.82023402180596,,,,,,,,,105.25698031980347,
AS14.24,2014-05-07,0.03221582435003148,11.374682277051235,66.12660881576558,,,,,13.066589291012402,12.644410672009363,,,1.4942130704822523,,,1.0,0.5,0.7071067811865475,130.08491663223268,
AS14.24,2014-05-08,0.1543337967980142,21.13802510930074,49.426466521722844,27.36151154403497,,,,2.3422161087312166,21.62033080354104,13.70983389152959,,,,0.0,1.1547005383792517,,1.4142135623730951,105.61770347118546,
AS14.24,2014-05-09,0.12423645106338754,8.227768698479577,76.78550435533106,,,,33.22643171783573,11.373966304680176,,,,0.8478210306426704,,0.0,1.4142135623730951,0.0,0.547722557505166,95.00150775318738,
AS14.24,2014-05-10,0.1401087845487469,8.410375563392233,84.3098512645266,4.720546401989217,,,,0.5866262296670118,58.67770152890631,,,,,0.0,1.1547005383792517,,0.0,177.95085769806772,
AS14.24,2014-05-11,0.0998360655408374,16.817584024677853,68.94643736541126,,,,,2.4023835663773587,4.643570232052056,,1.7336747099730099,,,,0.0,0.0,0.5,73.2868755477544,0.0
AS14.24,2014-05-12,0.13618645493596837,15.668015503831159,65.60592451534231,15.92025741205765,,,24.050944615891215,2.628135879287827,26.50276041949708,,,0.7630753098950511,,,0.8366600265340756,0.5477225575051661,0.0,99.83905072312504,
AS14.24,2014-05-13,0.10585798460395286,15.298343613771193,71.55344610793638,13.054903302973946,,,2.8079210280917803,3.3339877474279955,25.488091355899265,,,2.8397408332451755,,0.0,0.9574271077563381,0.5,0.5773502691896257,107.17366967455848,
AS14.24,2014-05-14,0.1260105593393131,16.51267654622626,84.42067965440292,9.566758984953603,,,,4.63067206785365,28.41805420833985,,,6.823435174700009,,0.0,0.7071067811865476,1.1401754250991378,2.16794833886788,97.4607355972142,
AS14.24,2014-05-15,0.10894194688738061,17.350184164626025,90.89609494129132,,,,,6.983569180583808,36.70082477639783,,,,,0.0,1.3038404810405297,0.5477225575051662,0.547722557505166,211.60882231911742,0.0
AS14.24,2014-05-16,0.04057435664670557,8.817217708130855,38.96319764299459,,,,,2.4502654550068645,33.59449731648948,,,,,0.0,1.0,0.7071067811865476,0.7071067811865475,45.98854118691088,
AS14.24,2014-05-17,0.07571875259199547,13.702140129198122,51.89736700838761,,,,,1.356952946862934,27.671454480286094,,,6.185517035786095,,,0.894427190999916,0.0,0.547722557505166,84.2520170747661,
AS14.24,2014-05-18,0.09062248386201098,8.164027336342198,65.23629917593148,0.09404520189781052,,,,4.108047614134966,43.449416286286834,,,,,0.0,0.8366600265340756,0.5477225575051661,0.8366600265340755,78.57745060914964,0.0
AS14.24,2014-05-19,0.013566611176280302,6.080337833952977,62.525169018531244,7.092281015301072,,,,7.057092907139596,34.50788482817059,,,,,,0.5,0.5,0.8944271909999159,72.39650031481027,
AS14.24,2014-05-20,0.09004233717108341,12.533792324290376,45.72349766781059,,,,,5.143493462618574,18.44777050281728,,,,,0.0,0.0,0.0,0.0,58.2540984637564,
AS14.24,2014-05-21,0.10073139834990173,11.997359565547635,45.22597975181774,2.899137802864846,,,,6.898590940668004,,,,0.7085209947489205,,,0.447213595499958,0.8944271909999159,0.8366600265340756,48.571534744705296,0.0
AS14.24,2014-05-22,0.08714413392689485,10.555527692775298,69.58427698930548,,,,,7.983989961166033,5.455630516570321,,,,,,0.5477225575051661,0.4472135954999579,0.5477225575051662,76.60518813173141,0.0
AS14.24,2014-05-23,0.023312551040987874,16.20820875326028,56.33832284145701,13.230205002191008,,,,2.121546369985817,184.2638499755433,,10.131098969674186,,,,0.8366600265340756,0.5477225575051661,0.8366600265340753,136.01360176942111,
AS14.24,2014-05-24,0.02734895264616341,6.298211410609147,19.68697635560509,,,,,6.709405077948417,22.023952025903196,,,,,,0.7071067811865476,0.4472135954999579,0.44721359549995804,80.07204449875356,
AS14.24,2014-05-25,0.09722040196203638,12.517907929987011,40.22929532101118,,,,,1.6837530400863425,,,,,,0.0,0.9574271077563381,0.0,0.0,62.56141412159369,
AS14.24,2014-05-26,0.008895762164180768,8.397577974641257,58.49895382437396,,,,,5.957888275219669,56.61027144137949,,,,,,0.8366600265340756,0.0,0.0,69.65905394847702,
AS14.24,2014-05-27,0.10519263769735455,9.800773807855975,47.64545245491663,,,,,3.038890373146093,107.22750884140382,,,,,0.0,1.9148542155126764,0.5773502691896258,1.3038404810405297,70.22669739331891,
AS14.24,2014-05-28,0.17277320748083325,16.448917658783778,44.5737259569905,,,,,3.859011099578061,10.391559602228469,36.734073845001184,,,,0.0,1.0,0.5773502691896257,0.5477225575051662,68.62419096503974,0.0
AS14.24,2014-05-29,0.03825445933680132,7.05078252351033,45.30692262820795,,,,,2.641020730702431,10.409503053384492,,,,,,1.51657508881031,0.4472135954999579,0.0,55.96946872312486,
AS14.24,2014-05-30,0.09127447270046139,8.349386401449737,72.3108369596082,,,,,2.3547268843753413,12.69477158225547,,,0.7177133829043456,,0.0,0.8366600265340756,0.4472135954999579,1.1401754250991383,145.31228220159454,
AS14.24,2014-05-31,0.23874265154667124,15.129159931753048,58.57448562563475,,,,,,,,,,,,,,,50.208839537481296,
AS14.24,2014-06-01,0.12433188643684974,10.24589925021215,86.5748828396652,,,,,6.847474661369347,180.89017054397556,,,,,0.0,1.2649110640673518,0.816496580927726,0.9831920802501752,87.03331862760334,
AS14.24,2014-06-02,0.0782463524507067,9.845565064376505,62.267504288319614,19.452323014659886,,,,1.5269598335690868,84.79390495408558,,,13.897619829188978,,,0.5773502691896258,0.0,0.5,139.48947854095718,
AS14.24,2014-06-03,0.17700806854656223,20.75917523120171,72.21011795036296,,,,,1.1668386777956932,51.26877716993063,,,0.7508216832244524,,,0.5477225575051661,0.0,0.44721359549995787,114.30159494844507,0.0
AS14.24,2014-06-04,0.1292374885946313,11.925554963199973,69.93197690113267,,,,,0.5340362347256974,17.521003101040378,,,,,,0.5773502691896257,0.0,0.0,130.57584269677915,
AS14.24,2014-06-05,0.17905224178893983,12.910566112272742,33.34330553697597,,,,,2.4926621311361075,28.29702163410685,29.18705473893064,,,,0.0,0.816496580927726,0.0,0.0,50.50686556881386,
AS14.24,2014-06-06,0.27368661806792005,6.237854359042792,59.86615317099137,,,,,2.941492648299499,,,,,,0.0,1.7320508075688772,,0.5773502691896258,60.4297503542479,
AS14.24,2014-06-07,0.21080396568923493,24.567226352849026,43.45653858253667,,,,,,8.693170767907416,,,,,,,,,108.28271017010185,0.0
AS14.24,2014-06-08,0.08520135430279134,19.665378763163773,261.22716528052746,,,,,0.01909188309203688,,,,,,,0.7071067811865476,0.0,0.7071067811865476,243.22654916284898,
AS14.24,2014-06-09,,,,,,,,,,,,,,,,,,,
AS14.25,2014-02-17,,,,,,,,,,,,,,0.0,,,,,
AS14.25,2014-02-18,,,,,,,,,,,,,,0.0,,,,,
AS14.25,2014-02-19,,,,,,,,,,,,,,0.0,,,,,
AS14.25,2014-02-21,,,,,,,,,,,,,,0.0,,,,,
AS14.25,2014-02-24,,,,,,,,,,,,,,0.0,,,,,
AS14.25,2014-02-25,,,,,,,,,,,,,,0.0,,,,,
AS14.25,2014-02-26,,,,,,,,,,,,,,,,,,,
AS14.25,2014-02-27,,,,,,,,,,,,,,,,,,,
AS14.25,2014-02-28,,,,,,,,,,,,,,0.0,,,,,
AS14.25,2014-03-01,,,,,,,,,,,,,,0.0,,,,,
AS14.25,2014-03-02,,,,,,,,,,,,,,,,,,,
AS14.25,2014-03-03,,,,,,,,,,,,,,0.0,,,,,
AS14.25,2014-03-04,,,,,,,,,,,,,,0.0,,,,,
AS14.25,2014-03-05,,,,,,,,,,,,,,0.0,,,,,
AS14.25,2014-03-06,,,,,,,,,,,,,,0.0,,,,,
AS14.25,2014-03-07,,,,,,,,,,,,,,0.0,,,,,
AS14.25,2014-03-08,,,,,,,,,,,,,,0.0,,,,,
AS14.25,2014-03-09,,,,,,,,,,,,,,0.0,,,,,
AS14.25,2014-03-10,,,,,,,,,,,,,,0.0,,,,,
AS14.25,2014-03-11,,,,,,,,,,,,,,0.0,,,,,
AS14.25,2014-03-12,,,,,,,,,,,,,,0.0,,,,,
AS14.25,2014-03-13,,,,,,,,,,,,,,0.0,,,,,
AS14.25,2014-03-14,,,,,,,,,,,,,,0.0,,,,,
AS14.25,2014-03-15,,,,,,,,,,,,,,0.0,,,,,
AS14.25,2014-03-17,,,,,,,,,,,,,,0.0,,,,,
AS14.25,2014-03-18,,,,,,,,,,,,,,0.0,,,,,
AS14.25,2014-03-19,,,,,,,,,,,,,,0.0,,,,,
AS14.25,2014-03-20,,,,,,,,,,,,,,0.0,,,,,
AS14.25,2014-03-21,,,,,,,,,,,,,,0.0,,,,,
AS14.25,2014-03-23,,,,,,,,,,,,,,0.0,,,,,
AS14.25,2014-03-24,,,,,,,,,,,,,,,,,,,
AS14.25,2014-03-26,,,,,,,,,,,,,,0.0,,,,,
AS14.25,2014-03-27,,,,,,,,,,,,,,0.0,,,,,
AS14.25,2014-03-28,,,,,,,,,,,,,,0.0,,,,,
AS14.25,2014-03-29,,,,,,,,,,,,,,,,,,,0.0
AS14.25,2014-03-30,,,,,,,,,,,,,,,,,,,0.0
AS14.25,2014-03-31,,,,,,,,,,,,,,0.0,,,,,0.0
AS14.25,2014-04-01,,,,,,,,,,,,,,0.0,,,,,
AS14.25,2014-04-02,,,,,,,,,,,,,,0.0,,,,,
AS14.25,2014-04-03,,,,,,,,,,,,,,0.0,,,,,
AS14.25,2014-04-04,,,,,,,,,,,,,,0.0,,,,,
AS14.25,2014-04-05,,,,,,,,,,,,,,0.0,,,,,
AS14.25,2014-04-06,,,,,,,,,,,,,,0.0,,,,,0.0
AS14.25,2014-04-07,,,,,,,,,,,,,,0.0,,,,,
AS14.25,2014-04-08,0.20022408476710793,9.336763095687905,67.38734130820802,,,46.48953460995281,32.680874299642156,18.063253429422826,132.29196508858732,13.292879046065728,,,5.033186068485845,0.0,0.7071067811865476,1.4142135623730951,1.4142135623730951,112.26258213504558,0.0
AS14.25,2014-04-09,0.13130385673517805,10.700693459889015,53.90412269449023,87.78562651929197,,32.946698453714596,41.50151120140085,30.574012260365333,173.1718273994201,34.192549661195685,,,,0.0,0.7071067811865476,1.0954451150103321,0.8944271909999159,140.1623004390132,0.0
AS14.25,2014-04-10,0.1510052869975457,14.246533612202004,44.41927059229688,6.416286932486733,,,15.678814695314184,21.7266780475284,138.23262119521573,,,,,,1.2583057392117916,1.0,1.0,123.49457527720077,
AS14.25,2014-04-11,0.19402899774147073,19.3569145440811,58.48058616887571,,,,,0.8480563562248279,173.82194252919345,,,,,0.0,0.5,1.0,0.5,65.07920995506893,0.0
AS14.25,2014-04-12,0.1338727945979591,12.500217849577071,21.056596505156108,,,,6.050166905411233,3.4887406132681558,,,,,,0.0,0.8366600265340756,0.5477225575051661,0.7071067811865476,34.74940163281114,
AS14.25,2014-04-13,0.08435131521760134,6.9422868249111565,71.73439153618875,,,182.19879009477535,9.339383112211783,10.738196436087392,79.02483000900654,,,,20.896419597624856,0.0,0.894427190999916,0.5477225575051661,0.547722557505166,165.8618325905689,
AS14.25,2014-04-14,0.11560621001866252,15.170239501286925,56.24958440128222,,,,,17.386288142014177,187.9151458434542,,,,,0.0,0.8944271909999159,0.8366600265340756,0.8944271909999159,111.21745291895351,
AS14.25,2014-04-15,0.11220599165626942,9.36417825740818,45.33569927263131,,,,,19.691132547880073,49.44975564819979,45.19684022510128,,,,0.0,0.9574271077563381,0.816496580927726,1.0,69.69528264429746,
AS14.25,2014-04-16,0.16418030569082187,12.554993100801434,68.52008054700534,,,,34.695295031171014,17.910288232288064,133.591148537244,,,,,0.0,0.8366600265340756,0.894427190999916,0.8366600265340756,147.4142502338326,0.0
AS14.25,2014-04-17,0.1757932266216668,10.995922882808438,56.38522055883426,,,,31.438845555757734,7.660903560358341,196.69261632927825,25.311672233143653,,,,0.0,1.4142135623730951,0.816496580927726,1.0,120.57777553197928,
AS14.25,2014-04-18,0.1091963016175115,18.204706801726044,69.46861865657085,,,,,12.960596036378181,87.15670039045983,16.34222532276434,,,,0.0,0.5,0.816496580927726,0.4999999999999999,105.02663066508971,0.0
AS14.25,2014-04-19,0.0982800179808189,6.751649640752712,63.935161860797145,,,8.953219085893073,14.938337859347005,89.68912775380356,27.88432115743029,,,,,0.0,0.9574271077563382,0.0,0.5773502691896258,60.08588295420172,
AS14.25,2014-04-20,0.05822002553358706,18.10329781959297,40.74560733734386,,,5.54442427128372,,8.620524307333826,33.88329827370355,,,,18.757421584535546,0.0,1.224744871391589,0.0,0.44721359549995787,94.59547092312621,
AS14.25,2014-04-21,0.16324961807591573,16.17381925183358,47.358460049671585,,,75.04610347146613,,14.64604138496133,149.67886203534033,68.85954580313674,,,0.4376990975544727,0.0,1.140175425099138,0.8366600265340756,0.8944271909999157,136.31573410603923,0.0
AS14.25,2014-04-22,0.19303078478871727,7.765991976288778,49.968637606002424,,,,21.18711358939674,14.009625789564701,32.64557694849334,23.468166960800325,,,,0.0,1.2583057392117916,1.1547005383792515,1.4999999999999998,55.623843349404865,
AS14.25,2014-04-23,0.11628714271747685,14.967459732191712,53.75660660478773,,,,12.144130442316568,13.105901939311813,172.85513787638814,,,,,0.0,1.2909944487358056,0.816496580927726,1.0,140.7707298950695,0.0
AS14.25,2014-04-24,0.11693755215096462,9.3365875948011,58.957510612912564,,,40.00101227469125,,9.725138389577218,110.25703391938313,62.53750489906038,,,24.807427204367645,0.0,0.8366600265340756,0.7071067811865476,0.7071067811865476,110.05644629337071,
AS14.25,2014-04-25,0.09504043444105228,15.029687522737284,58.46867084574259,,,142.6792840073123,,11.40887045554592,,,,,16.388386904553276,0.0,0.9574271077563381,0.5,0.9574271077563381,70.55243966811823,
AS14.25,2014-04-26,0.27626342405716486,9.968299685205015,67.21904985855976,,,,,6.551830566083548,32.393268752936955,,,,,0.0,0.5773502691896257,0.0,0.0,98.60971629242023,
AS14.25,2014-04-27,0.030092008346970803,7.56436702009985,44.45830570832521,,45.499492942229594,40.34690736847126,0.08697413408594581,16.93628965269548,,,18.61600022829824,,,,0.6291528696058958,1.1547005383792515,0.47871355387816905,70.95511936464968,
AS14.25,2014-04-28,0.1808606903539135,12.226485000921361,71.3360885059568,38.12494495733731,,40.94888890230519,,23.307843931287913,,2.050609665440987,,,9.28006939629225,0.0,1.0,0.5477225575051661,0.8366600265340755,104.88943721939519,0.0
AS14.25,2014-04-29,0.1561502486481461,15.506293987731565,47.574569467896225,,,14.591855536565602,,24.237049136355175,139.28920714679703,,,,5.44171382317495,0.0,1.3038404810405297,1.3416407864998738,1.5811388300841898,78.76615642886506,0.0
AS14.25,2014-04-30,0.14706101262401836,13.538051927300094,65.51426837298843,80.40911539692915,,,,12.45123470465197,,23.96074164823229,,,,0.0,1.0954451150103321,0.894427190999916,1.3038404810405297,89.34311619469375,0.0
AS14.25,2014-05-01,0.14392175545463204,10.612938936796393,69.25179151542326,,,,55.39418926837001,14.352954193942326,72.3125015381158,19.771860311929284,,,,0.0,1.0,1.140175425099138,0.7071067811865476,108.18420063097574,
AS14.25,2014-05-02,0.24748346164039445,9.595513627376059,49.62940616011599,,,48.358513514512964,,17.780880160100544,2.966312947077562,74.12300927040133,,,,0.0,0.9574271077563382,0.0,0.5773502691896258,60.30713018595523,0.0
AS14.25,2014-05-03,0.09699824672434576,11.360315589574824,103.24073497814985,83.05322698426593,,32.89957329510521,,13.015170565124597,211.0100053844209,,,,,0.0,0.5,0.0,0.9464847243000456,182.43305047495795,
AS14.25,2014-05-04,0.18256670215909226,10.357422656632778,51.58805776990538,106.72317309231443,,,,12.886277068919856,,43.229359095526746,,,,0.0,1.4142135623730951,0.8944271909999159,0.44721359549995787,108.2579788082637,
AS14.25,2014-05-05,0.11040131662311105,11.973065165681508,75.57011848885584,,,,16.722621526609462,4.6593991386586895,64.79926542793523,,,,,0.0,1.0,0.0,0.5773502691896257,94.5955372250868,
AS14.25,2014-05-06,0.14970426456305583,13.513563282287345,57.40468825528554,132.63573049151645,,139.72479317214965,21.824065585189818,22.052998647779727,72.7846223078749,31.2295022694887,108.5380899469491,,19.678781720421618,,,,,132.23878279690814,
AS14.25,2014-05-07,0.1337539454698514,13.562900045710554,59.54883873751117,19.674873635462784,,177.44608410318207,,18.603123993924605,,,,,,,0.5477225575051661,0.0,0.44721359549995787,134.1894780686403,
AS14.25,2014-05-08,0.15382845784978932,15.24028417984515,33.677267080574396,78.0777012554374,,89.04912554708216,,21.46273122647721,292.73725766376236,50.55177089380747,,,,,0.0,0.7071067811865476,0.0,191.79067490474716,
AS14.26,2014-02-17,,,,,,,,,,,,,,0.0,,,,,
AS14.26,2014-02-18,,,,,,,,,,,,,,0.0,,,,,0.0
AS14.26,2014-02-19,,,,,,,,,,,,,,0.0,,,,,
AS14.26,2014-02-20,,,,,,,,,,,,,,0.0,,,,,
AS14.26,2014-02-21,,,,,,,,,,,,,,0.0,,,,,
AS14.26,2014-02-22,,,,,,,,,,,,,,0.0,,,,,0.0
AS14.26,2014-02-23,,,,,,,,,,,,,,0.0,,,,,0.0
AS14.26,2014-02-24,,,,,,,,,,,,,,,,,,,0.0
AS14.26,2014-02-26,,,,,,,,,,,,,,,,,,,
AS14.26,2014-02-27,,,,,,,,,,,,,,0.0,,,,,
AS14.26,2014-02-28,,,,,,,,,,,,,,0.0,,,,,
AS14.26,2014-03-01,,,,,,,,,,,,,,,,,,,0.0
AS14.26,2014-03-02,,,,,,,,,,,,,,0.0,,,,,
AS14.26,2014-03-03,,,,,,,,,,,,,,0.0,,,,,
AS14.26,2014-03-04,,,,,,,,,,,,,,0.0,,,,,
AS14.26,2014-03-05,,,,,,,,,,,,,,0.0,,,,,0.0
AS14.26,2014-03-06,,,,,,,,,,,,,,0.0,,,,,
AS14.26,2014-03-07,,,,,,,,,,,,,,0.0,,,,,
AS14.26,2014-03-08,,,,,,,,,,,,,,0.0,,,,,
AS14.26,2014-03-09,,,,,,,,,,,,,,,,,,,0.0
AS14.26,2014-03-10,,,,,,,,,,,,,,,,,,,
AS14.26,2014-03-11,,,,,,,,,,,,,,0.0,,,,,
AS14.26,2014-03-12,,,,,,,,,,,,,,0.0,,,,,
AS14.26,2014-03-13,,,,,,,,,,,,,,0.0,,,,,
AS14.26,2014-03-15,,,,,,,,,,,,,,0.0,,,,,0.0
AS14.26,2014-03-16,,,,,,,,,,,,,,,,,,,
AS14.26,2014-03-17,,,,,,,,,,,,,,0.0,,,,,
AS14.26,2014-03-18,,,,,,,,,,,,,,0.0,,,,,
AS14.26,2014-03-19,,,,,,,,,,,,,,0.0,,,,,
AS14.26,2014-03-21,,,,,,,,,,,,,,0.0,,,,,
AS14.26,2014-03-22,,,,,,,,,,,,,,,,,,,0.0
AS14.26,2014-03-23,,,,,,,,,,,,,,,0.7071067811865476,0.0,0.7071067811865476,,0.0
AS14.26,2014-03-24,,,,,,,,,,,,,,0.0,0.5,0.0,0.0,,0.0
AS14.26,2014-03-25,,,,,,,,,,,,,,,0.4472135954999579,0.447213595499958,0.5477225575051663,,
AS14.26,2014-03-26,,,,,,,,,,,,,,0.0,0.5477225575051661,0.0,0.5477225575051661,,
AS14.26,2014-03-27,,,,,,,,,,,,,,,0.4472135954999579,0.4472135954999579,0.44721359549995787,,
AS14.26,2014-03-28,,,,,,,,,,,,,,0.0,0.8366600265340756,0.0,0.0,,
AS14.26,2014-03-29,,,,,,,,,,,,,,,0.8366600265340756,0.0,0.44721359549995815,,
AS14.26,2014-03-30,,,,,,,,,,,,,,,0.7071067811865476,0.5477225575051661,0.44721359549995787,,
AS14.26,2014-03-31,,,,,,,,,,,,,,,0.5477225575051662,0.5477225575051661,1.0,,
AS14.26,2014-04-01,,,,,,,,,,,,,,0.0,0.5477225575051662,0.4472135954999579,0.8944271909999157,,0.0
AS14.26,2014-04-02,,,,,,,,,,,,,,,0.0,0.0,0.5477225575051661,,0.0
AS14.26,2014-04-03,,,,,,,,,,,,,,,0.4472135954999579,0.5477225575051661,0.8366600265340757,,
AS14.26,2014-04-04,,,,,,,,,,,,,,,0.5,0.9574271077563381,1.5000000000000002,,
AS14.26,2014-04-05,,,,,,,,,,,,,,0.0,0.0,0.0,0.0,,0.0
AS14.26,2014-04-06,,,,,,,,,,,,,,,0.0,0.0,0.5,,
AS14.26,2014-04-07,,,,,,,,,,,,,,,0.5,0.0,0.4999999999999999,,0.0
AS14.26,2014-04-08,,,,,,,,,,,,,,,0.7071067811865476,0.0,0.5477225575051661,,
AS14.26,2014-04-09,,,,,,,,,,,,,,,0.0,0.0,0.5477225575051661,,
AS14.26,2014-04-10,,,,,,,,,,,,,,,0.4472135954999579,0.4472135954999579,0.894427190999916,,
AS14.26,2014-04-11,,,,,,,,,,,,,,0.0,0.4472135954999579,0.8366600265340756,1.3416407864998738,,
AS14.26,2014-04-12,,,,,,,,,,,,,,,0.0,0.0,0.4999999999999999,,
AS14.26,2014-04-13,0.1042691326171063,13.290363509110058,35.42220431651775,112.70362853298025,,,,11.214772084387711,104.37718801563192,,,,,,0.4472135954999579,0.0,0.0,183.62434933982664,
AS14.26,2014-04-14,0.13585071182224923,17.39553517973392,60.238577054895,90.32299180164483,,,,4.38301731687202,76.34146873536908,,,,2.9029214594955883,0.0,0.5477225575051661,0.5477225575051661,0.5477225575051662,140.6110082323604,
AS14.26,2014-04-15,0.15019995236985917,17.384173195177564,25.876825744254685,,,,44.060530642514955,3.8642783026070986,129.17646128355344,,,,,,0.447213595499958,0.5477225575051662,0.44721359549995787,130.68001833360594,0.0
AS14.26,2014-04-16,0.1336115127746833,7.304618389560454,28.475219711118843,,,,,6.503516199132662,139.7393356550347,,,,,,0.447213595499958,0.447213595499958,0.8366600265340753,94.4988063401572,
AS14.26,2014-04-17,0.11841297970514311,10.384941954204637,27.6642847274322,,,,,3.475667777564478,110.8039662451914,,,,,,0.7071067811865476,0.4472135954999579,0.7071067811865476,128.2751728068655,
AS14.26,2014-04-18,0.14109272229482167,13.729439657108237,30.305235875957912,,,,,1.7062726042458747,112.77160857539009,,,,,,0.8944271909999159,0.4472135954999579,0.8366600265340756,149.6099894733498,0.0
AS14.26,2014-04-19,0.2937497347711024,18.39296177844204,72.12656545116887,,,,,1.5500095160998204,59.34824472880143,,,,,,0.0,0.0,0.0,80.95752527310137,
AS14.26,2014-04-20,0.06825066978194379,4.698781433099015,25.133897470488755,14.630272120959791,,,,7.797792232420662,147.1748567117848,,,,,,0.894427190999916,0.0,0.0,137.100551318595,
AS14.26,2014-04-21,0.1570801938005356,9.008491971921211,33.65245313057551,,,,,1.8682075098874853,113.1131741074693,,,,,,0.4472135954999579,0.0,0.5477225575051661,156.1596073234946,
AS14.26,2014-04-22,0.1488070849967982,14.734738216702368,27.748139498981246,,,,,1.9428374095636511,89.90079089105909,,,,2.9634845199528206,,0.5773502691896257,0.0,0.5,113.96284700161829,
AS14.26,2014-04-23,0.13611227189339167,16.28274419916042,38.60633809661477,,,,,3.303066105908267,139.85502149621547,,,,,,0.447213595499958,0.8366600265340756,0.8366600265340756,102.587734829957,
AS14.26,2014-04-24,0.10627675660020208,15.543437958986313,30.516964538114085,,,,,1.8587847643016657,80.30066729300759,,78.68005552446779,,3.5270486245584984,0.0,0.7071067811865476,0.5477225575051661,0.8366600265340757,125.43259448677767,
AS14.26,2014-04-25,0.1350033535575326,9.34070835368822,42.17058986200664,,,,,3.9013801147798968,102.76754321620061,,,,4.236453888993887,,0.4472135954999579,0.5477225575051661,0.894427190999916,141.45456976386183,
AS14.26,2014-04-26,0.2880172653675342,4.986544457914908,35.6256761645274,,,,,0.9046362805017275,44.95828468358726,21.592212670312417,,,,0.0,0.0,0.0,0.0,74.18994721220886,
AS14.26,2014-04-27,0.17125989557751975,9.840058848296703,96.53630516593697,16.369521984468577,,,,3.968661021049795,129.27609016364937,16.27476967578958,,,,0.0,0.4472135954999579,0.4472135954999579,0.44721359549995787,121.94091709552723,0.0
AS14.26,2014-04-28,0.20142428755355604,6.107292768732572,37.01512963345961,45.73227722571882,,,,2.0746816141278153,154.51481133578912,,,,,0.0,0.0,0.0,0.0,154.5108710679122,
AS14.26,2014-04-29,0.1353800929694751,16.60392524380528,28.362972436321435,,,,,2.4908092460082125,125.04752035542421,,,,14.193551070820861,,0.5477225575051661,0.5477225575051661,1.3416407864998738,141.40529596582869,
AS14.26,2014-04-30,0.12961100912962853,14.576276755769204,53.5732518561606,25.15108110002431,,,,2.939786641918083,185.39467242593065,,,,,,0.4472135954999579,0.4472135954999579,0.44721359549995787,197.62824597796632,
AS14.26,2014-05-01,0.16157602535745338,15.52064860597889,32.2565545984681,,,,,1.4435479555594957,214.15786220182798,,,,,0.0,0.7071067811865476,0.5477225575051661,1.0954451150103324,95.27880000147753,
AS14.26,2014-05-02,0.17195815189744004,6.441968098906681,29.103032228904716,135.55946726928863,,,,2.055628492699982,130.13522704396235,46.93209128091353,82.49201238251294,,,,0.8366600265340756,0.4472135954999579,0.8366600265340756,121.32265308202554,
AS14.26,2014-05-03,0.08852633797093319,8.698922115021533,45.31525099588624,1.5414927829866734,,,,2.705751688533151,154.62829924546847,,,,,0.0,1.0,0.4472135954999579,0.44721359549995787,63.31294252521832,
AS14.26,2014-05-04,0.04445577974312553,7.3671135674934565,44.18728757308675,,,,,3.1246206489748483,101.68612624349063,,,,,,1.3038404810405297,0.5477225575051662,0.547722557505166,120.18988935915911,
AS14.26,2014-05-05,0.15871893348243826,14.169656012900386,30.45480810368101,,,,,1.291468769786298,154.80642379280113,,,,,,0.5,0.5,1.0,228.00586400602185,0.0
AS14.26,2014-05-06,0.09663421873764352,8.81875240061694,15.503194428373696,,,,,,65.09422917218417,,38.437617518519545,,,,,,,82.12174954431774,
AS14.26,2014-05-07,0.12718813221333747,10.8422953568987,22.77624989950311,,,,,0.4771004087191708,192.4999620065619,,,,,0.0,0.7071067811865476,0.5477225575051661,1.0954451150103324,144.12430878939375,
AS14.26,2014-05-08,0.12934235254089682,14.324185362287658,27.996830887873276,132.45687881323659,,,,1.2880661085518859,69.31989974587741,,107.541907738586,,4.279152814462672,,0.4472135954999579,0.5477225575051661,0.894427190999916,135.2079275720509,
AS14.26,2014-05-09,0.1496544230024172,14.081961518126551,32.919847136033525,216.16627766914368,,,,4.10457771274951,69.37904910381998,,6.468612834294534,,,,0.8366600265340756,0.5477225575051661,0.8366600265340756,117.19639604255283,
AS14.26,2014-05-10,0.12537038933518355,8.142121779671047,25.48288715014279,,,,,5.904440456131301,119.66986719037314,,,,4.388943958565496,0.0,0.894427190999916,0.0,0.0,98.10843931384902,
AS14.26,2014-05-11,0.14147214134909739,11.809265377058122,47.780893251149855,,,,,2.1694048262138623,128.0289418662727,8.519929606516712,,,2.563789041633496,0.0,0.5477225575051661,0.7071067811865476,1.0954451150103321,105.597043729552,
AS14.26,2014-05-12,0.020744187810265536,10.84504425644733,44.18385965279854,124.5173091702515,,,,0.43002418536635834,85.29407754818963,,4.292138161802349,,,,0.0,0.5477225575051661,0.5477225575051663,150.85036405170658,
AS14.26,2014-05-13,0.15657435939841258,16.20244816247028,36.62656246826058,,,,,1.0775398832525873,115.55879259536769,,,,,,0.5477225575051661,0.5477225575051661,1.0,110.57128856549689,
AS14.26,2014-05-14,0.12929118063992517,9.949731958583314,72.14800822174499,,,,,1.1426881901901325,103.85297452684121,,,,,,0.0,0.0,0.0,147.59203636973788,0.0
AS14.26,2014-05-15,0.19252110321037946,14.213510322627908,50.511883673419796,26.39488192813144,,,,0.4465207721931869,94.66516373358863,,,,,,0.4472135954999579,0.4472135954999579,0.8944271909999157,113.39543759616751,
AS14.26,2014-05-16,0.11249676131831345,16.560974563170237,32.02411944029759,26.61826704226504,,,,1.3035925360326364,102.45055758242252,,,,,0.0,0.5477225575051661,0.4472135954999579,0.8944271909999159,129.82690335687812,
AS14.26,2014-05-17,0.1617263667254541,9.876307775788709,27.350563121354895,65.17049648805813,,,,2.148967123992361,55.381163204626134,,,,,0.0,0.5773502691896257,0.5773502691896257,0.8944271909999159,78.01449729595305,
AS14.26,2014-05-18,0.11816285149389527,11.237837733967705,50.37320324934171,56.050233224314056,,,,2.189112651281336,101.45007243112639,,223.38031000291858,,,0.0,0.5477225575051662,0.4472135954999579,0.8366600265340756,162.06826542316136,
AS14.26,2014-05-19,0.15001599546423733,7.981856810250917,36.70718162272437,,,,,3.276764944270492,90.9588236151613,,,,,0.0,0.8944271909999159,0.0,0.5477225575051661,96.14503895706859,
AS14.26,2014-05-20,0.17962308105575278,14.207445743262193,56.60609459792516,56.45340727538064,,,,2.016250530068126,107.31265192765225,,29.047239464362182,,,,0.8944271909999159,0.4472135954999579,0.5477225575051663,155.3023694577126,
AS14.26,2014-05-21,0.1459108011631774,7.759788904497072,36.999111130818406,,,,,1.3731870957739154,233.2395240595551,,,,,0.0,0.447213595499958,0.4472135954999579,0.7071067811865475,144.03371965861837,
AS14.26,2014-05-22,0.18280473013013257,17.983850566805735,38.21911155006734,,,,,1.4431187407833082,133.8758724833974,,,,,,0.4472135954999579,0.5477225575051661,0.894427190999916,118.01724093305413,
AS14.26,2014-05-23,0.1209962965996173,17.138971968466148,39.622627729325224,,,,,0.8396364094058811,218.47643839619346,27.00228665317069,,,,0.0,0.4472135954999579,0.7071067811865476,1.0954451150103321,94.18486016911388,
AS14.26,2014-05-24,0.17859216498397595,14.809771988470374,46.5674495459821,17.453516680027548,,,,1.4104292608989648,83.56649684824666,8.034922832029357,,,,0.0,0.8366600265340756,0.0,0.5477225575051662,162.20784588966515,
AS14.26,2014-05-25,0.15686788128736487,15.638356399632196,49.61003569548923,,,,,2.5282184768462295,133.60116755721248,,,,,,1.0,0.0,0.0,120.99501991173175,
AS14.26,2014-05-26,0.11358090198311858,13.257616649011235,40.794005217673664,,,,,6.256865405296808,106.88349658258034,,,,8.450067502688958,0.0,0.447213595499958,0.0,0.44721359549995804,113.61095277676041,
AS14.26,2014-05-27,0.04079113463414522,6.655677864924412,56.24496094010221,40.15982082006841,,,,1.5258418987562243,127.42895698399744,,,,11.293379577686842,,0.7071067811865476,0.4472135954999579,0.44721359549995787,176.1225848717398,
AS14.26,2014-05-28,0.17535409767556323,8.384706258578529,31.322179137043424,118.47158684037362,,,,3.9814746388743956,91.2347922441252,39.99466665069232,,,9.170275384566589,,0.5477225575051662,0.5477225575051661,0.547722557505166,87.7131989215114,
AS14.26,2014-05-29,0.06388765649999405,1.6413174296161925,15.47651357933784,,,,,3.5291699449020584,,,,,,,1.0,0.4472135954999579,0.8944271909999159,95.53550601118042,
AS14.26,2014-05-30,,,,,,,,,,,,,,,0.5477225575051661,0.0,0.5477225575051661,,
AS14.27,2014-02-17,,,,,,,,,,,,,,,,,,,
AS14.27,2014-02-18,,,,,,,,,,,,,,0.0,,,,,0.0
AS14.27,2014-02-19,,,,,,,,,,,,,,0.0,,,,,
AS14.27,2014-02-20,,,,,,,,,,,,,,0.0,,,,,0.0
AS14.27,2014-02-21,,,,,,,,,,,,,,0.0,,,,,
AS14.27,2014-02-22,,,,,,,,,,,,,,,,,,,0.0
AS14.27,2014-02-23,,,,,,,,,,,,,,,,,,,0.0
AS14.27,2014-02-24,,,,,,,,,,,,,,0.0,,,,,0.0
AS14.27,2014-02-26,,,,,,,,,,,,,,,,,,,
AS14.27,2014-02-27,,,,,,,,,,,,,,0.0,,,,,
AS14.27,2014-02-28,,,,,,,,,,,,,,,,,,,
AS14.27,2014-03-02,,,,,,,,,,,,,,,,,,,
AS14.27,2014-03-03,,,,,,,,,,,,,,0.0,,,,,
AS14.27,2014-03-04,,,,,,,,,,,,,,,,,,,
AS14.27,2014-03-05,,,,,,,,,,,,,,,,,,,0.0
AS14.27,2014-03-06,,,,,,,,,,,,,,0.0,,,,,
AS14.27,2014-03-07,,,,,,,,,,,,,,0.0,,,,,0.0
AS14.27,2014-03-08,,,,,,,,,,,,,,,,,,,0.0
AS14.27,2014-03-09,,,,,,,,,,,,,,0.0,,,,,
AS14.27,2014-03-10,,,,,,,,,,,,,,0.0,,,,,0.0
AS14.27,2014-03-11,,,,,,,,,,,,,,0.0,,,,,
AS14.27,2014-03-12,,,,,,,,,,,,,,0.0,,,,,
AS14.27,2014-03-13,,,,,,,,,,,,,,,,,,,
AS14.27,2014-03-14,,,,,,,,,,,,,,0.0,,,,,
AS14.27,2014-03-17,,,,,,,,,,,,,,0.0,,,,,0.0
AS14.27,2014-03-18,,,,,,,,,,,,,,0.0,,,,,
AS14.27,2014-03-19,,,,,,,,,,,,,,0.0,,,,,0.0
AS14.27,2014-03-21,,,,,,,,,,,,,,0.0,,,,,
AS14.27,2014-03-24,,,,,,,,,,,,,,0.0,,,,,
AS14.27,2014-03-25,,,,,,,,,,,,,,,,,,,0.0
AS14.27,2014-03-26,,,,,,,,,,,,,,,,,,,
AS14.27,2014-03-28,,,,,,,,,,,,,,0.0,,,,,
AS14.27,2014-03-29,,,,,,,,,,,,,,,,,,,
AS14.27,2014-03-30,,,,,,,,,,,,,,0.0,,,,,0.0
AS14.27,2014-03-31,,,,,,,,,,,,,,,,,,,
AS14.27,2014-04-01,,,,,,,,,,,,,,,,,,,
AS14.27,2014-04-02,0.1811961126790528,11.430215316511678,18.500947748246126,,,,,,55.41383712124617,,,,,0.0,,,,73.90206805229342,0.0
AS14.27,2014-04-03,0.12247397354069568,8.278042164880418,22.1715137999819,,,35.96766018522751,,12.550341179198506,56.12730197421985,,,,,,0.894427190999916,0.5477225575051661,0.8944271909999159,56.519691270150005,
AS14.27,2014-04-04,0.18812896122619763,6.773189163414545,17.858264570044415,,,35.28971409317137,,9.689376595505193,56.442271079337395,33.19654205636484,,,,0.0,0.0,1.3038404810405297,1.5811388300841898,38.68120412975853,0.0
AS14.27,2014-04-05,0.08838550095682027,5.3315668417211555,34.189044502845405,,,29.730885277210746,,6.453483966045007,71.36532480361339,,,,,,1.6431676725154984,0.5477225575051661,0.5477225575051662,79.79381671454252,
AS14.27,2014-04-06,0.13795169914247626,4.369726500787292,35.992911017010435,,,24.86088540927964,28.87046276906555,2.476790604794842,72.86752243986211,43.426255859790636,,,15.144813039453476,0.0,0.7071067811865476,0.8366600265340756,1.2247448713915892,71.5462692637674,0.0
AS14.27,2014-04-07,0.16446576703548385,8.037590204022639,67.77827496996926,,,25.09276543149439,,5.655019513671018,67.75864687100008,,,,,,0.0,0.8366600265340756,1.1401754250991378,78.40268663616692,
AS14.27,2014-04-08,0.1264762863403304,5.483569189007549,56.483519077944955,,,22.768255253751878,,10.738731303091628,83.54884936188198,8.372318277116161,,,,,1.140175425099138,0.4472135954999579,0.5477225575051663,91.56281441838652,
AS14.27,2014-04-09,0.1266671235371878,5.100279428303879,38.085517646870116,,,32.707224163783756,,37.757916469832615,76.79507590616296,15.191332255598914,,,,,1.140175425099138,0.4472135954999579,0.0,80.47765608486483,
AS14.27,2014-04-10,0.1747323695432062,7.5789664496645,53.11452819433729,,,23.312614751536803,,3.9197744450414485,44.33582575762285,12.078879418224194,,,,,0.8366600265340756,0.5477225575051661,0.5477225575051662,68.02996792210712,0.0
AS14.27,2014-04-11,0.13621166674040697,4.745305277010211,28.712324322592682,,,20.477823816265243,,0.8294990657017042,59.421943616535025,,,,,,0.8944271909999159,0.5477225575051661,1.0954451150103321,52.58197697789785,
AS14.27,2014-04-12,0.1367438580653712,5.533429177350544,37.75234467287338,,,29.61122908402599,,1.6183049774378124,92.99836210014914,,,,,0.0,0.9574271077563382,1.0,1.414213562373095,76.13478817741353,
AS14.27,2014-04-13,0.22185788199275563,4.9019272530331595,26.35138144481234,,,11.045007922133872,,6.307542326453307,41.61125118725008,,,,,0.0,1.7320508075688772,0.5773502691896257,0.5000000000000001,43.506405459261764,
AS14.27,2014-04-14,0.14691840974630532,5.098925241851644,20.50053967382636,,,14.868030501717435,,3.7439780581621998,4.946919041181088,,,,,,0.4472135954999579,0.4472135954999579,0.5477225575051662,33.11690314122354,
AS14.27,2014-04-15,0.17528205661886143,8.791606624716444,58.89594617732976,,,29.860572637677265,,8.941092645756447,36.48989099197284,63.19515948050663,,,,,0.8944271909999159,0.5477225575051661,0.44721359549995787,101.2168546012335,
AS14.27,2014-04-16,0.14689105033908256,4.383848211574927,63.544098337719184,,,41.55383710320866,,18.199825183226345,84.67738370000443,34.937168698237734,,,,,0.8944271909999159,0.7071067811865476,0.8366600265340756,118.26780486290379,
AS14.27,2014-04-17,0.14579533525977598,4.544515388140995,26.819269492007436,,,22.373113454918755,,5.711169918614374,53.24997724733885,35.33454791507173,,,,0.0,0.8366600265340756,0.8366600265340756,0.8944271909999159,105.45191719367503,
AS14.27,2014-04-18,0.14639213161805506,4.344078492586925,29.764863316912948,,,,,4.08808826959497,45.010260104903985,68.2421683455325,,,,0.0,1.0,0.5477225575051662,0.547722557505166,57.45396513976562,
AS14.27,2014-04-19,0.09770361215430433,4.554813384455882,54.683311378811446,,,19.417787445478382,,4.910637165039447,51.950083989595726,,,,,,1.5,0.5773502691896257,0.5773502691896258,88.5497313818566,
AS14.27,2014-04-20,0.22791958661546177,7.832283081554589,48.06155144500277,,,36.86011901319184,,6.615137360629786,40.11446548955431,,,,,0.0,1.51657508881031,1.5165750888103102,1.9235384061671346,51.842335232553715,
AS14.27,2014-04-21,0.09905387264509329,4.655956140840962,29.738424337849168,,,18.376672829976595,,3.6897987343485283,73.56152656319532,35.06188974513495,,,13.948712566039923,,1.4142135623730951,1.0954451150103321,1.6431676725154982,57.63121798038687,
AS14.27,2014-04-22,0.13897077355838602,7.404477303805579,69.55745205803942,,,31.1128091779647,,4.58513331322002,52.94877634520505,11.535102158608035,,,,0.0,1.224744871391589,0.4472135954999579,0.44721359549995804,66.46300509510972,0.0
AS14.27,2014-04-23,0.12809274673134333,6.904600487785743,35.1391793134577,,,29.440349494075868,,2.9038421616885444,60.962738936954246,,,,,,1.224744871391589,0.8366600265340756,0.7071067811865476,69.31723869371913,
AS14.27,2014-04-24,0.130526684728053,6.650080078225492,28.80697054660082,,,14.671088821215692,,8.21809699788623,42.120885527705795,21.47119026276839,,,,0.0,1.5165750888103102,1.140175425099138,1.140175425099138,48.35168151306253,
AS14.27,2014-04-25,0.17735062721054265,3.710076393188703,40.06855528210145,,,35.583578604931425,,51.13329631907712,51.13897455656468,,,,0.9694433970067557,0.0,0.4472135954999579,0.8944271909999159,0.8944271909999161,48.34258395805843,
AS14.27,2014-04-26,0.25891025652526295,7.027286905224664,20.71606071557593,,,,,40.394091501728326,85.973271314791,125.72321125354999,,,7.242418996210219,0.0,2.3094010767585034,0.5773502691896257,1.1547005383792515,64.54252399216412,
AS14.27,2014-04-27,0.15815566380013488,4.539172201786455,47.76430315711825,,,15.503316177515057,,6.399713798288172,114.96646412857014,,,,,0.0,1.816590212458495,0.4472135954999579,0.7071067811865476,115.02689845114726,
AS14.27,2014-04-28,0.16555752620978026,5.156948464296946,32.16509331314815,,,16.389320974341796,,45.826011499500815,85.23320420089684,119.64897191487152,,,,0.0,1.3038404810405297,0.4472135954999579,0.44721359549995787,99.5670529035367,
AS14.27,2014-04-29,0.17481874671470032,4.739595595810365,25.091953119510727,,,26.25748817639138,,8.84461152906107,130.1597280803149,,,,,0.0,0.4472135954999579,0.5477225575051661,0.44721359549995787,87.15411284708448,
AS14.27,2014-04-30,0.14020215326663182,8.54302114834071,58.168148142967674,,,28.176062325432678,,1.597334362826602,102.09518691614764,,,,,,0.8366600265340756,0.894427190999916,1.1401754250991378,101.84877394735751,
AS14.27,2014-05-01,0.16119119090514322,9.491032810655044,62.3407302097164,,,34.5609693444466,,1.6009813240634636,128.46667504103934,217.55978600835218,,,,,1.3416407864998738,0.8366600265340756,0.8944271909999159,78.61777852236843,
AS14.27,2014-05-02,0.19381540763913815,4.733110602121414,38.232671488438484,,,27.73150469772601,,5.189498691267459,32.60986093823024,,,,,,0.7071067811865476,0.5477225575051661,0.44721359549995787,45.10252666448555,
AS14.27,2014-05-03,0.1536652146336502,4.8929201230157675,52.474637170973864,,,,,2.1775536043918646,36.427885099338475,48.99243844036887,,,,0.0,0.4472135954999579,1.0,1.8165902124584952,64.32034814159154,
AS14.27,2014-05-04,0.13641925154441525,4.642801654660579,60.505964411827954,,,10.226863204326145,,7.430526071551058,56.44766881734639,,,,,,1.3038404810405297,0.5477225575051662,0.5477225575051662,74.30386764302474,
AS14.27,2014-05-05,0.2115077030040799,9.007485134434518,47.40414798969783,,,4.588415903119505,,2.879953298232456,40.593543321723516,,,,,,1.7320508075688772,0.5773502691896258,0.5773502691896257,108.84564976618942,
AS14.27,2014-05-06,0.1472216525374084,6.721441299332588,58.38198866784643,,,21.766868045265493,,1.3915861453751255,78.86050872394877,,,,,,,,,73.73180946067355,
AS14.27,2014-05-07,0.1491132713917789,11.225290869915671,34.91009727622217,,,4.261025463430135,,1.583013581748432,20.275548977360227,,,,,0.0,1.140175425099138,0.4472135954999579,0.44721359549995787,47.6892053964481,0.0
AS14.27,2014-05-08,0.15630326911774922,4.799555503796689,54.930502616600215,,,15.389770959959085,,1.983742120337217,65.14963348997273,,,,,,1.51657508881031,0.8366600265340756,1.0,71.05626967340582,
AS14.27,2014-05-09,0.13628784247481954,7.770123293421128,25.824344126585256,,,8.36268658984659,,3.855662225869896,32.66433789308313,,,,,0.0,0.4472135954999579,0.8366600265340756,1.3416407864998738,49.72535710577828,0.0
AS14.27,2014-05-10,0.14474927611673646,9.326475444497076,38.82489516546104,,,16.481810749530325,,2.070977233095525,67.48869320288648,,,,4.851796119308118,0.0,1.140175425099138,0.7071067811865476,0.8944271909999159,49.63779263884042,
AS14.27,2014-05-11,0.07779419517817301,7.7226840443032225,43.53586383472598,,,,,2.2986642208030292,50.967390448091756,,,,12.021636067643087,0.0,0.5477225575051661,0.5477225575051662,0.7071067811865475,55.76324335907485,
AS14.27,2014-05-12,0.15887925605608272,5.324440230002589,48.552987513964396,,,12.668477256560866,,1.4089477279161213,63.5486329512919,,,,,0.0,1.0,0.0,0.44721359549995787,58.99195264703742,
AS14.27,2014-05-13,0.11531305845079026,7.214448207667022,29.138553070678515,,,2.5381538566446284,,2.8528208320888293,33.49385667681398,,,,,0.0,1.6431676725154984,0.8944271909999159,1.0954451150103324,46.66452454798777,0.0
AS14.27,2014-05-14,0.14624262293156795,6.692978634873615,75.39692140196931,,,,,4.305573190644889,116.10749028249643,,,,,,1.4142135623730951,0.5,0.5773502691896257,93.55956604050425,
AS14.27,2014-05-15,,,,,,,,,,,,,,,0.7071067811865476,0.7071067811865476,0.0,,
AS14.28,2014-02-17,,,,,,,,,,,,,,,,,,,
AS14.28,2014-02-19,,,,,,,,,,,,,,,,,,,
AS14.28,2014-02-22,,,,,,,,,,,,,,0.0,,,,,
AS14.28,2014-02-25,,,,,,,,,,,,,,,,,,,
AS14.28,2014-02-28,,,,,,,,,,,,,,0.0,,,,,
AS14.28,2014-03-04,,,,,,,,,,,,,,,,,,,
AS14.28,2014-03-05,,,,,,,,,,,,,,,,,,,
AS14.28,2014-03-06,,,,,,,,,,,,,,,,,,,
AS14.28,2014-03-07,,,,,,,,,,,,,,,,,,,
AS14.28,2014-03-15,,,,,,,,,,,,,,0.0,,,,,
AS14.28,2014-03-17,,,,,,,,,,,,,,,,,,,
AS14.28,2014-03-18,,,,,,,,,,,,,,0.0,,,,,
AS14.28,2014-03-19,,,,,,,,,,,,,,0.0,,,,,
AS14.28,2014-03-20,,,,,,,,,,,,,,0.0,,,,,
AS14.28,2014-03-21,,,,,,,,,,,,,,,,,,,
AS14.28,2014-03-24,,,,,,,,,,,,,,0.0,,,,,
AS14.28,2014-03-26,,,,,,,,,,,,,,0.0,,,,,
AS14.28,2014-03-27,,,,,,,,,,,,,,,,,,,
AS14.28,2014-03-28,,,,,,,,,,,,,,0.0,,,,,
AS14.28,2014-03-31,0.028641034687474032,13.489736765781046,14.274037428142048,123.68782527193208,79.96783229732648,,,4.000810167953486,56.03821177926881,,,0.06151828996322992,,,1.4142135623730951,1.4142135623730951,0.7071067811865476,96.14747622538513,
AS14.28,2014-04-01,0.16156900548395176,11.17769827994539,34.58077132195091,5.185214026440953,2.7488738341474686,101.53716861425673,,7.400436631262599,70.68690646000094,34.666603997167485,,,,0.0,1.0,0.0,0.5773502691896258,109.67612240562661,
AS14.28,2014-04-02,0.05358403540597677,12.9405244435091,44.07656988842946,50.197480324737235,43.69127558649438,,,8.532896323445321,48.40360425817234,23.692319810436455,,9.948613767062167,,0.0,0.8366600265340756,1.1401754250991378,1.6431676725154984,90.0193349293297,
AS14.28,2014-04-03,0.20750432423705692,13.184918094794948,46.11538362097838,48.17080841174389,9.675874758042982,,,7.338186687913212,77.78530393899952,22.266021490154007,,,21.626532924473434,,1.5811388300841898,0.9574271077563381,1.5811388300841898,92.35684406864544,
AS14.28,2014-04-04,0.17739862148325292,8.032693325780551,66.2541111403656,97.20798268557989,5.526622144975477,56.9206816719547,,8.915613255087152,79.86227886869948,26.10012836303045,,7.708612095543557,33.11946741721551,0.0,1.2909944487358056,1.0,2.0615528128088303,110.62018554283179,
AS14.28,2014-04-05,0.025798225134215452,11.211147225603451,41.08115949044732,29.133282050956876,,69.5139642781698,,5.5003680392012555,44.25604689484788,,,8.60180706213195,,,0.8366600265340756,0.4472135954999579,0.5477225575051663,121.6634043905082,
AS14.28,2014-04-06,0.025389039998337748,5.859581597049576,35.72511423041857,103.02551006749088,,,,2.018078417703336,80.16409948292123,,,,,,0.5477225575051661,0.5477225575051661,0.8366600265340756,154.54962310731287,
AS14.28,2014-04-07,0.17343968696969342,12.08324931105542,41.417986252830836,62.41389095112634,4.484011187913489,8.620856758466642,,5.94709713221501,109.2500190483548,33.951083652808485,,,8.087180256430544,,0.447213595499958,0.5,0.7071067811865476,126.66866475362299,
AS14.28,2014-04-08,0.16666311854123445,9.04154681464465,33.900832701729094,,,,,1.8351014958306802,87.75521881161048,30.919658220944157,,,3.0414849854415955,,0.8366600265340756,0.7071067811865476,0.8366600265340756,70.27160082917383,
AS14.28,2014-04-09,0.23873293893891495,12.717149489658095,39.84086209822974,41.347955342435014,43.49749572484987,,,20.828877994265557,30.561664572534248,,,,,,0.0,0.0,0.0,72.50688351736254,
AS14.28,2014-04-10,0.229556895459069,15.771475042512023,41.786588398203065,75.6902228622987,2.685803691014417,12.14977613785538,,4.592881524707555,45.885616179416246,49.69376088781606,,,,,0.816496580927726,0.5773502691896257,1.4142135623730951,69.32401721766287,
AS14.28,2014-04-11,0.28451077752604664,11.79997563432626,39.288705695558626,26.89268510208678,6.189287529081765,,,12.29563694568118,61.941854099244566,32.515479240304025,,2.5997692205270835,,0.0,1.140175425099138,0.816496580927726,1.1401754250991378,69.25254008834933,0.0
AS14.28,2014-04-12,0.04867000993695836,11.67062821633401,31.610661539164116,46.50655412621369,3.228874628514812,74.11533910860378,,8.459071036467302,36.02925601607017,,,19.365380703483464,9.140362702504389,,0.9574271077563382,0.5,0.8366600265340756,90.37056387709224,
AS14.28,2014-04-13,0.056755371805500346,10.37104149168951,50.00738663773197,66.5819060775273,,260.57874836217934,,3.602757180271798,71.39085021362897,,8.109100566647328,8.13626310759802,,0.0,0.8944271909999159,0.5,0.44721359549995787,166.25523263292234,
AS14.28,2014-04-14,0.17661619488800098,14.242745853062814,50.89065037973225,,5.458779072894108,60.64854862237018,,4.480744391281431,85.47273277013596,,,7.555273408539082,21.217446076283544,,0.816496580927726,1.0,1.0954451150103324,98.25996588577976,
AS14.28,2014-04-15,0.2037547870475013,5.994911169115964,38.195062538286614,,8.763060506232822,81.90656082457552,,18.991581510413152,64.59171744820559,,,,,,0.8366600265340756,0.8944271909999159,1.3038404810405297,109.65744548104581,
AS14.28,2014-04-16,0.04724940979645588,11.451815797189756,46.063287513459336,124.6423249472265,14.924889971677068,,,3.7505220036682885,68.68709898852374,,,,2.7251895346929538,,0.5773502691896257,1.3149778198382915,1.2909944487358058,115.01482509647593,
AS14.28,2014-04-17,0.15169883265663775,13.995943925820212,36.952058308718904,73.21595126941747,10.184683549330337,,,5.000832410709241,66.81198936645033,,,,,0.0,0.5773502691896257,0.9574271077563381,0.8366600265340757,97.07968092378555,
AS14.28,2014-04-18,0.0555844480589661,12.209760443269975,68.26096135163564,47.941715928475766,13.701536667180994,144.8699562281758,,2.902268285324429,33.324123731894474,21.076071341689847,,17.678157338080617,28.916424709842676,,1.0954451150103321,1.0,1.3038404810405297,113.99910634593998,
AS14.28,2014-04-19,0.028753123804890167,5.047995985285464,30.215027676892586,46.3835624979367,0.8299539143832021,,,2.648323752867084,66.66037718168093,41.863540155287076,,16.823226191417284,2.862368250243145,,0.5773502691896257,1.1547005383792517,1.2583057392117916,130.24217974014908,
AS14.28,2014-04-20,0.07912591208963479,8.021448125342252,14.485133084956068,58.25768142771675,,,,2.5992058979619146,53.20184924212232,,,11.778100381497802,,,0.5773502691896257,0.0,0.4999999999999999,117.6627050233233,
AS14.28,2014-04-21,0.13047149881091383,5.5472381795097565,31.232025398232587,,,15.026559627872242,,1.0733176603410561,66.84638735656928,32.734661317681805,,10.720151740219602,,,0.5,0.0,0.7071067811865475,110.25357869635083,
AS14.28,2014-04-22,0.24120661515455213,7.689731349635236,43.48770361875606,24.05577269596635,,,,2.372150227114632,57.25850547567643,18.149480289467736,,5.869693390629532,8.639643646200538,,0.9574271077563381,0.0,0.4999999999999999,114.80504850553203,
AS14.28,2014-04-23,0.13072836714853087,13.211582775707912,49.191986140870995,37.58441969752892,5.606385529019565,60.4526800439815,,1.1623631962514984,82.75340978759282,33.0844017678019,,,2.2613274862345794,,1.1547005383792517,0.0,1.0,107.98983510225204,
AS14.28,2014-04-24,0.11768197290954138,13.32205551022891,57.59861365718156,142.37966909991044,,0.07636753236815003,,2.930155149475877,61.53968529838546,,,15.488547063339665,12.328485994503405,,0.8366600265340756,0.4472135954999579,0.7071067811865476,78.94740982793802,
AS14.28,2014-04-25,0.17338156859516834,9.577040804575775,21.07566604891826,,4.0353409190963445,19.110974975128816,,2.644788781736644,61.92590988659232,18.569791748518167,,,12.630022077045892,,0.8366600265340756,0.0,0.7071067811865476,73.4055587107798,
AS14.28,2014-04-26,0.057979182492785386,6.533483988325997,25.21597885572602,13.577838349678492,1.5717059733508256,30.437411396174937,,2.8122783112629524,55.30595471555668,,,,14.923565066699044,,0.0,0.0,0.0,99.92237514994044,
AS14.28,2014-04-27,0.11407753843492342,5.084831897082282,35.071484410067534,34.76381079354946,3.4838422275795815,29.197853208754918,,3.022307573141202,81.25661974371958,25.883976690866753,,11.692109086948296,10.948499209683693,,0.5,0.5773502691896257,1.5,141.865976236786,
AS14.28,2014-04-28,0.15580280255234158,13.088637291926743,38.805116964823014,5.632105512150851,,,,,55.22442456532643,8.151057007120814,,,,,0.7071067811865476,0.0,0.7071067811865476,18.28293129192726,
AS14.28,2014-04-29,,1.0080183530075233,4.613477791572572,,,,,,,,,,,,0.4472135954999579,0.4472135954999579,0.7071067811865476,,
AS14.28,2014-04-30,0.041042080720805,6.626090655896487,19.62615576264757,,,,,5.256631811340793,84.0399318316398,,,,,,0.447213595499958,0.8366600265340756,0.8366600265340756,179.30396397333254,
AS14.28,2014-05-01,0.09672041656962542,7.617879299057116,47.63341999146834,65.33477789789039,20.499559735922787,25.339427240858008,,43.754330838501005,50.51308860280245,5.595335959529148,22.47043929254611,,,,0.5477225575051661,0.5477225575051661,0.5477225575051662,104.71705482242001,
AS14.28,2014-05-02,0.13808982688015675,8.547994522723505,44.26154246584203,3.074500284599108,,80.95170563057953,,43.61919890260207,42.106526766985844,,,10.58468140758143,,,1.0,0.0,0.8366600265340757,93.47119904834051,
AS14.28,2014-05-03,0.08028773691037823,6.28400537280481,27.406709295213453,40.03580085789884,1.42340595052852,84.92447658720724,,3.172802026600463,65.63470195610243,,,8.691072609053116,,0.0,0.816496580927726,0.0,0.8944271909999159,93.01575737196715,
AS14.28,2014-05-04,0.047208984322921574,8.139556791654828,31.434183005125654,46.632058340445006,,44.15487272468728,,45.61793119461019,38.82305846873996,30.17123203207541,,14.271972414750788,4.129503602129438,,1.140175425099138,0.5773502691896258,1.0954451150103324,107.93631922815088,
AS14.28,2014-05-05,0.12747257542044185,6.427752087742205,29.77227155449368,52.94518271445162,1.409263814904789,168.21080374934306,,80.68031216237442,54.51351499230143,,20.697722592111433,10.781007622514934,22.16921180376064,,0.5773502691896257,0.0,0.0,106.82668403961326,
AS14.28,2014-05-06,0.12380871539674303,11.473463762968608,49.89044226104386,30.30374754877687,1.6301632586952755,,,1.2148094500784883,37.479441322277125,,,,,,,,,103.19926780881391,
AS14.28,2014-05-07,0.03749284198872169,7.742390867647171,21.706796947265985,18.130924976404266,6.320928175513465,40.176119284346015,,11.491250779449139,42.37427466579841,49.001085722665366,,,4.912977915684133,,1.0954451150103321,0.5,1.0327955589886446,103.8063999012738,
AS14.28,2014-05-08,0.05238258225375862,6.141274707240123,33.19412551763595,,,,,5.675239025803232,91.07667603594867,,,,,,0.0,0.7071067811865476,0.7071067811865476,71.6286713432888,
AS14.29,2014-02-17,,,,,,,,,,,,,,0.0,,,,,
AS14.29,2014-02-19,,,,,,,,,,,,,,,,,,,0.0
AS14.29,2014-02-20,,,,,,,,,,,,,,,,,,,0.0
AS14.29,2014-02-22,,,,,,,,,,,,,,,,,,,0.0
AS14.29,2014-02-23,,,,,,,,,,,,,,,,,,,
AS14.29,2014-02-24,,,,,,,,,,,,,,,,,,,
AS14.29,2014-02-25,,,,,,,,,,,,,,0.0,,,,,
AS14.29,2014-02-27,,,,,,,,,,,,,,,,,,,0.0
AS14.29,2014-02-28,,,,,,,,,,,,,,,,,,,0.0
AS14.29,2014-03-02,,,,,,,,,,,,,,,,,,,
AS14.29,2014-03-04,,,,,,,,,,,,,,0.0,,,,,
AS14.29,2014-03-05,,,,,,,,,,,,,,0.0,,,,,
AS14.29,2014-03-06,,,,,,,,,,,,,,0.0,,,,,
AS14.29,2014-03-07,,,,,,,,,,,,,,,,,,,0.0
AS14.29,2014-03-08,,,,,,,,,,,,,,,,,,,0.0
AS14.29,2014-03-10,,,,,,,,,,,,,,0.0,,,,,
AS14.29,2014-03-13,,,,,,,,,,,,,,0.0,,,,,0.0
AS14.29,2014-03-14,,,,,,,,,,,,,,0.0,,,,,
AS14.29,2014-03-15,,,,,,,,,,,,,,0.0,,,,,0.0
AS14.29,2014-03-17,,,,,,,,,,,,,,,,,,,
AS14.29,2014-03-19,,,,,,,,,,,,,,,,,,,
AS14.29,2014-03-20,,,,,,,,,,,,,,,,,,,0.0
AS14.29,2014-03-21,,,,,,,,,,,,,,0.0,,,,,0.0
AS14.29,2014-03-22,,,,,,,,,,,,,,,,,,,
AS14.29,2014-03-23,,,,,,,,,,,,,,0.0,,,,,
AS14.29,2014-03-24,,,,,,,,,,,,,,,,,,,
AS14.29,2014-03-25,,,,,,,,,,,,,,,,,,,0.0
AS14.29,2014-03-31,,,,,,,,,,,,,,,,,,,0.0
AS14.29,2014-04-01,,,,,,,,,,,,,,0.0,,,,,0.0
AS14.29,2014-04-02,0.2092279155512815,10.67914089995591,31.73420346971297,,,,9.080887013184906,18.70760917762762,142.70597504232055,,,6.388110857940189,,,1.2583057392117916,0.5773502691896257,1.0,48.0507241324364,0.0
AS14.29,2014-04-03,0.25322394158285755,9.040554005331762,28.527533749694992,,,,18.76071689290195,8.315926015784411,136.87228970585747,56.99775631110404,,,,,0.816496580927726,0.9574271077563381,0.9574271077563381,78.49654050768822,
AS14.29,2014-04-04,0.021624576956922457,3.431916519963736,40.13772135615114,22.081903715486124,,,3.5777368739883317,3.432232145412078,99.56402442496812,107.36005351419787,,,,,0.9574271077563381,0.5,0.816496580927726,127.76528477399017,
AS14.29,2014-04-05,0.21005769080104214,11.954025202148305,39.43651302127766,,,,9.583296404673197,9.204758633446072,80.33398078253914,50.84274854096697,,,,,1.3038404810405297,0.4472135954999579,0.8366600265340755,99.8835534403225,0.0
AS14.29,2014-04-06,0.1824271629726033,22.173571516286653,43.70881866287296,,,,4.907116561683544,55.081297744334236,118.479722220384,,,5.3032247108088235,,,1.0307764064044151,0.8539125638299665,0.9574271077563381,167.90432130344476,0.0
AS14.29,2014-04-07,0.21843351562594293,19.837883058948762,53.28659048280465,,,,8.36187745674399,16.72315628768153,63.85508496393545,,,,,,0.5477225575051662,0.8366600265340756,1.3038404810405297,76.60516639139163,
AS14.29,2014-04-08,0.15496981861616846,25.02655482179862,51.0698833652496,99.2520362928274,,,11.727682105316774,8.841766356334011,84.18578683879639,37.452882461834626,,,,,1.0954451150103321,0.7071067811865476,1.3038404810405297,122.09083657780963,0.0
AS14.29,2014-04-09,0.13138529258008338,16.72864882137493,46.08016632684055,,,,12.796565745501132,4.0879827910596696,129.7952266934343,,,0.00777817459305203,,,1.140175425099138,1.140175425099138,1.140175425099138,111.37170248581288,
AS14.29,2014-04-10,0.24015692479637724,17.229077554376286,57.900647385921054,4.981567273459229,,,7.802946663541308,9.140158914490648,74.44664039126646,,,,,,1.816590212458495,0.8944271909999159,0.8944271909999159,115.54646346132046,0.0
AS14.29,2014-04-11,0.029767657601299798,3.5741738485977423,45.38209836772468,30.973613894194948,,,16.117454275737924,4.9797006636945556,60.69847203805959,,,0.5707214732248996,,,0.8366600265340756,0.8944271909999159,1.0954451150103321,94.00434737198911,
AS14.29,2014-04-12,0.17350534790114494,8.293809984597312,58.2901686835309,29.297596880973018,,,4.1190678429685,2.5894784352580866,45.09136568494387,46.361011753411944,,,,,1.4142135623730951,1.4999999999999998,1.707825127659933,58.835725570934066,
AS14.29,2014-04-13,0.0932893325491083,4.500129515307916,36.56327341825761,,,,6.085799381214141,2.470537907738197,115.80214842671634,6.624469463033753,,,,,1.414213562373095,0.5477225575051661,0.44721359549995804,87.0254744730088,
AS14.29,2014-04-14,0.22975203183513737,39.25815930646607,39.10069595867611,47.656875731629746,,,13.713310169527366,16.623042415359986,108.4341977194865,,,,,,1.3038404810405297,1.0,1.0,124.88485898386686,
AS14.29,2014-04-15,0.22812095685388994,12.280903197421777,49.14580295083495,15.759988145088608,,,7.5902723071157725,5.070739577878819,75.55200404984029,,,,,,1.7320508075688772,0.816496580927726,0.9574271077563381,85.43045572695434,
AS14.29,2014-04-16,0.045328303368948296,16.55667211797417,60.28985942267262,137.06560995012572,,,6.37233813024852,12.95916493947706,98.77764956784884,39.378075882328794,,,,,1.0,0.0,0.8366600265340756,107.14945892555406,0.0
AS14.29,2014-04-17,0.13856275853280772,13.604713295682032,30.503455047454803,,,,9.66186647128692,6.125093362553749,55.642374947407475,20.600848963088875,,0.006928203230275515,,0.0,1.3038404810405297,0.4472135954999579,0.5477225575051663,72.23131098525624,0.0
AS14.29,2014-04-18,0.24388847375572734,22.87261522838799,60.57653758045587,,,,20.747217420538778,11.506474554209323,114.54224473006637,,,0.577970010756037,,,1.5000000000000002,0.9574271077563381,0.8164965809277259,79.28208109995668,
AS14.29,2014-04-19,0.1223264816625656,16.003008000771334,44.228340482167056,,,,8.282111515493419,10.921333512900336,112.2122543881742,,,,,,0.8944271909999159,0.8366600265340756,1.5811388300841898,159.81360247923976,0.0
AS14.29,2014-04-20,0.0162030060011281,6.957389587897013,85.48075284810922,,,,6.349497995963143,8.11736977105269,50.485679707413276,,,,,,1.7320508075688772,0.5,0.5773502691896257,100.27147039429786,
AS14.29,2014-04-21,0.22733595729640133,2.7702588477132117,36.36662363635786,,,,13.846107012951967,18.987600765744094,58.078417162103655,,,,,,1.224744871391589,0.5477225575051661,1.30384048104053,112.00231144849245,
AS14.29,2014-04-22,0.24013745569305278,24.93546309239872,32.929251909313706,55.5008112553321,,,15.264317268281403,3.5021992090684964,74.09377950396023,33.3777194297833,,0.5100229079822461,,0.0,1.0954451150103324,0.7071067811865476,0.8944271909999159,93.07198395942268,0.0
AS14.29,2014-04-23,0.15471201483277303,10.974887660881986,47.549710368982446,,,,16.283781216576457,2.0827034834560587,136.64731444103157,36.319315059751936,,,,0.0,1.1401754250991378,0.5477225575051662,0.547722557505166,103.64177487292493,
AS14.29,2014-04-24,0.19581922690612802,13.684036399611129,39.685007284930954,,,,5.145595977320263,2.8943395274224484,87.84741358624603,50.86053004641776,,,,,0.8366600265340756,0.7071067811865476,1.0954451150103321,85.43425442298464,0.0
AS14.29,2014-04-25,0.14060800302774357,17.939533175502227,39.61149245958077,,,,14.230945094742893,4.3860401274954155,10.857538131025223,43.04363441323235,,0.01969771560359229,,,1.1547005383792515,0.5,0.5773502691896257,65.37118851605351,
AS14.29,2014-04-26,0.3163470623583936,19.350283308106068,36.27546572000375,,,,14.358319438386879,10.473148605566795,103.91141135962704,,,,,0.0,0.816496580927726,0.816496580927726,0.8164965809277259,111.90018718970356,0.0
AS14.29,2014-04-27,0.08015366077251079,17.62983328950881,27.094069404413588,52.078928716580435,,,9.426236757916566,5.632723346659234,145.4916916652905,,,,,,1.2583057392117916,0.0,0.5773502691896257,137.26290596449692,
AS14.29,2014-04-28,0.1472972555914546,21.594961833772757,37.61703490398248,108.14077262978411,,,14.143831976519397,4.75873032436174,144.1632733295081,48.156367251950826,,,,,0.8944271909999159,0.5477225575051662,0.7071067811865475,95.4005459356496,
AS14.29,2014-04-29,0.2517017958021697,21.983984779255255,37.56531188577904,99.61588384465712,,,17.66571254063549,5.467361337976484,60.09774329515619,,,,,,1.140175425099138,0.8366600265340756,0.894427190999916,86.12733202785338,
AS14.29,2014-04-30,0.1785984870868508,19.473736122652802,54.88666907140175,31.554536994173542,,,9.75063717481883,8.274765132618567,158.69494564163372,20.424976874731914,,,,,0.8944271909999159,0.447213595499958,0.4472135954999579,95.04908033725573,0.0
AS14.29,2014-05-01,0.219154445149734,13.049834470873158,48.9379027341273,,,,9.70761748278532,1.2349910930852899,51.564993663561964,,,,,,1.4142135623730951,0.5477225575051661,0.547722557505166,95.19020779159762,
AS14.29,2014-05-02,0.17147187661533428,25.27403939427031,12.776097993541677,,,,11.263909344408965,,33.86744053725413,38.66150451030068,,0.07990306627407986,,,,,,54.33564218759473,0.0
AS14.29,2014-05-03,0.2311496108747127,25.559437423574398,51.70805035453055,18.55801747224094,,,11.708589188825567,,14.974313794331648,,,,,,,,,44.37927802204871,0.0
AS14.29,2014-05-04,0.2672815692466892,26.988316471330087,50.60869652736777,,,,12.00715566645395,2.650102450849779,126.61303155220352,,,,,,0.0,0.0,1.4142135623730951,95.79280537610943,0.0
AS14.29,2014-05-05,0.2598780133903737,16.698526775267162,43.44840149081064,,,,8.661614148790843,11.376570836592194,111.29463115722642,34.837500743516976,,,,0.0,1.5275252316519468,0.5773502691896258,1.1547005383792517,61.245527899059496,0.0
AS14.29,2014-05-06,0.18557493603819744,11.145951138842918,38.77485710507258,,,,25.576057105247422,,92.18686571321925,,,,,,,,,103.66479525789178,
AS14.29,2014-05-07,0.07695974430219411,1.1685607957369326,23.03113532090766,,,,9.825995801272814,89.736520616111,84.42009043353457,,,,,,1.0954451150103321,0.4472135954999579,0.8366600265340755,130.06744730187606,
AS14.29,2014-05-08,0.15397952861068417,5.378546195175356,51.2374713646475,,,,12.316483382626028,1.4642120748033738,63.54987995423121,,,,,,1.3416407864998738,0.0,0.44721359549995804,125.87144631333553,0.0
AS14.29,2014-05-09,0.12791836386629532,17.156979133300812,70.8378822454267,175.6763224577139,11.69950607219524,,4.750371610090569,20.381698572357614,79.13071958683511,,,,,,1.3416407864998738,0.5477225575051661,0.8944271909999159,178.31054946379749,
AS14.29,2014-05-10,0.1891370221690211,15.000101384127964,59.42683377501794,,,,16.656295217650406,26.28440172473919,101.51983835862198,,,0.7636753236814714,,,1.3038404810405297,0.5477225575051662,1.0,124.35917602806646,
AS14.29,2014-05-11,0.02618412542076113,10.947001141120598,85.74726086887529,,,,9.74407304176856,1.8731975603229893,103.15301864255672,,,,,,1.0954451150103321,0.5477225575051661,0.7071067811865475,162.78419783470187,
AS14.29,2014-05-12,0.19334501869633663,19.671283333039078,51.37418771486076,45.74518388785133,,,7.326828239250125,3.1558484912935856,83.3139326192056,9.381892772783113,,,,,1.6431676725154984,0.4472135954999579,0.894427190999916,117.79540173219861,0.0
AS14.29,2014-05-13,0.20768909167202834,10.363139358820712,48.13242748540973,3.554625789024775,,,9.110958879989072,3.8420417748900126,100.5041904791422,,,14.284971193530632,,0.0,0.5477225575051661,0.4472135954999579,0.44721359549995815,119.03943771486173,0.0
AS14.29,2014-05-14,0.1767766952966369,,137.52307655262805,,,,,,56.79992679792819,,,,,,1.3038404810405297,0.5477225575051661,0.8944271909999159,0.5374011469582755,
AS14.29,2014-05-15,,,,,,,,,,,,,,,0.7071067811865476,0.0,0.0,,
AS14.30,2014-02-17,,,,,,,,,,,,,,,,,,,
AS14.30,2014-02-18,,,,,,,,,,,,,,0.0,,,,,
AS14.30,2014-02-20,,,,,,,,,,,,,,,,,,,
AS14.30,2014-02-21,,,,,,,,,,,,,,0.0,,,,,
AS14.30,2014-02-22,,,,,,,,,,,,,,0.0,,,,,0.0
AS14.30,2014-02-23,,,,,,,,,,,,,,,,,,,
AS14.30,2014-02-24,,,,,,,,,,,,,,,,,,,
AS14.30,2014-02-25,,,,,,,,,,,,,,,,,,,
AS14.30,2014-02-26,,,,,,,,,,,,,,0.0,,,,,
AS14.30,2014-02-27,,,,,,,,,,,,,,,,,,,
AS14.30,2014-02-28,,,,,,,,,,,,,,,,,,,
AS14.30,2014-03-02,,,,,,,,,,,,,,0.0,,,,,
AS14.30,2014-03-03,,,,,,,,,,,,,,,,,,,
AS14.30,2014-03-04,,,,,,,,,,,,,,,,,,,
AS14.30,2014-03-06,,,,,,,,,,,,,,0.0,,,,,
AS14.30,2014-03-07,,,,,,,,,,,,,,,,,,,
AS14.30,2014-03-10,,,,,,,,,,,,,,0.0,,,,,
AS14.30,2014-03-11,,,,,,,,,,,,,,0.0,,,,,
AS14.30,2014-03-12,,,,,,,,,,,,,,0.0,,,,,0.0
AS14.30,2014-03-14,,,,,,,,,,,,,,,,,,,
AS14.30,2014-03-17,,,,,,,,,,,,,,,,,,,
AS14.30,2014-03-18,,,,,,,,,,,,,,0.0,,,,,
AS14.30,2014-03-19,,,,,,,,,,,,,,0.0,,,,,
AS14.30,2014-03-20,0.027959579358141824,10.193738143283415,45.34425885425579,70.75038865264274,1.6949738772159424,,,40.413967636709785,41.043780198340606,,6.999650026965633,4.122420830046345,,0.0,1.1547005383792517,1.0,1.0,51.006973493214666,
AS14.30,2014-03-21,0.2413294053283834,9.808461593720674,41.11632487604621,129.68264999279745,,,,94.1253564399752,66.2916590714431,,24.91360917249847,11.716246637800767,,0.0,1.3416407864998738,0.4472135954999579,0.8366600265340756,100.94518332366987,0.0
AS14.30,2014-03-22,0.2727314994009165,7.880541223892513,68.12007698475269,134.11275672352477,,,,29.27898916243983,177.01814989436176,,8.23367089051617,2.7833376961427496,,,1.0954451150103321,0.0,0.5477225575051661,82.71603111157626,
AS14.30,2014-03-23,0.21151236603931003,15.593850163162154,55.52643959928248,127.80765985897939,,,,102.38909400207946,126.75497329115309,,17.76888630443675,5.79667395437533,,,1.140175425099138,0.0,0.4472135954999579,153.69022819994885,
AS14.30,2014-03-24,0.1213795127005451,12.281303378434563,49.32067323673842,143.352910091399,21.72194657832293,,54.17994763132697,40.63961968018402,116.69135655700931,,,7.075447776508229,,,1.0954451150103321,0.0,0.44721359549995804,171.07054240953832,
AS14.30,2014-03-25,0.14948377448200276,11.532539610431716,72.62301769220646,139.4255133366917,5.6788560761242515,,,55.0603430779964,90.00675836456452,,,5.27289204935039,,0.0,1.0954451150103321,0.0,0.0,158.1714618044876,
AS14.30,2014-03-26,0.24167397164896873,10.215214325170313,68.60311747545545,180.05317580722277,,,,27.327727571356636,91.87858262226118,,,4.737899159645518,,0.0,1.6431676725154984,0.8944271909999159,1.7888543819998317,133.83193367746242,
AS14.30,2014-03-27,0.18907712129212312,15.77912615969707,53.238333125402775,116.7004549719517,2.133341158839815,,,22.217257757512204,116.14299289528479,,13.37929147351733,8.159449569262215,,0.0,1.2583057392117916,0.0,0.5,143.6471300769679,
AS14.30,2014-03-28,0.20774036866353762,10.918753929619918,51.38495407169358,149.34145134652238,0.6731656556895932,,,41.14393096281306,80.96351959899387,14.551550450037961,98.50421725997319,5.073244797738207,,0.0,1.4142135623730951,0.7071067811865476,1.0954451150103324,137.1531999156765,
AS14.30,2014-03-29,0.1332786612890577,13.99001244351725,70.78531278118415,69.47830609858855,,,,11.68670445848615,102.80844282847677,,,2.433121317598826,,0.0,0.5477225575051662,0.0,0.5477225575051662,170.5707431830856,
AS14.30,2014-03-30,0.1603160576073396,16.949487965304407,65.39849058638731,131.58932760719668,,,,17.943408838623725,131.06327922294832,60.354216733381605,25.51548458616192,8.244427675709213,,0.0,0.4472135954999579,0.0,0.5477225575051661,110.62506807089729,
AS14.30,2014-03-31,0.2953309584796695,10.548729120015627,66.109425769182,66.8966316557051,,,,26.508112246798884,39.66216946215177,29.009762804959298,19.229040122240303,4.0273531458156375,,,0.4472135954999579,0.0,0.5477225575051663,138.82889445941652,
AS14.30,2014-04-01,0.1867384691322674,15.752000951900914,52.249304173001384,84.46393702653651,19.233302056589242,,,20.416717628582585,60.74170150149486,9.765991808311124,,3.636631779545463,,0.0,0.4472135954999579,0.4472135954999579,0.44721359549995787,98.51403485388074,0.0
AS14.30,2014-04-02,0.1767536188463628,7.508814384325666,73.6375976598642,158.4437137784186,0.7071067811865476,,,37.423198839757134,89.33884606802724,,2.1694036046803284,0.9263503207030626,,,0.894427190999916,0.894427190999916,0.8944271909999159,125.74942091808144,
AS14.30,2014-04-03,0.1505453121523787,11.398255235351305,71.68613822876324,138.16215865855048,,,37.81728348696312,17.852949075598307,132.0146816099965,,193.8172616164515,6.9807358119463645,,,1.0954451150103324,0.0,0.7071067811865476,82.04933944755115,
AS14.30,2014-04-04,0.1822696657168156,12.81765427850669,54.63460863719466,85.98760102226724,43.60892588679524,,,24.553270087935562,79.00093586582797,,47.65263309094262,4.803188785312622,,0.0,0.4472135954999579,0.0,0.44721359549995787,146.65293372113095,
AS14.30,2014-04-05,0.12209475469801444,16.509381508397208,52.030548724024406,142.2674685450412,4.998537836207705,,,45.068934899156915,110.45243857175348,,42.295044646703786,6.362094344195506,,0.0,1.0954451150103321,0.0,0.0,150.4557270953285,
AS14.30,2014-04-06,0.15534902443239687,19.772471972311237,54.95110738633799,95.57425810988302,,295.3436575342359,,16.91001262763179,138.04795056807052,,,,25.048591683632303,,0.4472135954999579,0.0,0.0,131.57701058837193,
AS14.30,2014-04-07,0.1513906304300599,22.460770732634792,69.70325437285237,142.93683951757407,,211.6261372097817,,17.669956470423653,93.13974599720702,65.67388424632732,,4.2386784575698435,31.319568595368615,,1.0,0.0,0.5477225575051662,130.33301503898153,
AS14.30,2014-04-08,0.2549390460080952,21.74834420650084,61.639288795981564,70.86520750332203,4.831858200182066,306.00867520872674,,20.987346690217528,75.00498243469674,,,18.76558005934366,,,1.140175425099138,0.0,0.8366600265340755,97.03157829963222,
AS14.30,2014-04-09,0.27529018159471547,19.33932330456222,43.21443227727076,151.2888466512698,,361.98734065199017,,69.54541631331506,92.19063534490206,,,2.2815268592597833,,0.0,1.2909944487358056,0.0,0.4999999999999999,153.23077644642657,0.0
AS14.30,2014-04-10,0.22866847397650641,8.169638638074316,47.01808565960646,140.54490983446937,1.5285098407708515,190.3920608015208,,36.907987394945486,136.41297171299885,37.89173108344352,,9.363558206457324,,,0.0,0.0,0.44721359549995804,135.333361581262,0.0
AS14.30,2014-04-11,0.24008634354898145,12.587484668607214,67.87884430088488,120.76888093711216,3.857330838805507,181.7010716665333,,25.422581740160947,56.20375106151775,,,4.403527180835034,,0.0,2.3094010767585034,0.5773502691896258,1.1547005383792517,189.20450277591996,
AS14.30,2014-04-12,0.0832938866542242,14.70292322567938,76.10365506199074,129.2629791300149,,256.9270511739016,,13.290478790882933,149.06132659644587,,,1.1659615488228299,,,1.224744871391589,0.4472135954999579,0.8366600265340756,123.78519377648348,
AS14.30,2014-04-13,0.13068690070984856,14.516077148449646,52.1013104954492,128.91055747063348,7.117029752642599,160.98535955349067,,15.402216686391132,78.7867806958641,,,6.20106770376414,,,0.5477225575051661,0.0,0.44721359549995804,201.86795829313516,
AS14.30,2014-04-14,0.15827075350838055,9.627857410673048,57.59878171700461,165.0343942813169,,186.59127142388877,,11.848513779279568,94.45561855348593,,,2.0507452839834155,,,2.06155281280883,0.0,0.9574271077563381,113.09233391934355,
AS14.30,2014-04-15,0.1386325585211338,15.89050143522933,62.345508687139336,103.48543268235652,5.719304270043105,52.59248106431185,,52.461499074945195,97.33254195227879,,,2.7819396601521165,,0.0,0.5477225575051662,0.0,0.5477225575051662,117.1538419439532,
AS14.30,2014-04-16,0.15374749617130734,13.567691574581518,57.75696561432748,96.44877833452439,0.6294449936253368,220.47502404058025,,15.103464337103023,89.13749884420136,,23.404931513983165,2.463566310588507,,0.0,1.3416407864998738,0.5477225575051661,0.5477225575051661,120.72847196042589,
AS14.30,2014-04-17,0.19744713794571922,12.9564024267326,55.220393520445576,135.42448676346393,7.2011759822807955,335.34095323155805,,40.76198700935161,76.74505132769458,,,4.058340807659099,,,0.8366600265340756,0.0,0.5477225575051661,120.88397913053524,
AS14.30,2014-04-18,0.04478637285309777,19.838547791340172,42.026453162021745,132.5004961072702,8.937773902562839,,,61.39855595614607,115.49286183576508,,,2.083428904474544,,,1.0954451150103321,0.0,0.5477225575051661,200.1719247586779,
AS14.30,2014-04-19,0.13713116074999251,17.711907224675937,42.650594206928695,161.86027734541656,2.1283914113715077,454.1487247811374,,12.783966180336993,56.26689798587813,,22.742473338918717,3.85555220428929,,,0.4472135954999579,0.0,0.44721359549995787,186.34935268278332,
AS14.30,2014-04-20,0.11428504808873531,16.577754782883105,106.65159926908994,132.5154775914335,,309.8899148263245,,84.89331045180573,77.96059300356379,,,7.491622192337736,,,0.5,0.0,0.4999999999999999,248.9780961194721,
AS14.30,2014-04-21,0.10982630503708878,10.41077508890259,87.71714243052907,138.9116318326151,2.8623682502431445,,,8.507982122689256,96.34718417942075,,,4.806346824772428,,,0.5477225575051661,0.0,0.44721359549995804,159.27543150171905,
AS14.30,2014-04-22,0.23273522825545626,16.71152232166985,77.65834528342162,167.47948530239623,1.0003374430660887,,,88.74261737141052,149.84511425875115,,,6.1836709750174075,,0.0,1.0954451150103321,0.4472135954999579,0.7071067811865476,155.742430417529,0.0
AS14.30,2014-04-23,0.14303898162823475,6.48914091560069,52.63147320784476,141.32701705955725,8.48706887712124,,,11.688555557389536,131.00531710605804,,,6.723826328810107,,,0.5477225575051662,0.0,0.547722557505166,114.44169065043411,
AS14.30,2014-04-24,0.18518593521781182,10.752422800885679,76.45400461196051,138.87451682389909,6.174428822629206,,,6.841559067653401,91.66365945911114,,,2.170817818242701,,,0.4472135954999579,0.4472135954999579,0.44721359549995815,118.10919967157244,
AS14.30,2014-04-25,0.15937333060154069,26.135436047664722,58.06604348147282,149.8295265096859,,,,50.22180604151377,67.82847880575409,21.329168947711025,36.24540234291793,5.808954084476444,,,0.0,0.0,1.0,131.09626186064878,
AS14.30,2014-04-26,0.41537661009130317,32.18332995689829,49.66073685160446,155.3417392220384,,,,58.04223845983691,95.05144758374124,,50.60971720877702,,,0.0,0.4472135954999579,0.0,0.4472135954999579,150.40417801872306,
AS14.30,2014-04-27,0.2383410177015173,34.967825785709124,49.33905567222012,124.18028392891792,,,,30.213450423611004,86.69759079857859,,,2.16091832330609,,,0.7071067811865476,0.0,0.44721359549995787,133.40000588207536,
AS14.30,2014-04-28,0.2700807458331815,33.19480998443761,43.351282637474604,133.43511556721035,36.733172403691,135.22836827751786,,29.674099636519642,140.2639918419475,,3.5899811280841014,9.645486870379674,,0.0,0.0,0.0,0.0,115.37130344379025,0.0
AS14.30,2014-04-29,0.2875421260109686,28.090684503899432,83.49043873806839,119.24848029911473,7.99774003495154,,,35.6483108463002,105.14962457975064,87.44153166830965,74.20853865492839,6.389072668557039,,,0.0,0.0,0.0,208.50852843351586,
AS14.30,2014-04-30,0.17706584977330256,28.304329379258373,51.24696163158224,115.75112164100838,,,,42.09757514373177,89.08492841162648,22.753282005020733,25.54449075654301,14.664874226283947,,0.0,0.4472135954999579,0.0,0.44721359549995787,93.35127303029323,
AS14.30,2014-05-01,0.15909242177896923,22.141546418313947,58.92060961204572,129.58467633649937,,241.87365267945165,,40.35655809038473,86.70934043980809,26.334320411842253,38.036957777929615,5.8503040051249435,,0.0,0.0,0.0,0.44721359549995776,119.90060635719364,
AS14.30,2014-05-02,0.17536744946570354,7.1260996519835444,51.111686937781265,133.8141702460543,17.523758898833446,,,5.437194724873339,68.19793212292934,35.91507956694514,,8.148074438823325,,0.0,0.0,0.0,0.0,160.79479704773308,
AS14.30,2014-05-03,0.24539222686715678,9.975342146065852,50.75980771265432,117.76368038951829,,,,6.289083546997218,173.3232887404619,,,2.1305127317150676,,0.0,0.4472135954999579,0.0,0.44721359549995787,159.19015223876224,
AS14.30,2014-05-04,0.35080924963522503,22.538430440423376,48.56199725000086,170.75210908292368,,,,25.579655915937916,134.34215486647022,,,,,,0.5477225575051661,0.0,0.44721359549995787,54.263204767763455,
AS14.30,2014-05-05,,,,,,,,,,,,,,,1.0,0.0,0.0,,
AS14.31,2014-02-17,,,,,,,,,,,,,,,,,,,
AS14.31,2014-02-18,,,,,,,,,,,,,,,,,,,
AS14.31,2014-02-20,,,,,,,,,,,,,,,,,,,
AS14.31,2014-02-22,,,,,,,,,,,,,,,,,,,0.0
AS14.31,2014-02-24,,,,,,,,,,,,,,0.0,,,,,0.0
AS14.31,2014-02-25,,,,,,,,,,,,,,,,,,,0.0
AS14.31,2014-02-26,,,,,,,,,,,,,,0.0,,,,,0.0
AS14.31,2014-02-27,,,,,,,,,,,,,,,,,,,
AS14.31,2014-02-28,,,,,,,,,,,,,,0.0,,,,,
AS14.31,2014-03-01,,,,,,,,,,,,,,0.0,,,,,0.0
AS14.31,2014-03-03,,,,,,,,,,,,,,,,,,,0.0
AS14.31,2014-03-04,,,,,,,,,,,,,,0.0,,,,,
AS14.31,2014-03-06,,,,,,,,,,,,,,,,,,,
AS14.31,2014-03-07,,,,,,,,,,,,,,0.0,,,,,
AS14.31,2014-03-08,,,,,,,,,,,,,,0.0,,,,,0.0
AS14.31,2014-03-10,,,,,,,,,,,,,,0.0,,,,,0.0
AS14.31,2014-03-11,,,,,,,,,,,,,,0.0,,,,,
AS14.31,2014-03-13,,,,,,,,,,,,,,0.0,,,,,
AS14.31,2014-03-14,,,,,,,,,,,,,,0.0,,,,,0.0
AS14.31,2014-03-15,,,,,,,,,,,,,,,,,,,
AS14.31,2014-03-16,,,,,,,,,,,,,,,,,,,
AS14.31,2014-03-17,,,,,,,,,,,,,,,,,,,
AS14.31,2014-03-18,,,,,,,,,,,,,,,,,,,
AS14.31,2014-03-19,,,,,,,,,,,,,,,,,,,
AS14.31,2014-03-20,,,,,,,,,,,,,,,,,,,0.0
AS14.31,2014-03-21,,,,,,,,,,,,,,,,,,,
AS14.31,2014-03-23,,,,,,,,,,,,,,,,,,,
AS14.31,2014-03-24,,,,,,,,,,,,,,0.0,,,,,
AS14.31,2014-03-25,,,,,,,,,,,,,,,,,,,
AS14.31,2014-03-27,,,,,,,,,,,,,,0.0,,,,,0.0
AS14.31,2014-03-28,,,,,,,,,,,,,,0.0,,,,,
AS14.31,2014-03-29,,,,,,,,,,,,,,0.0,,,,,
AS14.31,2014-03-31,,,,,,,,,,,,,,,,,,,0.0
AS14.31,2014-04-01,0.1100267648686946,20.649496553002766,77.47627108700844,,,,,1.6539227611953338,14.19108963399217,,,9.918586819703702,,0.0,,,,135.64192368233776,0.0
AS14.31,2014-04-02,0.2787579575542723,23.633019026563716,40.08916245841021,20.25898500254475,13.813264310678582,,,8.83379404641887,33.88445866916274,,,34.24592980632881,,,1.7320508075688772,0.5773502691896258,1.5275252316519468,108.99575727843472,
AS14.31,2014-04-03,0.21697244410632088,14.8048730808,24.735304078479384,16.54677550516057,,,,35.99849410739288,12.919887859420452,,,14.67614460612868,,0.0,0.5477225575051661,0.7071067811865476,0.5477225575051663,149.82393708161808,
AS14.31,2014-04-04,0.2198992890122547,24.85099126761069,16.6046964478427,9.320646297208194,,,,,84.85192846561198,,,52.103910248656,,0.0,1.140175425099138,0.894427190999916,0.8366600265340756,129.8210050434759,
AS14.31,2014-04-05,0.2652193362732731,17.714664867850384,73.75862454745447,25.95222849464175,,,54.98541411198671,20.99823408051258,,6.607150752530674,,13.663655111279706,,0.0,0.4472135954999579,0.5477225575051661,0.547722557505166,87.50962893486646,
AS14.31,2014-04-06,0.1816186966292096,33.05819324841934,30.80717822264264,26.779926904825146,33.95880316648394,,,8.406432537051613,,,,18.849358326832593,,,0.7071067811865476,0.8366600265340756,0.5477225575051662,164.64266766467586,
AS14.31,2014-04-07,0.18603991832701394,22.96551583103201,48.84900628739784,10.169044317601008,,,,,35.50241726981418,,,,,,0.8366600265340756,0.4472135954999579,0.5477225575051662,190.18578780538704,0.0
AS14.31,2014-04-08,0.14889524389141812,16.534981931526964,33.88110763575177,17.551614334516902,,,13.905961958814643,15.368496431382074,33.76023744719384,,,55.7005107427212,,,0.894427190999916,0.5477225575051661,0.7071067811865476,69.76084385608725,
AS14.31,2014-04-09,0.2576932617283502,15.329758030012599,35.66106240669935,15.209531135911751,,,4.4505300807881305,5.680099760190334,40.535773030881145,,,36.23851542902938,,,0.8366600265340756,0.5477225575051662,0.7071067811865476,58.01456003319505,
AS14.31,2014-04-10,0.22076670505273915,20.918273236299136,54.10728724837258,11.04158627622128,,,15.388164120518082,2.804633398503269,34.0256807118023,,,11.420535200535333,,0.0,0.8944271909999159,0.5477225575051662,0.8366600265340756,110.66050164355175,0.0
AS14.31,2014-04-11,0.23688252208130803,19.55430883567023,61.56599357548985,10.265739923713179,66.42420369363364,,44.72742997050766,6.381402894348546,37.785736711333044,,,22.56176250207417,,0.0,0.894427190999916,0.4472135954999579,0.8366600265340756,109.66401174886,0.0
AS14.31,2014-04-12,0.2558122620710648,13.872421476900433,46.71505178163791,,,,4.2518330752747096,,,,,,,0.0,0.5477225575051661,0.4472135954999579,0.7071067811865476,65.29510961245202,
AS14.31,2014-04-13,0.2948283567740511,21.876266687633187,28.562517253319147,18.966871271560123,,,8.695999195032162,7.203122052277055,18.46609359068669,,,46.92905680918805,,0.0,1.140175425099138,0.0,0.44721359549995787,96.24839111331791,
AS14.31,2014-04-14,0.12421724898533783,14.21710620814283,42.458703706228164,41.48917792715865,,,4.758828637385465,22.91993245203966,74.5719310779664,,,,,,0.4472135954999579,0.0,0.44721359549995787,65.71350417931131,0.0
AS14.31,2014-04-15,0.22016179467040523,16.908341531433226,34.214202120459966,2.355858803069488,,,,8.525586460766203,,,,56.48121919009893,,,0.816496580927726,0.5,0.8164965809277259,118.03074710319073,
AS14.31,2014-04-16,0.15642178418251854,18.70694298288773,43.52012682216413,8.22537030642255,40.02896467184732,,27.174879690012734,8.66894336461045,6.208282250349125,,,26.98584428918243,,0.0,0.816496580927726,0.5773502691896257,0.5,86.92198951924188,
AS14.31,2014-04-17,0.14389574633633095,12.74969780204333,30.425335378533838,20.84356776432957,16.309417908067722,,6.389416874801642,4.653216236587813,14.976731746596911,,,30.53474998260179,,,0.5477225575051661,0.0,0.0,39.446349423344884,
AS14.31,2014-04-18,0.16508301390690336,26.808796493121715,51.00375721225183,90.06009060562909,,,,17.100703326622316,22.23502291661882,,,4.243347793900472,,0.0,0.8366600265340756,0.4472135954999579,0.44721359549995787,84.83800932705158,
AS14.31,2014-04-19,0.41076418256484065,14.081408809739306,26.309674083987314,7.263400856348216,,,,7.202397540634183,,,,34.74038395489223,,0.0,1.0954451150103324,0.8366600265340756,0.44721359549995787,46.74697316895887,
AS14.31,2014-04-20,0.38222518666741023,17.188853986232665,33.66473705059515,,,,10.312830523707557,1.854386097877139,15.993457921466335,20.135748455586814,,27.378591696211423,,,0.4472135954999579,0.5477225575051662,1.0,47.143962259777055,
AS14.31,2014-04-21,0.16764358968845008,24.588327918969437,56.835075444502685,93.32800448492651,,,31.29347590914423,26.3508557985538,30.070736930967097,,,14.767453526439674,,,0.8366600265340756,0.5477225575051662,0.5477225575051662,147.64643530479816,0.0
AS14.31,2014-04-22,0.15290876509316026,19.24501609691922,59.56549295546813,9.35211692436163,,,,34.35534309069145,47.88380098939836,,,38.03258248497189,,,0.816496580927726,0.0,0.0,72.02146366964597,0.0
AS14.31,2014-04-23,0.15920771469080658,21.179027424929775,37.060737834082296,5.349091371438705,48.483464385145936,,26.782830246260378,3.8061103052270506,2.1241487706843873,,,47.72521672641553,,,0.4472135954999579,0.0,0.0,64.71055182720544,
AS14.31,2014-04-24,0.15788456616111676,16.642814049448972,53.020220198720885,9.592431489583491,,,,3.773945448731341,11.341285663451036,31.1384250773863,,35.816408409182145,,,0.9574271077563381,0.5,0.5773502691896258,110.88787904766983,
AS14.31,2014-04-25,0.24665775984281163,17.868522020494737,37.17735264710003,22.731842356828764,,,,38.101808457267296,12.053522234185325,106.28239185302522,,36.589039171587984,,0.0,0.0,0.0,0.0,74.29772947704903,
AS14.31,2014-04-26,0.36848365212077416,18.437201802854034,35.88158778268075,15.787573103552047,,,0.006363961030679012,38.67282512910928,8.440978100249335,19.218577342546162,,13.183503804809575,,0.0,1.1547005383792517,0.0,0.0,85.2717330596276,0.0
AS14.31,2014-04-27,0.14645399325968184,17.69279167731492,31.185176994494665,96.32872959877693,,,4.354363558546758,19.295161423345004,100.39816447981838,,,24.37164284550569,,0.0,0.7071067811865476,0.4472135954999579,0.8944271909999159,79.57321014683694,
AS14.31,2014-04-28,0.1422922391434294,20.64588975835955,36.23648495116494,19.478827307012356,27.66696702748604,,10.133030420911165,37.45828021857781,,,,32.01053807137655,,,0.4472135954999579,0.4472135954999579,0.44721359549995787,59.12033902865622,
AS14.31,2014-04-29,0.14949509464582825,9.69112150729887,38.40206067768695,56.67678990110949,15.773314116993086,,3.8003355553599913,33.59002508472281,25.395614003584313,,,15.233745215802974,,0.0,0.5773502691896258,0.0,0.0,50.990300724999656,0.0
AS14.31,2014-04-30,0.1497709639775822,16.423691879062783,26.272214660732498,19.90912155508721,,,18.141369040751233,42.84735460267028,21.80367277929722,,,53.34975129795425,,,0.8944271909999159,0.4472135954999579,0.0,62.117210681025696,
AS14.31,2014-05-01,0.07178787607891048,20.06824931083559,43.54305280745549,19.140875487244095,12.045564017512836,,3.8031853754451674,4.391690405646512,,,,,,,0.4472135954999579,0.0,0.0,85.4130778545624,0.0
AS14.31,2014-05-02,0.23316279418807548,15.128286196063245,39.04645122444031,5.084640132894928,,,15.30863060498881,1.2620082870831977,74.4460707290486,1.3767369029702075,,25.438739496200586,,,0.0,0.0,0.0,109.25239823703606,
AS14.31,2014-05-03,0.1303742125233909,13.721926172281755,37.587774314651384,,,,,33.7493450939826,,,,4.246577645587091,,,0.0,0.4472135954999579,0.5477225575051662,37.99334245111121,
AS14.31,2014-05-04,0.010162322651688427,16.088995775063154,,,,,,,,,,,,,0.8366600265340756,0.0,0.44721359549995787,19.805927734815622,
AS14.31,2014-05-05,0.015543914677406826,22.49467055771211,,,,,,,,,,,,,0.5,0.0,0.0,141.84764844833268,
AS14.31,2014-05-07,0.0,25.000594282936557,4.96883935139787,,,,,,,,,,,,1.0,0.0,0.5,,
AS14.31,2014-05-08,,,,,,,,,,,,,,,0.0,0.0,0.0,,
AS14.31,2014-05-09,,,,,,,,,,,,,,,0.5773502691896258,0.0,0.0,,
AS14.31,2014-05-10,,,,,,,,,,,,,,,0.0,0.0,0.5163977794943222,,
AS14.31,2014-05-11,,,,,,,,,,,,,,,0.894427190999916,0.0,0.0,,
AS14.31,2014-05-12,,,,,,,,,,,,,,,0.0,0.0,0.0,,
AS14.31,2014-05-13,,,,,,,,,,,,,,,0.0,0.0,0.0,,
AS14.31,2014-05-14,,,,,,,,,,,,,,,0.0,0.0,0.0,,
AS14.31,2014-05-15,,,,,,,,,,,,,,,0.7071067811865476,0.0,0.0,,
AS14.31,2014-05-17,0.049272704624798755,,25.17893609746051,,,,,,,,,68.78239792635904,,,,,,60.269510560391446,
AS14.32,2014-02-17,,,,,,,,,,,,,,0.0,,,,,
AS14.32,2014-02-18,,,,,,,,,,,,,,0.0,,,,,
AS14.32,2014-02-19,,,,,,,,,,,,,,0.0,,,,,0.0
AS14.32,2014-02-20,,,,,,,,,,,,,,0.0,,,,,
AS14.32,2014-02-21,,,,,,,,,,,,,,0.0,,,,,
AS14.32,2014-02-22,,,,,,,,,,,,,,,,,,,
AS14.32,2014-02-23,,,,,,,,,,,,,,0.0,,,,,
AS14.32,2014-02-24,,,,,,,,,,,,,,0.0,,,,,
AS14.32,2014-02-25,,,,,,,,,,,,,,0.0,,,,,
AS14.32,2014-02-26,,,,,,,,,,,,,,0.0,,,,,
AS14.32,2014-02-27,,,,,,,,,,,,,,0.0,,,,,
AS14.32,2014-02-28,,,,,,,,,,,,,,0.0,,,,,
AS14.32,2014-03-01,,,,,,,,,,,,,,0.0,,,,,
AS14.32,2014-03-03,,,,,,,,,,,,,,0.0,,,,,
AS14.32,2014-03-04,,,,,,,,,,,,,,0.0,,,,,
AS14.32,2014-03-05,,,,,,,,,,,,,,0.0,,,,,
AS14.32,2014-03-06,,,,,,,,,,,,,,0.0,,,,,
AS14.32,2014-03-07,,,,,,,,,,,,,,0.0,,,,,
AS14.32,2014-03-08,,,,,,,,,,,,,,0.0,,,,,
AS14.32,2014-03-09,,,,,,,,,,,,,,,,,,,0.0
AS14.32,2014-03-10,,,,,,,,,,,,,,0.0,,,,,
AS14.32,2014-03-11,,,,,,,,,,,,,,0.0,,,,,
AS14.32,2014-03-12,,,,,,,,,,,,,,0.0,,,,,
AS14.32,2014-03-13,,,,,,,,,,,,,,0.0,,,,,
AS14.32,2014-03-14,,,,,,,,,,,,,,0.0,,,,,
AS14.32,2014-03-15,,,,,,,,,,,,,,0.0,,,,,
AS14.32,2014-03-16,,,,,,,,,,,,,,0.0,,,,,
AS14.32,2014-03-17,,,,,,,,,,,,,,,,,,,
AS14.32,2014-03-18,,,,,,,,,,,,,,0.0,,,,,
AS14.32,2014-03-19,,,,,,,,,,,,,,0.0,,,,,
AS14.32,2014-03-20,,,,,,,,,,,,,,0.0,,,,,
AS14.32,2014-03-21,,,,,,,,,,,,,,0.0,,,,,
AS14.32,2014-03-22,,,,,,,,,,,,,,,,,,,0.0
AS14.32,2014-03-23,,,,,,,,,,,,,,0.0,,,,,
AS14.32,2014-03-24,,,,,,,,,,,,,,,,,,,
AS14.32,2014-03-25,,,,,,,,,,,,,,0.0,,,,,
AS14.32,2014-03-26,,,,,,,,,,,,,,0.0,,,,,
AS14.32,2014-03-27,,,,,,,,,,,,,,0.0,,,,,
AS14.32,2014-03-28,,,,,,,,,,,,,,0.0,,,,,
AS14.32,2014-03-29,,,,,,,,,,,,,,0.0,,,,,
AS14.32,2014-03-30,,,,,,,,,,,,,,,,,,,
AS14.32,2014-03-31,,,,,,,,,,,,,,0.0,,,,,
AS14.32,2014-04-01,,20.340835220069014,38.209282217157494,12.632931114148013,,,,40.029222034242274,,,,,,0.0,0.0,0.7071067811865476,0.0,54.23519000965295,
AS14.32,2014-04-02,0.2167225375878998,29.475391701237477,54.63429418133135,34.862276226369296,,,,4.789152020079188,,,,,,0.0,0.816496580927726,0.816496580927726,0.816496580927726,99.45781440608481,0.0
AS14.32,2014-04-03,0.13203469732838974,15.360949268674204,61.01943271105399,63.35831474874721,,,,5.606283397026748,,37.545245282192525,,,,0.0,1.5000000000000002,0.5773502691896257,0.816496580927726,90.30503886772354,
AS14.32,2014-04-04,0.13820610478549322,34.60548256865556,57.41480477643144,7.865157534355551,,,,8.015950891815642,,,,,,,2.1213203435596424,0.7071067811865476,0.0,139.69285724379804,0.0
AS14.32,2014-04-05,0.08548443801614367,19.378723734820007,89.60075479433354,21.466657812605195,,,,14.080230681506764,,,,,,0.0,0.8944271909999159,0.8944271909999159,0.547722557505166,131.18532338541334,
AS14.32,2014-04-06,0.10246172566071393,15.747303754894457,51.581874605189185,12.5156589400141,,,,6.870640676094188,75.04170715342235,37.651314777840106,,0.014849242404918061,,,0.5477225575051662,0.0,0.5477225575051661,96.39845599302501,0.0
AS14.32,2014-04-07,0.13568460734777615,36.14364774135753,52.944159345080465,32.574794187799654,,,,4.171892280488556,,12.13465947194234,,,,0.0,1.0,0.5773502691896257,0.8164965809277259,83.0081175202257,0.0
AS14.32,2014-04-08,0.1186514443758623,22.593799714661067,79.17465063114939,10.097255376791464,,,,2.618154366288261,,,,,,,0.8944271909999159,0.4472135954999579,0.44721359549995787,109.78761109253497,
AS14.32,2014-04-09,0.1421812116518549,18.827454600090714,55.049793229495386,7.434251716443784,,,,1.1576494863875386,,,,,,0.0,0.5773502691896258,0.0,0.5773502691896257,50.258120039368926,0.0
AS14.32,2014-04-10,0.10915864946511171,7.101710218494735,63.22106022205688,9.259543148801695,,,,6.308753174051994,,,,,,0.0,0.9574271077563381,0.5,0.9574271077563381,75.4157229853438,
AS14.32,2014-04-11,0.14809787449360118,36.811856142662464,70.30037783281038,13.57584233011905,,,,11.458679779351298,,,,,,0.0,1.1547005383792517,1.1547005383792517,1.5275252316519465,80.30601497976879,
AS14.32,2014-04-12,0.14253880771160968,16.71008311451025,62.32740085302237,8.005726806714927,,,,4.432875962622911,,,,,,0.0,1.3038404810405297,0.4472135954999579,0.8944271909999157,70.56899107934238,0.0
AS14.32,2014-04-13,0.18642736911481897,7.224331266168054,43.1524073918172,27.088961786455208,,,,4.6884634228985025,214.18225828563237,,,,,0.0,0.4472135954999579,0.5477225575051662,0.7071067811865475,53.94014279944571,
AS14.32,2014-04-14,0.11149728224777077,26.45710204438065,75.12503293844685,11.938264558295717,,,,3.86571354344835,,,,,,0.0,0.7071067811865476,0.7071067811865476,0.7071067811865476,84.62034934869624,
AS14.32,2014-04-15,0.15733891969504743,29.69607454656923,53.20955723787981,19.118458965463386,,,,24.5215180056211,,,,,,0.0,0.0,0.7071067811865476,1.4142135623730951,55.08529234544952,0.0
AS14.32,2014-04-16,0.138233491518926,12.195661186094416,54.118170605606764,43.66375043451584,,,,3.0727516658526115,,32.478211922764466,,,,0.0,0.5,0.5,0.5773502691896257,87.58676601973016,
AS14.32,2014-04-17,0.13896975922043722,20.523269653890196,47.046286881427164,45.567812111624924,,,,2.137583799526933,,17.560504878846736,,,,0.0,0.7071067811865476,0.7071067811865476,0.7071067811865476,59.031229606215504,
AS14.32,2014-04-18,0.15417864677177381,12.041995970891328,58.746065359302406,10.666732902710246,,,,32.51059372471277,28.849868364806564,23.973041202567522,,,,0.0,,,,179.1649191138501,
AS14.32,2014-04-19,0.13902121511474907,12.277857583963941,23.461998410140513,9.10355698380325,,,,,,,,,,0.0,,,,41.90923219764399,
AS14.32,2014-04-20,0.15360958990054788,23.13291316068947,99.42411095906263,13.670432689702409,,,,,,,,,,,,,,198.60415285548433,
AS14.32,2014-04-21,0.06765791962714358,7.41186675806343,62.26416760665941,5.514700531169036,,,,4.470034753779886,,,,,,,0.5,0.5,0.816496580927726,125.93213697267583,
AS14.32,2014-04-22,0.152787348874525,27.405452322569236,66.62681746862474,12.434534774222122,,,,,,41.23394969661933,,,,0.0,,,,98.35103056212922,
AS14.32,2014-04-23,0.16508745697477378,24.593114536131893,70.43480003865784,15.748381049986369,,,,23.28871641921352,18.081427501721205,38.97059553475329,,,,0.0,0.4472135954999579,0.0,0.0,76.35961527273695,
AS14.32,2014-04-24,0.11492134160151812,39.532537243097536,55.16456369666253,8.871674339929806,,,,2.414951621323569,31.363014172748127,,,,,0.0,1.4142135623730951,0.7071067811865476,0.0,141.4505345473001,
AS14.32,2014-04-25,0.23073835910078763,23.5629770593357,68.4041456166223,15.990712136829236,,,,36.47723215506413,172.21430623015422,66.57410344871344,,,,0.0,,,,78.36167274484767,
AS14.32,2014-04-26,0.23682368540297605,,62.3378053316241,48.222467041595635,,,,,,,,,,,,,,71.5907554275225,
AS14.32,2014-04-27,0.09383717961196311,16.138290671151058,36.17332978429981,15.526655443564072,,,,3.1643028458097993,52.82409992607541,,,9.021740750357809,,0.0,0.7071067811865476,0.0,0.0,104.1481819114759,
AS14.32,2014-04-28,0.15690931402267153,36.65163564628988,57.041033803442055,16.430732448563283,,,,1.3212570718826822,,39.798090965522455,,,,0.0,0.9574271077563381,0.5,0.5773502691896257,105.06027796212261,
AS14.32,2014-04-29,0.1658599384729307,11.216446399786596,46.509284657077785,9.609488457811194,,,,23.250873977121806,,,,,,0.0,0.0,0.5773502691896258,0.0,103.54298707326669,
AS14.32,2014-04-30,0.12783480572868972,16.792996937984572,59.50461565101392,13.393855399120486,,,,4.482485657162405,,28.83015768253792,,,,0.0,0.0,0.5773502691896258,0.0,100.24962365409093,0.0
AS14.32,2014-05-01,0.1151412451276365,24.36139744122807,66.36103342958981,16.420821308714956,,,,2.3997232132060566,,,,,,0.0,0.0,0.0,0.0,55.79504028194861,
AS14.32,2014-05-02,0.11944327449210175,25.846292002187965,68.33670021857776,15.726858003518599,,,,3.5483168545100363,,17.842425409680157,,,,0.0,0.5,0.0,0.4999999999999999,76.4185176073478,
AS14.32,2014-05-03,0.1468037737442388,20.918861955007184,79.02996573171188,8.749851018823858,,,,1.4036069606552968,,,,,,0.0,0.0,0.7071067811865476,0.7071067811865476,156.93007933628797,
AS14.32,2014-05-04,0.19663630921264041,31.33028859973775,104.72385747681071,5.328745935911653,,,,81.10282674687322,120.94851014240176,,,,,,1.1547005383792517,1.0,1.5275252316519465,232.54871217195492,
AS14.32,2014-05-05,0.0781394552075383,33.45140044354702,50.71670408790477,33.450390002081676,,,,3.7235728809840687,,,,,,0.0,0.5773502691896257,0.816496580927726,0.816496580927726,68.07088806599182,
AS14.32,2014-05-06,0.12964808986034548,13.790678299423424,70.0508557224576,18.12278006345445,,,,9.647902528529194,,,,,,0.0,,,,76.47114395211983,
AS14.32,2014-05-07,0.1109510962345423,39.73782100261304,49.01837658992259,8.471967739903459,,,,2.0491250513793626,,26.379602581034714,,,,0.0,0.0,0.5,0.0,71.0890895575406,
AS14.32,2014-05-08,0.12972502618208978,16.886128228682566,72.43396855227749,7.1663259788830445,,,,7.588526989255997,,,,,,0.0,0.0,0.5,0.8164965809277259,108.55929739356432,0.0
AS14.32,2014-05-09,0.1251859485893565,29.586335978788025,39.36126478783949,10.166964165717859,,,,1.5786110033824037,,22.28168815381132,,,,0.0,0.9574271077563381,0.5,0.4999999999999999,53.95342794059895,
AS14.32,2014-05-10,0.16986100391315226,19.89311182602383,80.84585295264553,43.78966247190127,,,,5.71876055627441,242.2331200645362,29.611281699543266,,,,0.0,0.9574271077563381,0.5773502691896257,0.5,85.73887189679,
AS14.32,2014-05-11,0.2444966728251932,28.89919448571765,57.265277433123885,34.51895692172216,,,,46.088190542335965,,,,,,0.0,0.8944271909999159,0.447213595499958,0.44721359549995787,96.71160459326462,
AS14.32,2014-05-12,0.1888925967714734,,116.51491840732955,16.75612932016573,,,,1.7015166763802227,,,,,,,0.5477225575051661,0.447213595499958,0.44721359549995804,86.22550483621741,
AS14.32,2014-05-13,0.15760006129404222,4.292504575160961,122.37321572141512,5.305092270639597,,,,,,,,,,,,,,106.50413767043437,
AS14.32,2014-05-14,0.24178020600947298,13.447803240678383,246.9436083005592,13.509570378069023,,,,,,,,,,,,,,316.30684985483515,
AS14.33,2014-02-17,,,,,,,,,,,,,,0.0,,,,,
AS14.33,2014-02-18,,,,,,,,,,,,,,0.0,,,,,
AS14.33,2014-02-19,,,,,,,,,,,,,,0.0,,,,,
AS14.33,2014-02-20,,,,,,,,,,,,,,0.0,,,,,
AS14.33,2014-02-21,,,,,,,,,,,,,,0.0,,,,,0.0
AS14.33,2014-02-22,,,,,,,,,,,,,,,,,,,
AS14.33,2014-02-24,,,,,,,,,,,,,,0.0,,,,,
AS14.33,2014-02-25,,,,,,,,,,,,,,0.0,,,,,
AS14.33,2014-02-26,,,,,,,,,,,,,,0.0,,,,,
AS14.33,2014-02-27,,,,,,,,,,,,,,0.0,,,,,
AS14.33,2014-02-28,,,,,,,,,,,,,,0.0,,,,,
AS14.33,2014-03-01,,,,,,,,,,,,,,,,,,,
AS14.33,2014-03-02,,,,,,,,,,,,,,0.0,,,,,
AS14.33,2014-03-03,,,,,,,,,,,,,,0.0,,,,,
AS14.33,2014-03-04,,,,,,,,,,,,,,0.0,,,,,
AS14.33,2014-03-05,,,,,,,,,,,,,,0.0,,,,,0.0
AS14.33,2014-03-06,,,,,,,,,,,,,,,,,,,
AS14.33,2014-03-08,,,,,,,,,,,,,,,,,,,
AS14.33,2014-03-09,,,,,,,,,,,,,,0.0,,,,,
AS14.33,2014-03-10,,,,,,,,,,,,,,0.0,,,,,
AS14.33,2014-03-11,,,,,,,,,,,,,,0.0,,,,,
AS14.33,2014-03-12,,,,,,,,,,,,,,0.0,,,,,
AS14.33,2014-03-13,,,,,,,,,,,,,,0.0,,,,,
AS14.33,2014-03-14,,,,,,,,,,,,,,0.0,,,,,
AS14.33,2014-03-15,,,,,,,,,,,,,,,,,,,
AS14.33,2014-03-17,,,,,,,,,,,,,,,,,,,
AS14.33,2014-03-18,,,,,,,,,,,,,,0.0,,,,,
AS14.33,2014-03-19,,,,,,,,,,,,,,0.0,,,,,
AS14.33,2014-03-20,,,,,,,,,,,,,,0.0,,,,,
AS14.33,2014-03-21,,,,,,,,,,,,,,,,,,,
AS14.33,2014-03-22,,,,,,,,,,,,,,,,,,,
AS14.33,2014-03-23,,,,,,,,,,,,,,,,,,,
AS14.33,2014-03-24,,,,,,,,,,,,,,0.0,,,,,
AS14.33,2014-03-25,,,,,,,,,,,,,,,,,,,
AS14.33,2014-03-26,,,,,,,,,,,,,,0.0,,,,,
AS14.33,2014-03-27,,,,,,,,,,,,,,0.0,,,,,
AS14.33,2014-03-28,,,,,,,,,,,,,,0.0,,,,,
AS14.33,2014-03-29,,,,,,,,,,,,,,0.0,,,,,0.0
AS14.33,2014-03-30,,,,,,,,,,,,,,0.0,,,,,0.0
AS14.33,2014-03-31,,,,,,,,,,,,,,0.0,,,,,
AS14.33,2014-04-01,,,,,,,,,,,,,,0.0,,,,,
AS14.33,2014-04-02,,,,,,,,,,,,,,0.0,,,,,
AS14.33,2014-04-03,,,,,,,,,,,,,,0.0,,,,,
AS14.33,2014-04-04,,,,,,,,,,,,,,0.0,,,,,
AS14.33,2014-04-05,,,,,,,,,,,,,,0.0,,,,,
AS14.33,2014-04-06,,,,,,,,,,,,,,0.0,,,,,
AS14.33,2014-04-07,,,,,,,,,,,,,,,,,,,
AS14.33,2014-04-08,,,,,,,,,,,,,,0.0,,,,,
AS14.33,2014-04-09,,,,,,,,,,,,,,0.0,,,,,
AS14.33,2014-04-10,,,,,,,,,,,,,,0.0,,,,,
AS14.33,2014-04-11,,,,,,,,,,,,,,0.0,,,,,
AS14.33,2014-04-12,,,,,,,,,,,,,,,,,,,
AS14.33,2014-04-13,,,,,,,,,,,,,,,,,,,
AS14.33,2014-04-14,,,,,,,,,,,,,,0.0,,,,,
AS14.33,2014-04-15,,,,,,,,,,,,,,0.0,,,,,
AS14.33,2014-04-16,0.11860860907644705,12.055337640754665,48.46541555995383,40.89996178197074,,,,10.717978800661465,109.79510370891137,,,12.34579213065461,,0.0,1.1547005383792517,1.1547005383792517,1.0,138.67797813309696,
AS14.33,2014-04-17,0.10229981684213339,18.377809644290494,27.171342595033224,62.78146504068335,,,,8.34845792347305,81.79935377386987,,,8.165590197506763,,0.0,0.5477225575051661,0.5477225575051662,0.8366600265340756,126.36817977828215,
AS14.33,2014-04-18,0.06755533943897807,16.392240531578548,79.41733236514172,147.11430269804947,,,,5.387799334298435,101.76589529968606,,,7.490504339304722,,0.0,1.3038404810405297,1.0954451150103324,1.1401754250991378,128.9667221719921,
AS14.33,2014-04-19,0.2900170412299344,21.644016357273557,42.66355087966236,142.89584884453433,,,,10.486277366158118,195.34353462607706,,,3.9105337547773127,,0.0,1.7320508075688772,1.0,1.1547005383792517,132.71972203632774,
AS14.33,2014-04-20,0.04404977564288826,10.958815125319619,74.51711740055644,73.78783572506305,,,,2.2509303187793264,108.60402414480414,,,,,,1.224744871391589,0.4472135954999579,0.5477225575051662,201.97561966494806,
AS14.33,2014-04-21,0.05148898744611814,14.281719015152824,54.872651639502685,89.35364998126467,,,,5.109909330571988,126.00290918540018,,,,,,1.5811388300841898,0.894427190999916,0.8366600265340756,176.52582482993392,
AS14.33,2014-04-22,0.10080218333022688,14.789780343834698,71.01804500686117,146.61183427847834,,,,5.437048436422101,112.83410770356636,,,2.5481695362149903,,0.0,1.51657508881031,1.3038404810405297,1.7888543819998317,167.29842806852943,
AS14.33,2014-04-23,0.016428797244661186,7.953178172889736,40.17672891979193,128.80534702992728,,,,5.190652300048617,119.37592729543574,,,,,,1.6431676725154984,0.8944271909999159,0.8366600265340756,181.04947754821276,
AS14.33,2014-04-24,0.16703449059635075,21.809641338548083,52.65545490031855,91.90973347907415,,,,10.656372146905033,75.18031582495578,7.945663030861553,,6.252800857415818,,0.0,1.5,0.0,1.1547005383792515,138.75722863926694,0.0
AS14.33,2014-04-25,0.20557548186572186,17.979597888150963,31.78503828653927,112.1049682288137,,,,2.3145769159827023,61.78290618182453,,,,,0.0,1.6431676725154984,0.816496580927726,1.51657508881031,137.04319187249436,0.0
AS14.33,2014-04-26,0.29915478397608347,15.486370799454578,36.35425952973812,70.35492857173072,,,,1.4938475491160403,67.424763683501,,,1.489396158403353,,0.0,1.816590212458495,1.0,2.8809720581775866,100.07427618263338,0.0
AS14.33,2014-04-27,0.10496412722099127,18.559493567055384,72.04153290560586,87.4958354006381,,,,3.265147041099375,150.770181900368,,,0.7467047609329942,,0.0,0.8366600265340756,0.5477225575051662,0.8366600265340756,211.6958950892916,
AS14.33,2014-04-28,0.1117109477869134,24.535174577127467,42.5464669759557,109.00097222945614,,,,2.1436871973308045,93.43249579467584,,,14.78818136709915,,0.0,0.5,0.5,0.9574271077563381,151.34619365986347,
AS14.33,2014-04-29,0.12151147105247387,18.02998856002332,50.475335043745964,87.80588728794373,,,,10.475270606801251,82.43050638849542,19.25405506578265,,4.16247840373238,,0.0,1.140175425099138,1.140175425099138,0.8366600265340756,136.2269356902297,
AS14.33,2014-04-30,0.02470834072033895,19.396205615877392,45.6112554499358,107.53864469792553,,,,1.8056960430814488,106.37518543225515,38.66587717872181,,,,,1.0,1.5,2.5099800796022262,203.67749698326796,
AS14.33,2014-05-01,0.2145453796914079,17.734283512322953,43.56419586770769,49.073811657604715,,,,2.881172669657436,72.67291309571434,23.821725618528237,,7.801286479111419,,0.0,1.5165750888103102,0.5773502691896257,1.0,136.64297435272562,
AS14.33,2014-05-02,0.1824364561454239,11.978083757851296,,,,,,13.41369192280783,,,,23.343878133963376,,0.0,,,,68.85739290106754,0.0
AS14.33,2014-05-03,0.2659530842994968,19.47090149622115,13.590854544070996,,,,,0.05656854249492323,39.20040285976213,,,,,0.0,,,,56.466844618490676,
AS14.33,2014-05-04,0.2890445671201079,21.83819019219595,26.816820126488313,59.78887589419046,,,,3.755302344685445,97.27545045079235,47.054269097500594,,5.437045254951959,,0.0,2.0,1.0,1.5275252316519468,112.6461187130628,
AS14.33,2014-05-05,0.06940461948277504,17.00838967575645,44.48061666400416,102.15006836557139,,,,2.0767176625627277,144.2312748535947,,,,,0.0,0.5773502691896257,0.5773502691896258,0.5773502691896257,206.87298728886714,
AS14.33,2014-05-06,0.1067259275109028,10.732054201301935,69.9201242079823,39.892284923056906,,,,,111.60630686960201,55.78274376244563,,0.5575884832622235,,0.0,,,,134.07786008184226,
AS14.33,2014-05-07,0.006095340776736985,6.931585434861516,,138.41584014760255,,,,1.4932743384924292,114.36880749137852,,,,,,1.4999999999999998,1.2909944487358054,1.8257418583505538,199.11924257171972,
AS14.33,2014-05-08,0.09208990684731808,20.725144526091366,33.44550693516614,42.52599723676039,,,,16.147411776091754,146.05375781262077,62.00372143885129,,4.0161943657314865,,0.0,1.3038404810405297,0.5477225575051661,1.1401754250991378,149.646598700263,
AS14.33,2014-05-09,0.01971026545710183,17.10129358171472,51.55689078695671,75.20065487384099,,,,2.6166082052917288,133.57386600488934,,,2.693807884142199,,,0.8366600265340756,0.8366600265340756,1.9235384061671346,169.4625513907896,0.0
AS14.33,2014-05-10,0.17262326785230786,16.667774854838843,28.381695536414647,92.8035723582042,,,,2.0504975737610627,53.766415055283055,,,36.103618572104374,,0.0,1.816590212458495,0.7071067811865476,1.8165902124584947,118.27950423717687,
AS14.33,2014-05-11,0.018149801149959368,3.797537792002884,42.554218726374096,47.78797456656059,,,,3.3579123276226253,58.88990204634893,,,,,,1.0,1.140175425099138,1.4142135623730951,181.3894956381915,
AS14.33,2014-05-12,0.052478537476136934,14.8407014578432,59.155899706009656,47.21492024168389,,,,95.02500802508078,123.726791554816,,,,,,0.9574271077563381,0.5773502691896257,0.816496580927726,221.5637757140944,
AS14.33,2014-05-13,0.24241470546710428,28.556622999704807,68.37537052961679,50.05956548825336,,,,3.471347048817409,116.82968673951885,1.332896282536642,,5.091196257593428,,,0.7071067811865476,1.4142135623730951,2.8284271247461903,115.11436402707614,
AS14.33,2014-05-14,0.009688834697039742,6.777064605258516,25.032467850107523,120.24273718696813,,,,11.622737242147394,174.33767896560482,,,,,,1.3662601021279464,0.5477225575051661,0.9831920802501751,176.89485560802783,
AS14.33,2014-05-15,0.14464560886182745,15.752335482793777,51.163527582576606,38.930809320454514,,,,8.50060361974372,120.0843083539498,26.80661826759288,,3.795578651536548,,0.0,0.0,0.7071067811865476,0.0,177.5649026895053,0.0
AS14.33,2014-05-16,0.1297934042972214,21.613884683991312,56.994353921558734,57.997054541399095,,,,5.6869695767312365,108.52407414624084,,,7.92302520085184,,0.0,0.5477225575051661,0.0,0.7071067811865476,135.12621590990994,
AS14.33,2014-05-17,0.03234025173103458,17.268125251768975,30.683545898179926,55.91493625837177,,,,2.8633537882466893,93.62783007083554,,,,,0.0,0.5,0.5773502691896258,1.4142135623730951,206.1664280200967,
AS14.33,2014-05-18,0.0225036530561256,24.022024271848284,74.52191151532034,89.38641552000588,,,,3.617497242569785,120.34938610906067,,,0.6003823781557883,,,0.8944271909999159,0.8366600265340756,1.0,238.57885154963,
AS14.33,2014-05-19,0.017456920158934654,6.10902375301504,65.612821876659,99.8758670901034,,,,7.915496187858345,141.62938449758445,,,,,,1.3038404810405297,0.8366600265340756,1.0954451150103321,221.97791591689793,
AS14.33,2014-05-20,0.029332919569722133,13.070652933377207,40.8221857272926,149.5818409978297,,,,1.71671284727528,100.41689465226973,,,,,,1.2909944487358056,0.5773502691896257,1.707825127659933,246.24732339867919,
AS14.33,2014-05-21,0.027434154113632613,9.530669438882478,74.89592601065382,55.963210910893444,,,,4.499039338199508,158.12298520890045,,,,,,1.2110601416389968,1.3038404810405297,1.2649110640673518,251.88508716367588,
AS14.33,2014-05-22,0.030003845762260728,16.822147798043808,54.921907995947706,141.41961204279033,,,,13.031976557683027,64.26233428547592,,,1.107329219338133,,0.0,0.5773502691896257,0.9574271077563382,1.707825127659933,165.21207836893566,
AS14.33,2014-05-23,0.03582766421403197,20.97059156488515,38.2154763696334,113.7551563622502,,,,8.940481695769023,172.26157781954214,,,,,,1.1690451944500122,0.8944271909999159,1.4719601443879746,155.5337322027328,
AS14.33,2014-05-24,0.021848711267388975,12.586633125592863,36.59562865153593,72.07282666603182,,,,15.568659652220116,88.99843042072463,,,,,,1.5,0.9574271077563382,1.51657508881031,149.35000234254457,
AS14.33,2014-05-25,0.28991227888788834,14.280396475204551,38.63273941502325,53.612810505823454,,,,3.8653421150871843,54.612327195165264,,,12.107878400328559,,0.0,1.2583057392117916,0.5773502691896258,0.9574271077563381,135.15541127848795,
AS14.33,2014-05-26,0.13177341115149663,14.050438688657959,62.408966258056275,83.27720639386666,,,,23.900413912572887,131.0500889773714,,,,,0.0,1.1401754250991378,0.7071067811865476,1.51657508881031,180.87920246719926,0.0
AS14.33,2014-05-27,0.02726101558671374,8.796923620245263,79.75086000529947,42.7233917192912,,,,15.769029100921664,72.3652922102959,,,16.308710801286537,,,1.51657508881031,0.8944271909999159,0.8366600265340756,153.8968231707317,0.0
AS14.33,2014-05-28,0.14838590313367764,14.320667841821576,46.45859738923358,57.02644947972595,,,69.86208866031808,32.255709664930706,123.11247304962554,,,2.271551188065107,,0.0,1.8708286933869707,0.8366600265340756,1.6431676725154984,118.33196769365578,
AS14.33,2014-05-29,0.22786784935754187,8.679626125040858,80.53790730623597,89.59184338989795,,,,4.717286084180182,215.6356427517131,,,0.5819488809165289,,0.0,0.5773502691896257,0.0,0.0,32.461820744170915,
AS14.33,2014-05-30,0.24424258582174077,15.272540241522355,53.04621169218462,41.669793558861016,,,,2.356993529902023,104.38868867409427,32.81922996865481,1.5380979596024866,19.301321404307558,,0.0,1.3038404810405297,0.8944271909999159,1.0954451150103321,143.11602772567875,
AS14.33,2014-05-31,,,,,,,,,,,,,,,,,,,
