id,date,activity,appCat.builtin,appCat.communication,appCat.entertainment,appCat.finance,appCat.game,appCat.office,appCat.other,appCat.social,appCat.travel,appCat.unknown,appCat.utilities,appCat.weather,call,circumplex.arousal,circumplex.valence,mood,screen,sms
AS14.01,2014-02-26,0.13045647552808606,0.0,0.0,0.0,0.0,0.0,0.0,0.0,0.0,0.0,0.0,0.0,0.0,1.0,-0.0,1.0,6.0,0.0,2.0
AS14.01,2014-02-27,0.07022016657839027,0.0,0.0,0.0,0.0,0.0,0.0,0.0,0.0,0.0,0.0,0.0,0.0,0.0,0.0,0.0,6.0,0.0,0.0
AS14.01,2014-02-28,0.12000274765440407,0.0,0.0,0.0,0.0,0.0,0.0,0.0,0.0,0.0,0.0,0.0,0.0,4.0,-0.0,1.0,7.0,0.0,0.0
AS14.01,2014-03-01,0.12000274765440407,0.0,0.0,0.0,0.0,0.0,0.0,0.0,0.0,0.0,0.0,0.0,0.0,0.0,-0.0,1.0,7.0,0.0,1.0
AS14.01,2014-03-02,0.12000274765440407,0.0,0.0,0.0,0.0,0.0,0.0,0.0,0.0,0.0,0.0,0.0,0.0,0.0,-0.0,1.0,7.0,0.0,0.0
AS14.01,2014-03-03,0.12000274765440407,0.0,0.0,0.0,0.0,0.0,0.0,0.0,0.0,0.0,0.0,0.0,0.0,1.0,-0.0,1.0,7.0,0.0,0.0
AS14.01,2014-03-04,0.12000274765440407,0.0,0.0,0.0,0.0,0.0,0.0,0.0,0.0,0.0,0.0,0.0,0.0,0.0,-0.0,1.0,7.0,0.0,0.0
AS14.01,2014-03-05,0.12000274765440407,0.0,0.0,0.0,0.0,0.0,0.0,0.0,0.0,0.0,0.0,0.0,0.0,1.0,-0.0,1.0,7.0,0.0,0.0
AS14.01,2014-03-06,0.12000274765440407,0.0,0.0,0.0,0.0,0.0,0.0,0.0,0.0,0.0,0.0,0.0,0.0,1.0,-0.0,1.0,7.0,0.0,0.0
AS14.01,2014-03-07,0.12000274765440407,0.0,0.0,0.0,0.0,0.0,0.0,0.0,0.0,0.0,0.0,0.0,0.0,5.0,-0.0,1.0,7.0,0.0,0.0
AS14.01,2014-03-08,0.12000274765440407,0.0,0.0,0.0,0.0,0.0,0.0,0.0,0.0,0.0,0.0,0.0,0.0,0.0,-0.0,1.0,7.0,0.0,0.0
AS14.01,2014-03-09,0.12000274765440407,0.0,0.0,0.0,0.0,0.0,0.0,0.0,0.0,0.0,0.0,0.0,0.0,0.0,-0.0,1.0,7.0,0.0,0.0
AS14.01,2014-03-10,0.12000274765440407,0.0,0.0,0.0,0.0,0.0,0.0,0.0,0.0,0.0,0.0,0.0,0.0,1.0,-0.0,1.0,7.0,0.0,0.0
AS14.01,2014-03-11,0.12000274765440407,0.0,0.0,0.0,0.0,0.0,0.0,0.0,0.0,0.0,0.0,0.0,0.0,3.0,-0.0,1.0,7.0,0.0,0.0
AS14.01,2014-03-12,0.12000274765440407,0.0,0.0,0.0,0.0,0.0,0.0,0.0,0.0,0.0,0.0,0.0,0.0,7.0,-0.0,1.0,7.0,0.0,1.0
AS14.01,2014-03-13,0.12000274765440407,0.0,0.0,0.0,0.0,0.0,0.0,0.0,0.0,0.0,0.0,0.0,0.0,4.0,-0.0,1.0,7.0,0.0,0.0
AS14.01,2014-03-14,0.12000274765440407,0.0,0.0,0.0,0.0,0.0,0.0,0.0,0.0,0.0,0.0,0.0,0.0,3.0,-0.0,1.0,7.0,0.0,1.0
AS14.01,2014-03-15,0.12000274765440407,0.0,0.0,0.0,0.0,0.0,0.0,0.0,0.0,0.0,0.0,0.0,0.0,0.0,-0.0,1.0,7.0,0.0,1.0
AS14.01,2014-03-16,0.12000274765440407,0.0,0.0,0.0,0.0,0.0,0.0,0.0,0.0,0.0,0.0,0.0,0.0,0.0,-0.0,1.0,7.0,0.0,3.0
AS14.01,2014-03-17,0.12000274765440407,0.0,0.0,0.0,0.0,0.0,0.0,0.0,0.0,0.0,0.0,0.0,0.0,0.0,-0.0,1.0,7.0,0.0,1.0
AS14.01,2014-03-18,0.12000274765440407,0.0,0.0,0.0,0.0,0.0,0.0,0.0,0.0,0.0,0.0,0.0,0.0,1.0,-0.0,1.0,7.0,0.0,2.0
AS14.01,2014-03-19,0.12000274765440407,0.0,0.0,0.0,0.0,0.0,0.0,0.0,0.0,0.0,0.0,0.0,0.0,1.0,-0.0,1.0,7.0,0.0,0.0
AS14.01,2014-03-20,0.08154761904761905,248.979,1609.895,350.856,0.0,0.0,0.0,11.345,807.731,0.0,45.173,21.073999999999998,0.0,1.0,0.0,-0.0,7.0,2275.9440002441406,0.0
AS14.01,2014-03-21,0.13405010398938863,1656.269,5880.334,1007.456,49.544,0.0,172.20600000000002,239.751,4508.5,486.942,0.0,327.581,0.0,6.0,0.0,0.0,6.0,10731.220000028612,0.0
AS14.01,2014-03-22,0.23688021923995814,476.12,4962.918,93.324,21.076,0.0,0.0,98.143,439.632,37.305,0.0,117.62100000000001,0.0,3.0,1.0,0.0,6.0,6142.160999536513,1.0
AS14.01,2014-03-23,0.14274111580506366,779.205,4471.901,94.346,43.403,0.0,0.0,72.82300000000001,900.839,0.0,0.0,30.086,30.386,0.0,0.0,1.0,7.0,6773.832001447675,0.0
AS14.01,2014-03-24,0.07896105611559796,866.325,6716.983,976.9709999999999,34.106,0.0,3.01,66.558,3223.6259999999997,419.805,0.0,10.064,0.0,10.0,1.0,0.0,6.0,12888.617000579834,0.0
AS14.01,2014-03-25,0.09837411239050677,736.373,6845.41,68.206,43.054,0.0,0.0,178.81900000000002,1919.471,0.0,235.223,222.893,0.0,0.0,0.0,0.0,7.0,10395.793998956678,1.0
AS14.01,2014-03-26,0.10130832167007592,1000.507,7765.268,910.479,52.331,0.0,0.0,97.49799999999999,2838.0389999999998,0.0,0.0,33.365,0.0,0.0,-0.0,1.0,7.0,10401.987000465391,0.0
AS14.01,2014-03-27,0.15951064096909748,980.499,5157.7,639.3389999999999,42.219,0.0,182.451,58.532,935.381,47.314,0.0,179.029,0.0,2.0,0.0,1.0,7.0,9360.814999341963,1.0
AS14.01,2014-03-28,0.09569802163712014,899.91,866.833,1005.403,89.166,233.036,0.0,225.951,512.741,1133.009,0.0,301.717,0.0,5.0,-1.0,1.0,6.0,4923.48899960518,0.0
AS14.01,2014-03-29,0.06820281010186964,504.933,2720.012,1627.429,0.0,0.0,0.0,169.594,472.888,52.434999999999995,0.0,600.637,0.0,4.0,0.0,1.0,8.0,5797.759000062941,1.0
AS14.01,2014-03-30,0.049092970521542,414.365,807.66,1535.677,0.0,0.0,0.0,74.003,167.685,0.0,66.477,38.296,0.0,0.0,-0.0,1.0,8.0,2913.596000909806,0.0
AS14.01,2014-03-31,0.07050548088338955,1285.76,5332.637,1758.92,41.254999999999995,51.176,0.0,268.554,1350.655,183.381,29.29,210.305,0.0,6.0,0.0,1.0,7.0,7437.330000400542,0.0
AS14.01,2014-04-01,0.118443242712736,1385.517,6095.526,1030.637,547.826,234.741,92.388,121.19,4233.4619999999995,1614.621,0.0,517.636,0.0,1.0,0.0,0.0,6.0,14327.063002109528,0.0
AS14.01,2014-04-02,0.10191661063822348,2149.347,6919.06,1343.376,247.777,0.0,90.481,541.5409999999999,3428.792,0.0,0.0,341.371,0.0,4.0,0.0,1.0,6.0,15404.342999935148,0.0
AS14.01,2014-04-03,0.04923847270844108,1715.744,13640.236,1293.631,76.234,0.0,0.0,213.90200000000002,3154.241,19.082,0.0,182.77200000000002,0.0,4.0,-1.0,0.0,6.0,14565.971000909803,0.0
AS14.01,2014-04-04,0.12668931120732582,1114.59,4968.323,1545.2269999999999,0.0,0.0,0.0,176.801,2086.197,158.24099999999999,0.0,128.692,0.0,2.0,0.0,0.0,6.0,8033.108999967577,1.0
AS14.01,2014-04-05,0.1190023022034455,616.348,1885.409,76.369,0.0,0.0,0.0,81.133,363.208,187.945,0.0,118.956,0.0,0.0,-0.0,1.0,7.0,3340.4309999942784,0.0
AS14.01,2014-04-06,0.06440779944246815,1069.97,2943.642,187.214,0.0,114.406,0.0,119.12,321.46000000000004,0.0,0.0,46.249,0.0,4.0,-1.0,0.0,6.0,5588.716999769212,0.0
AS14.01,2014-04-07,0.050670621174317886,927.377,6279.728,447.121,46.128,0.0,17.107,170.348,1475.418,60.247,0.0,205.81100000000004,0.0,1.0,-1.0,0.0,6.0,8696.774999618532,0.0
AS14.01,2014-04-08,0.07532705826134849,892.668,6447.276,1457.271,19.131,0.0,0.0,209.514,2655.121,0.0,0.0,36.143,0.0,1.0,-0.0,0.0,7.0,13072.636002063753,0.0
AS14.01,2014-04-09,0.12038411453232876,1031.255,5701.926,940.77,0.0,0.0,0.0,346.654,2826.35,0.0,0.0,219.255,0.0,4.0,-1.0,1.0,7.0,13558.28900098801,0.0
AS14.01,2014-04-10,0.07896310519489107,715.355,3141.771,549.352,0.0,0.0,23.195,107.91900000000001,1173.905,0.0,0.0,377.687,0.0,7.0,-0.0,1.0,7.0,7928.54799938202,0.0
AS14.01,2014-04-11,0.07998620207306052,1171.986,3336.592,1062.142,94.093,0.0,0.0,51.452,596.807,34.234,0.0,214.648,0.0,0.0,-1.0,1.0,7.0,7371.672000169754,0.0
AS14.01,2014-04-12,0.07224906147031816,301.571,2060.366,2186.482,0.0,0.0,0.0,79.033,264.432,5.031,0.0,352.392,0.0,0.0,-1.0,1.0,7.0,3363.762001037598,0.0
AS14.01,2014-04-13,0.014021328954370726,447.415,1096.795,249.392,82.413,0.0,0.0,94.209,34.501999999999995,0.0,0.0,0.0,0.0,0.0,-1.0,1.0,8.0,2005.7509992122655,0.0
AS14.01,2014-04-14,0.08388731446988419,961.581,6009.232,3427.705,89.32300000000001,0.0,0.0,145.096,1248.423,29.104,0.0,820.275,0.0,1.0,-1.0,1.0,7.0,9041.106999158861,1.0
AS14.01,2014-04-15,0.09011215278072526,1596.356,6224.231,944.5219999999999,13.043,0.0,0.0,110.41499999999999,2753.3940000000002,8.363,0.0,279.793,0.0,8.0,0.0,1.0,6.0,8070.927998304366,1.0
AS14.01,2014-04-16,0.11611033612712222,923.613,4562.607,426.734,0.0,0.0,0.0,40.784,1912.852,0.0,0.0,223.587,0.0,0.0,1.0,0.0,7.0,8644.131999015808,1.0
AS14.01,2014-04-17,0.05691785667209682,551.193,4248.44,142.241,0.0,0.0,0.0,53.763,2107.146,0.0,0.0,49.718,0.0,2.0,-0.0,1.0,7.0,7679.916000604631,0.0
AS14.01,2014-04-18,0.09403300669497609,1045.686,4901.847,774.354,119.163,0.0,0.0,47.789,980.3679999999999,63.874,0.0,88.68,0.0,1.0,-1.0,1.0,7.0,6597.826999902724,0.0
AS14.01,2014-04-19,0.09943191172384026,945.268,2728.26,469.274,95.62899999999999,29.084,0.0,31.482,396.672,128.89,0.0,141.81300000000002,0.0,1.0,-0.0,1.0,8.0,5133.912000656129,0.0
AS14.01,2014-04-20,0.07481624304311596,896.619,4591.03,727.492,10.606,0.0,0.0,34.202,1426.883,0.0,0.0,121.035,0.0,2.0,-0.0,1.0,7.0,6633.525000333786,2.0
AS14.01,2014-04-21,0.10204105896824717,913.2620000000001,2004.347,74.88,33.266,0.0,0.0,58.049,428.972,68.278,0.0,210.882,0.0,2.0,-0.0,1.0,8.0,3832.9909992218018,0.0
AS14.01,2014-04-22,0.09192955182229205,1369.471,9842.384,1101.017,38.452999999999996,0.0,0.0,63.16,1422.548,0.0,0.0,422.214,0.0,2.0,0.0,1.0,7.0,12818.416999101639,0.0
AS14.01,2014-04-23,0.04598568913376553,859.559,7077.309,347.427,18.051,0.0,0.0,42.397999999999996,526.598,0.0,0.0,246.944,0.0,1.0,0.0,1.0,8.0,10372.408999443054,0.0
AS14.01,2014-04-24,0.0509029881940343,839.8199999999999,7548.759,1988.765,209.937,0.0,0.0,31.933,2688.536,51.184,0.0,714.195,0.0,1.0,-0.0,1.0,8.0,10648.447999954222,0.0
AS14.01,2014-04-25,0.10906106363682745,815.77,6245.932,650.832,21.070999999999998,0.0,0.0,68.84700000000001,2227.694,63.315999999999995,0.0,347.974,0.0,2.0,-0.0,1.0,7.0,6869.839999437332,1.0
AS14.01,2014-04-26,0.21424877162423497,681.992,1832.316,125.556,27.266999999999996,0.0,0.0,46.205,45.344,470.77299999999997,3.148,315.76300000000003,0.0,3.0,-0.0,1.0,8.0,4916.102999210358,4.0
AS14.01,2014-04-27,0.030478923798963695,877.088,2431.498,745.8870000000001,0.0,0.0,0.0,209.93200000000002,27.47,0.0,0.0,60.338,0.0,0.0,-0.0,1.0,8.0,3302.631000041963,0.0
AS14.01,2014-04-28,0.0196753225383989,769.655,4304.61,684.9689999999999,109.74,0.0,0.0,72.584,1010.022,0.0,0.0,380.193,0.0,2.0,-1.0,1.0,8.0,7648.543999671934,0.0
AS14.01,2014-04-29,0.10275824852950448,742.193,2811.909,1562.533,0.0,333.305,0.0,40.472,411.485,41.982,0.0,409.447,0.0,0.0,-0.0,1.0,7.0,6759.587999105455,0.0
AS14.01,2014-04-30,0.15105145904074724,616.77,3550.618,504.86199999999997,46.214,0.0,0.0,185.783,89.166,272.798,0.0,112.295,0.0,1.0,-0.0,1.0,8.0,5998.920999050139,0.0
AS14.01,2014-05-01,0.03706526814765703,1422.7839999999999,7743.735,470.866,994.16,0.0,28.098,44.43,3872.1980000000003,0.0,0.0,269.56899999999996,0.0,7.0,-0.0,1.0,8.0,10425.808998584747,4.0
AS14.01,2014-05-02,0.07734101929677568,642.982,6283.746,352.88800000000003,623.467,0.0,0.0,32.443,771.266,0.0,0.0,11.083,0.0,0.0,-0.0,1.0,8.0,9727.737000703812,0.0
AS14.01,2014-05-03,0.07174088489517204,602.722,2647.25,2096.52,74.396,0.0,0.0,40.569,205.602,143.631,30.102,125.605,0.0,0.0,-0.0,1.0,8.0,5773.032000541685,1.0
AS14.01,2014-05-04,0.13619180837703837,1094.504,2943.924,928.406,0.0,0.0,0.0,35.525,494.67699999999996,0.0,0.0,0.0,0.0,0.0,-0.0,1.0,8.0,5889.194999456405,0.0
AS14.01,2014-05-05,0.007842595452107337,438.347,826.7869999999999,318.514,0.0,0.0,0.0,0.0,25.104,0.0,0.0,99.764,0.0,0.0,0.0,1.0,7.0,693.645999908447,0.0
AS14.02,2014-03-16,0.041533358616168824,730.787,1205.057,88.392,0.0,0.0,0.0,408.106,181.591,0.0,0.0,0.0,0.0,4.0,0.0,0.0,6.0,3445.9789996147156,1.0
AS14.02,2014-03-17,0.1680684149503257,1229.285,3918.168,912.7570000000001,0.0,0.0,0.0,103.699,102.33099999999999,0.0,0.0,0.0,0.0,4.0,0.0,0.0,7.0,5987.4440014362335,0.0
AS14.02,2014-03-18,0.21948438425543756,961.154,2938.211,88.943,0.0,0.0,0.0,88.72200000000001,212.364,0.0,0.0,0.0,0.0,15.0,1.0,1.0,8.0,4511.594001531601,1.0
AS14.02,2014-03-19,0.31563175685064315,1392.617,2596.7599999999998,196.129,0.0,0.0,0.0,105.536,47.815,567.165,0.0,0.0,0.0,5.0,0.0,0.0,7.0,6247.952000141144,1.0
AS14.02,2014-03-20,0.23902496021034736,1343.48,2153.768,148.18,0.0,0.0,0.0,86.857,131.598,0.0,0.0,0.0,0.0,10.0,-0.0,1.0,7.0,4359.867001295091,1.0
AS14.02,2014-03-21,0.28962792490010747,1667.104,2858.446,459.604,0.0,0.0,0.0,37.944,388.021,442.296,0.0,0.0,0.0,10.0,-1.0,1.0,8.0,7191.7679991722125,1.0
AS14.02,2014-03-22,0.44604368683290135,1617.865,1852.256,662.8779999999999,0.0,0.0,0.0,43.204,408.66700000000003,780.617,0.0,0.0,0.0,25.0,-1.0,-0.0,6.0,6024.054002761841,1.0
AS14.02,2014-03-23,0.26969715703353236,894.077,1839.8990000000001,388.081,0.0,0.0,0.0,61.865,171.9,1263.189,0.0,0.0,0.0,8.0,-1.0,0.0,6.0,4528.527000665666,1.0
AS14.02,2014-03-24,0.15612466250149995,715.549,1669.046,532.013,0.0,0.0,0.0,81.80799999999999,232.211,0.0,0.0,0.0,0.0,5.0,0.0,-0.0,6.0,2766.227999448776,0.0
AS14.02,2014-03-25,0.23051365485645373,1280.218,2018.155,459.58899999999994,0.0,0.0,0.0,50.375,148.447,0.0,0.0,0.0,0.0,7.0,-1.0,1.0,8.0,4637.253999948503,0.0
AS14.02,2014-03-26,0.29395346240584214,1272.098,1746.977,767.156,0.0,0.0,0.0,41.95,1562.023,0.0,0.0,0.0,0.0,5.0,-1.0,0.0,7.0,5103.112000942229,0.0
AS14.02,2014-03-27,0.22884900892215096,806.709,2995.39,490.78099999999995,0.0,0.0,0.0,731.8530000000001,81.366,0.0,0.0,67.163,0.0,3.0,0.0,0.0,7.0,4800.826998710632,0.0
AS14.02,2014-03-28,0.26159832807813954,1052.564,1244.471,707.64,0.0,0.0,0.0,125.66900000000001,701.253,0.0,0.0,0.0,0.0,8.0,-1.0,1.0,7.0,3969.580999135971,2.0
AS14.02,2014-03-29,0.432469355060395,1051.649,1692.534,286.687,0.0,0.0,0.0,52.841,523.854,501.644,0.0,0.0,0.0,4.0,-1.0,0.0,7.0,3440.1939978599553,0.0
AS14.02,2014-03-30,0.24188730879396786,771.897,670.762,1278.527,0.0,0.0,0.0,113.21000000000001,322.901,0.0,0.0,0.0,0.0,10.0,-1.0,1.0,7.0,2991.8169989585867,1.0
AS14.02,2014-03-31,0.15637292366427655,1184.252,2480.495,354.965,0.0,0.0,0.0,81.741,281.299,0.0,0.0,0.0,0.0,14.0,-1.0,0.0,7.0,4773.63799905777,2.0
AS14.02,2014-04-01,0.26196053218905446,1408.356,1322.61,76.976,0.0,0.0,0.0,186.413,190.803,345.20000000000005,0.0,0.0,0.0,2.0,-0.0,1.0,7.0,3297.407997131348,1.0
AS14.02,2014-04-02,0.3191205617996335,1182.479,2941.569,297.38100000000003,0.0,0.0,0.0,128.744,317.901,0.0,0.0,0.0,0.0,2.0,-1.0,-0.0,6.0,6882.892001628875,0.0
AS14.02,2014-04-03,0.32250583990998866,1269.074,3595.421,548.78,0.0,0.0,0.0,56.132,122.42099999999999,318.294,0.0,0.0,0.0,2.0,-0.0,0.0,6.0,5436.748000860216,0.0
AS14.02,2014-04-04,0.22727035660896047,1121.233,2371.316,73.266,0.0,0.0,0.0,148.852,141.32,0.0,0.0,0.0,0.0,5.0,-1.0,0.0,6.0,3652.886000871659,0.0
AS14.02,2014-04-05,0.32191972248052525,1490.211,1914.226,794.484,0.0,0.0,0.0,100.89699999999999,258.611,388.071,0.0,0.0,0.0,9.0,0.0,1.0,7.0,7288.854001045227,1.0
AS14.02,2014-04-06,0.21520952016085249,576.385,1224.3220000000001,618.98,0.0,0.0,0.0,30.011000000000003,391.54200000000003,0.0,0.0,0.0,0.0,6.0,-1.0,-1.0,4.0,2467.753998517989,0.0
AS14.02,2014-04-07,0.13652373439609958,1482.337,2516.05,737.9159999999999,0.0,0.0,0.0,106.148,1268.198,0.0,0.0,0.0,0.0,2.0,0.0,1.0,7.0,5370.299998283385,0.0
AS14.02,2014-04-08,0.26195103762156396,1183.687,2264.745,193.47999999999996,0.0,0.0,0.0,134.434,636.253,0.0,0.0,0.0,0.0,10.0,-0.0,0.0,6.0,4078.8729996681236,1.0
AS14.02,2014-04-09,0.24720984804489024,1244.016,2255.545,627.236,0.0,0.0,0.0,61.397,293.98600000000005,0.0,0.0,0.0,0.0,12.0,-0.0,0.0,7.0,4825.947000741958,1.0
AS14.02,2014-04-10,0.2607506038432931,1302.912,2724.672,695.3240000000001,0.0,0.0,0.0,141.214,566.807,525.1129999999999,0.0,2.045,0.0,1.0,0.0,1.0,7.0,5546.244998693468,1.0
AS14.02,2014-04-11,0.4244814273084369,1256.494,2342.142,700.7239999999999,0.0,0.0,0.0,136.128,319.478,630.929,0.0,0.0,0.0,7.0,-0.0,0.0,6.0,5810.030001163483,1.0
AS14.02,2014-04-12,0.3783017333120427,1273.751,1515.4569999999999,0.0,0.0,0.0,0.0,11.016,157.19199999999998,362.185,0.0,6.986,0.0,6.0,-2.0,-1.0,6.0,3658.1750009059906,1.0
AS14.02,2014-04-13,0.28982011828279997,510.913,855.219,371.51500000000004,0.0,0.0,0.0,79.112,122.965,159.313,0.0,0.0,0.0,1.0,-1.0,0.0,7.0,2174.5139977931985,0.0
AS14.02,2014-04-14,0.18707405017212794,809.425,1821.752,95.772,0.0,0.0,0.0,21.182,56.817,0.0,0.0,84.488,0.0,8.0,1.0,1.0,8.0,2773.0430009365086,7.0
AS14.02,2014-04-15,0.1736288831786874,98.266,445.91700000000003,19.631,0.0,0.0,0.0,0.0,25.386000000000003,0.0,0.0,0.0,0.0,14.0,-0.0,0.0,7.0,701.2870004177095,1.0
AS14.02,2014-04-16,0.3532763532763534,125.12700000000001,0.0,0.0,0.0,0.0,0.0,0.0,0.0,0.0,0.0,0.0,0.0,16.0,-0.0,0.0,7.0,109.28399968147278,1.0
AS14.02,2014-04-17,0.4700854700854705,2.007,37.601,0.0,0.0,0.0,0.0,0.0,0.0,0.0,0.0,0.0,0.0,10.0,0.0,-0.0,6.0,41.23499965667722,7.0
AS14.02,2014-04-18,0.12178447758220234,0.0,0.0,0.0,0.0,0.0,0.0,0.0,0.0,0.0,0.0,0.0,0.0,3.0,0.0,0.0,6.0,0.0,0.0
AS14.02,2014-04-19,0.5,10.09,72.34100000000001,0.0,0.0,0.0,0.0,0.0,0.0,0.0,0.0,0.0,0.0,1.0,-1.0,-0.0,6.0,187.3220000267031,0.0
AS14.02,2014-04-20,0.08080644532803109,0.0,0.0,0.0,0.0,0.0,0.0,0.0,0.0,0.0,0.0,0.0,0.0,9.0,-1.0,0.0,5.0,0.0,3.0
AS14.02,2014-04-21,0.12614029630136273,0.0,0.0,0.0,0.0,0.0,0.0,0.0,0.0,0.0,0.0,0.0,0.0,8.0,-0.0,-0.0,6.0,0.0,0.0
AS14.02,2014-04-22,0.075,0.0,0.0,0.0,0.0,0.0,0.0,0.0,106.887,0.0,0.0,0.0,0.0,15.0,-1.0,-0.0,6.0,13.08000016212468,2.0
AS14.02,2014-04-23,0.142857142857143,0.0,0.0,0.0,0.0,0.0,0.0,0.0,0.0,0.0,0.0,0.0,0.0,7.0,0.0,0.0,6.0,0.0,1.0
AS14.02,2014-04-24,0.0344827586206897,0.0,0.0,0.0,0.0,0.0,0.0,0.0,0.0,0.0,0.0,0.0,0.0,0.0,-0.0,-0.0,7.0,0.0,0.0
AS14.02,2014-04-25,0.44255300471131515,0.0,0.0,0.0,0.0,0.0,0.0,0.0,0.0,0.0,0.0,0.0,0.0,0.0,-1.0,1.0,9.0,0.0,0.0
AS14.03,2014-03-21,0.23389222529023967,168.055,823.913,946.0169999999999,0.0,0.0,10.046,220.751,0.0,0.0,0.0,0.0,0.0,5.0,1.0,2.0,9.0,1664.9540009498598,2.0
AS14.03,2014-03-22,0.1913883086450861,315.216,457.044,1669.438,0.0,0.0,0.0,89.216,0.0,168.545,0.0,4.35,0.0,8.0,1.0,1.0,8.0,2642.9690005779275,1.0
AS14.03,2014-03-23,0.1002466983942117,492.576,737.1030000000001,1741.377,36.364,0.0,161.998,251.529,0.0,275.40500000000003,0.0,0.0,44.854,1.0,-0.0,1.0,8.0,5047.764000654221,1.0
AS14.03,2014-03-24,0.090740222421567,92.246,2280.007,2758.949,103.686,0.0,125.325,412.166,0.0,0.0,11.064,5.136,0.0,3.0,-1.0,1.0,8.0,6248.045999526978,0.0
AS14.03,2014-03-25,0.13276828552349199,320.813,1304.252,1351.396,198.67999999999998,0.0,141.076,133.63,0.0,0.0,47.324,28.361,0.0,6.0,-0.0,1.0,8.0,3791.1120002269754,1.0
AS14.03,2014-03-26,0.0911532011403041,118.081,1292.465,1640.994,87.141,0.0,19.842,72.68,0.0,12.84,7.649,0.0,0.0,1.0,0.0,1.0,8.0,3985.9769988059993,0.0
AS14.03,2014-03-27,0.10319575369873081,141.692,930.87,1653.654,0.0,0.0,13.437,60.032,0.0,0.0,0.0,17.490000000000002,0.0,3.0,0.0,0.0,8.0,3275.2840015888205,1.0
AS14.03,2014-03-28,0.10467928797906652,277.526,940.068,1757.793,0.0,0.0,46.206,244.99,0.0,0.0,63.787000000000006,7.045,0.0,3.0,-0.0,2.0,8.0,3250.4419982433324,0.0
AS14.03,2014-03-29,0.16337733775865063,19.31,152.928,2529.215,49.371,0.0,0.0,104.425,0.0,0.0,0.0,0.0,0.0,0.0,-0.0,2.0,9.0,2261.1540007591257,1.0
AS14.03,2014-03-30,0.16465071526667882,12.869,1218.753,2039.783,0.0,0.0,26.284,186.054,0.0,0.0,35.267,0.0,31.955000000000002,1.0,-0.0,1.0,8.0,3568.4439992904668,0.0
AS14.03,2014-03-31,0.08363358459550868,908.783,1530.745,1699.4679999999998,77.491,0.0,0.0,98.098,0.0,0.0,0.0,5.16,0.0,3.0,0.0,1.0,7.0,4667.811000108719,1.0
AS14.03,2014-04-01,0.097414340146311,329.278,710.219,877.147,58.641,0.0,62.489999999999995,203.234,0.0,0.0,0.0,0.0,0.0,2.0,0.0,0.0,8.0,3205.7939994335175,0.0
AS14.03,2014-04-02,0.0786881382869165,168.655,818.048,1314.68,65.43900000000001,0.0,18.698999999999998,98.842,0.0,54.144999999999996,0.0,0.0,0.0,2.0,0.0,1.0,7.0,3364.2400007247934,0.0
AS14.03,2014-04-03,0.08363645439998374,133.803,679.601,1267.701,71.477,0.0,0.0,91.237,0.0,0.0,20.192,29.197000000000003,0.0,1.0,0.0,1.0,8.0,2312.74599981308,0.0
AS14.03,2014-04-04,0.0871065604162596,617.093,346.899,1371.551,47.284,0.0,6.163,275.61400000000003,0.0,0.0,315.509,0.0,0.0,0.0,0.0,1.0,8.0,3231.4439988136282,3.0
AS14.03,2014-04-05,0.11442793762963631,263.052,1105.977,1270.8529999999998,0.0,0.0,106.48599999999999,60.862,0.0,19.695999999999998,0.0,0.0,0.0,6.0,1.0,1.0,8.0,2818.0799989700313,0.0
AS14.03,2014-04-06,0.07677201548523706,11.062999999999999,728.1179999999999,2670.588,0.0,0.0,0.0,57.429,0.0,0.0,23.094,0.0,0.0,0.0,0.0,1.0,7.0,3495.672998666765,0.0
AS14.03,2014-04-07,0.14406393678902962,330.361,1784.5529999999999,1737.906,87.438,0.0,124.68100000000001,71.304,0.0,0.0,82.764,0.0,0.0,2.0,0.0,1.0,7.0,5035.644999742507,0.0
AS14.03,2014-04-08,0.1038308889653645,376.932,680.721,1307.619,27.089,0.0,0.0,70.913,0.0,0.0,11.128,0.0,0.0,2.0,0.0,1.0,7.0,2463.1450002193455,1.0
AS14.03,2014-04-09,0.0921222333052219,23.843000000000004,761.547,984.36,31.735,0.0,16.27,73.887,0.0,0.0,50.254,0.0,0.0,0.0,1.0,1.0,8.0,1772.4609994888299,0.0
AS14.03,2014-04-10,0.1080663991151945,103.68900000000001,1776.893,1330.3999999999999,0.0,0.0,5.217,95.092,13.22,0.0,0.0,0.0,0.0,0.0,0.0,1.0,7.0,4766.028001308442,2.0
AS14.03,2014-04-11,0.12018808327176551,102.15899999999999,1696.012,2111.454,17.149,0.0,9.16,354.092,0.0,0.0,28.343,4.513,0.0,0.0,0.0,1.0,8.0,3965.085999250411,0.0
AS14.03,2014-04-12,0.12703734227128452,104.472,229.648,1594.374,0.0,0.0,0.0,69.247,0.0,0.0,21.096,9.33,0.0,6.0,0.0,1.0,8.0,2492.7049992084503,0.0
AS14.03,2014-04-13,0.07813754216620179,125.29599999999999,1928.918,3217.927,0.0,0.0,643.7529999999999,442.522,0.0,0.0,0.0,0.0,0.0,1.0,0.0,1.0,7.0,5895.609998703001,1.0
AS14.03,2014-04-14,0.09289626571780712,377.165,945.6129999999999,1152.6689999999999,28.19,0.0,8.073,58.008,39.702999999999996,0.0,11.226,17.303,0.0,0.0,0.0,1.0,7.0,3197.470000267029,1.0
AS14.03,2014-04-15,0.11955499852139129,269.813,1718.205,1850.002,0.0,0.0,6.025,100.23500000000001,0.0,0.0,12.082,0.0,0.0,6.0,0.0,1.0,8.0,3964.368998289109,0.0
AS14.03,2014-04-16,0.11476816921494709,243.861,1014.49,3481.02,18.113,0.0,33.186,175.38,0.0,0.0,38.227999999999994,7.662,0.0,2.0,1.0,1.0,8.0,4322.055000066759,0.0
AS14.03,2014-04-17,0.14085924635236632,247.641,2048.286,1159.738,172.576,0.0,0.0,167.096,0.0,0.0,101.287,31.331,0.0,4.0,0.0,1.0,7.0,3702.644000291825,2.0
AS14.03,2014-04-18,0.07387608289940913,1254.753,1206.113,3367.634,0.0,0.0,183.844,45.234,0.0,0.0,18.267,7.954,0.0,6.0,0.0,1.0,8.0,6253.197000503537,0.0
AS14.03,2014-04-19,0.20822977708940202,117.624,1154.371,66.66199999999999,0.0,0.0,0.0,53.494,0.0,69.034,0.0,0.0,0.0,4.0,1.0,1.0,8.0,1441.918000221252,1.0
AS14.03,2014-04-20,0.1468526372239469,489.67199999999997,992.687,1528.446,0.0,0.0,0.0,49.111,0.0,26.617,225.16000000000003,0.0,0.0,3.0,0.0,1.0,8.0,3488.998999357223,2.0
AS14.03,2014-04-21,0.02084580503077148,16.541,241.403,1845.791,23.194,0.0,0.0,38.171,0.0,167.219,0.0,5.461,0.0,3.0,0.0,1.0,7.0,3362.5550007820125,0.0
AS14.03,2014-04-22,0.09285561446082308,125.91799999999999,878.151,1668.087,0.0,0.0,39.548,71.842,0.0,0.0,23.108,0.0,0.0,0.0,0.0,1.0,8.0,3493.2100002765656,0.0
AS14.03,2014-04-23,0.1203897193369119,145.374,1477.517,1766.71,159.123,0.0,0.0,58.527,0.0,0.0,24.156,0.0,0.0,0.0,1.0,1.0,7.0,4271.5439999103555,1.0
AS14.03,2014-04-24,0.10600109223606825,115.675,1582.761,1748.048,52.354,0.0,0.0,159.014,0.0,0.0,17.439,0.0,0.0,0.0,-0.0,1.0,7.0,4893.604000329971,0.0
AS14.03,2014-04-25,0.10616761822048394,42.124,1875.933,1931.4779999999998,43.303,0.0,178.498,57.623999999999995,0.0,0.0,54.501,10.174,0.0,0.0,-1.0,1.0,8.0,4775.25099992752,0.0
AS14.03,2014-04-26,0.26914225033438455,152.613,167.788,2736.969,0.0,0.0,0.0,87.721,16.326,0.0,0.0,0.0,0.0,4.0,-0.0,1.0,8.0,3488.9399995803833,5.0
AS14.03,2014-04-27,0.06555207175889922,8.94,874.796,2828.7,0.0,0.0,0.0,351.28,0.0,540.932,56.35,0.0,0.0,0.0,-1.0,1.0,8.0,4205.915999174118,0.0
AS14.03,2014-04-28,0.08262849034113322,118.209,1489.933,1973.253,28.117,0.0,0.0,47.72,7.876,0.0,16.492,13.238,0.0,1.0,-1.0,1.0,7.0,3364.6830000877376,0.0
AS14.03,2014-04-29,0.1186958482249048,20.779,1792.613,1007.307,477.987,0.0,6.506,66.649,0.0,0.0,13.057,0.0,0.0,0.0,-1.0,1.0,7.0,3669.9149987697606,0.0
AS14.03,2014-04-30,0.08969224082903049,191.088,1089.407,2006.6229999999998,0.0,0.0,0.0,85.207,0.0,0.0,41.5,16.27,0.0,0.0,-1.0,1.0,7.0,4097.972999095916,0.0
AS14.03,2014-05-01,0.13638883459215953,79.551,1083.126,3026.562,0.0,0.0,61.166,79.596,0.0,110.887,0.0,12.198,0.0,1.0,-1.0,1.0,7.0,3744.9600000381465,0.0
AS14.03,2014-05-02,0.13437692269476761,274.71500000000003,1101.6970000000001,2699.198,43.224000000000004,0.0,0.0,225.72299999999998,0.0,49.673,0.0,28.902,0.0,10.0,-1.0,1.0,8.0,5695.175000190735,1.0
AS14.03,2014-05-03,0.1389189314363011,52.539,922.665,1845.1,0.0,0.0,0.0,54.141,0.0,72.509,15.146,11.342,0.0,5.0,-0.0,1.0,8.0,4691.005000114442,0.0
AS14.03,2014-05-04,0.06616240664834475,80.634,190.742,1275.453,0.0,0.0,0.0,37.76,0.0,0.0,41.416,0.0,0.0,4.0,-1.0,1.0,7.0,1618.617000102997,0.0
AS14.03,2014-05-05,0.10118200505539371,124.644,941.732,1635.675,13.243,0.0,0.0,249.24900000000002,0.0,130.482,140.589,6.155,0.0,2.0,-1.0,1.0,7.0,3253.5099997520465,1.0
AS14.03,2014-05-06,0.0864344417491167,249.926,978.049,451.794,0.0,0.0,14.902,0.0,0.0,0.0,12.061,0.0,0.0,2.0,-0.0,1.0,7.0,1786.1979990005495,0.0
AS14.03,2014-05-07,0.09445035643820726,69.449,1325.589,1184.871,0.0,0.0,13.261,259.219,0.0,0.0,37.386,0.0,0.0,0.0,-1.0,1.0,8.0,3511.5200004577637,0.0
AS14.03,2014-05-08,0.0,0.0,0.0,0.0,0.0,0.0,0.0,0.0,0.0,0.0,0.0,0.0,0.0,0.0,1.0,1.0,7.0,0.0,0.0
AS14.05,2014-03-14,0.08189327594256163,257.071,3850.474,269.397,0.0,0.0,0.0,358.415,467.842,0.0,0.0,28.657,0.0,3.0,-1.0,2.0,8.0,5622.153998851778,0.0
AS14.05,2014-03-15,0.05316001400560228,527.609,3678.455,670.297,0.0,0.0,0.0,173.862,0.0,0.0,186.877,41.317,0.0,3.0,0.0,0.0,6.0,7344.909000158309,0.0
AS14.05,2014-03-16,0.14132389334594397,232.24099999999999,2502.817,780.325,0.0,0.0,0.0,88.685,0.0,0.0,55.344,28.372999999999998,0.0,3.0,-1.0,0.0,6.0,4356.808998584748,0.0
AS14.05,2014-03-17,0.08337052096204704,312.834,1772.1580000000001,1020.769,0.0,0.0,0.0,145.486,0.0,0.0,7.0680000000000005,19.328000000000003,0.0,0.0,-0.0,0.0,6.0,3634.5880019664764,2.0
AS14.05,2014-03-18,0.11319590615792095,422.639,2849.687,905.289,0.0,0.0,0.0,67.334,0.0,0.0,27.862000000000002,57.67,0.0,9.0,0.0,1.0,8.0,3033.963000297547,0.0
AS14.05,2014-03-19,0.13369126492653632,235.80700000000002,3886.367,1031.136,0.0,0.0,0.0,122.397,0.0,0.0,23.393,15.09,0.0,0.0,1.0,1.0,7.0,6090.363000392912,0.0
AS14.05,2014-03-20,0.11845679938612319,122.208,3041.705,512.393,0.0,0.0,0.0,157.196,0.0,0.0,0.0,0.0,0.0,0.0,1.0,1.0,7.0,4861.2089993953705,1.0
AS14.05,2014-03-21,0.050197722898856136,393.794,2264.496,375.76,0.0,0.0,0.0,53.848,0.0,0.0,0.0,0.0,0.0,2.0,0.0,1.0,7.0,3028.735999107362,3.0
AS14.05,2014-03-22,0.018560992335206163,13.041,1097.041,641.8910000000001,0.0,0.0,0.0,117.74,0.0,0.0,0.0,7.036,0.0,0.0,-2.0,-1.0,4.0,1800.970000028611,0.0
AS14.05,2014-03-23,0.08524289724808609,269.464,2445.242,749.305,0.0,0.0,0.0,91.277,0.0,0.0,0.0,0.0,0.0,1.0,-1.0,-1.0,4.0,3039.7400004863744,9.0
AS14.05,2014-03-24,0.006535872072708545,75.977,2549.188,554.26,0.0,0.0,0.0,124.07,0.0,0.0,99.93799999999999,153.627,0.0,0.0,-2.0,-1.0,4.0,4166.945000886917,1.0
AS14.05,2014-03-25,0.040966888004228603,115.586,4345.635,1422.511,0.0,0.0,0.0,253.707,0.0,0.0,157.198,82.63799999999999,0.0,0.0,-1.0,0.0,5.0,8005.949001312256,1.0
AS14.05,2014-03-26,0.039236509193725615,176.916,4347.763,715.5160000000001,0.0,0.0,0.0,93.703,0.0,0.0,124.287,0.0,0.0,0.0,-0.0,0.0,6.0,6063.4159994125375,1.0
AS14.05,2014-03-27,0.07717586025360933,397.303,6021.495,1137.2040000000002,0.0,0.0,0.0,107.356,0.0,0.0,137.643,26.285,0.0,1.0,-1.0,0.0,6.0,7765.420001745224,1.0
AS14.05,2014-03-28,0.04532458316828961,308.83000000000004,3767.675,659.8199999999999,0.0,0.0,0.0,111.722,345.007,0.0,0.0,17.071,0.0,1.0,0.0,1.0,6.0,4804.826000213623,0.0
AS14.05,2014-03-29,0.10442318185053041,473.126,1581.317,345.232,0.0,0.0,0.0,91.391,0.0,0.0,32.533,47.14,0.0,3.0,-0.0,1.0,6.0,2503.3250005245213,1.0
AS14.05,2014-03-30,0.07491950961612633,194.232,3232.216,360.442,0.0,0.0,0.0,126.417,0.0,0.0,22.921,95.89500000000001,0.0,4.0,-1.0,1.0,6.0,4129.364998817443,0.0
AS14.05,2014-03-31,0.05534132176899743,109.542,581.058,187.417,0.0,0.0,0.0,119.599,0.0,0.0,255.70999999999998,66.526,0.0,2.0,-0.0,1.0,7.0,1272.0749990940085,0.0
AS14.05,2014-04-01,0.07812598561494999,459.519,2796.616,919.0300000000001,0.0,0.0,0.0,68.679,356.18,0.0,51.895,19.131,0.0,0.0,0.0,1.0,7.0,4638.168999195101,0.0
AS14.05,2014-04-02,0.07312614127423468,388.239,1310.55,651.466,0.0,0.0,0.0,111.52000000000001,308.297,0.0,175.62400000000002,10.106000000000002,0.0,0.0,-0.0,1.0,7.0,3359.0359988212595,0.0
AS14.05,2014-04-03,0.05275148533518809,86.37899999999999,2555.177,251.9,0.0,0.0,0.0,85.56,644.762,0.0,0.0,0.0,0.0,0.0,-1.0,1.0,7.0,3425.0309989452353,0.0
AS14.05,2014-04-04,0.04145652357485974,698.527,4998.386,272.731,0.0,0.0,0.0,245.756,237.591,0.0,239.611,22.511000000000003,0.0,3.0,-1.0,1.0,7.0,7046.1030004024515,0.0
AS14.05,2014-04-05,0.06928846414407398,278.796,1315.717,217.552,0.0,0.0,0.0,456.986,0.0,0.0,116.834,0.0,0.0,1.0,0.0,1.0,8.0,2480.897000312805,0.0
AS14.05,2014-04-06,0.07736263815327492,229.397,1812.739,887.6659999999999,0.0,0.0,0.0,65.221,6.036,0.0,0.0,72.99799999999999,0.0,2.0,-0.0,1.0,7.0,2254.6619999408717,0.0
AS14.05,2014-04-07,0.06685869441897198,258.846,3575.831,348.485,0.0,0.0,0.0,77.513,0.0,0.0,46.251,32.203,0.0,1.0,-0.0,1.0,7.0,4997.455999612811,0.0
AS14.05,2014-04-08,0.08512478025882424,271.837,1470.619,574.34,0.0,0.0,0.0,152.512,0.0,0.0,7.044,0.0,0.0,1.0,0.0,0.0,7.0,2487.969001531601,0.0
AS14.05,2014-04-09,0.1536189527904702,497.915,3713.895,931.446,0.0,0.0,0.0,143.413,7.161,0.0,87.147,4.016,0.0,1.0,0.0,1.0,7.0,5299.146999597549,0.0
AS14.05,2014-04-10,0.013347120143232588,489.721,2101.833,879.885,0.0,0.0,0.0,80.30699999999999,257.664,0.0,0.0,4.033,0.0,1.0,1.0,1.0,7.0,3365.1280000209817,0.0
AS14.05,2014-04-11,0.0946152502759936,785.299,2959.901,551.666,0.0,0.0,21.127,100.283,72.543,0.0,0.0,5.04,0.0,0.0,0.0,1.0,7.0,4524.2270007133475,0.0
AS14.05,2014-04-12,0.04929885725426735,374.492,6459.5,531.625,0.0,0.0,0.0,102.538,764.216,0.0,148.693,38.441,0.0,0.0,-1.0,1.0,7.0,9280.393999099731,3.0
AS14.05,2014-04-13,0.11412738344393668,617.192,1121.442,201.946,0.0,0.0,0.0,141.055,198.636,0.0,0.0,0.0,0.0,13.0,0.0,1.0,8.0,2347.7580003738394,0.0
AS14.05,2014-04-14,0.1017234451157769,622.431,1495.039,389.57,0.0,0.0,0.0,147.963,1136.743,0.0,246.393,74.099,0.0,0.0,-1.0,0.0,6.0,4034.9939990043645,0.0
AS14.05,2014-04-15,0.05729654885661261,211.639,3779.075,602.297,0.0,0.0,0.0,158.928,837.441,0.0,219.536,11.224,0.0,0.0,0.0,1.0,7.0,4816.16200065613,0.0
AS14.05,2014-04-16,0.10564943114617577,224.474,1065.002,235.066,0.0,0.0,0.0,126.471,458.992,0.0,0.0,23.194,0.0,0.0,-1.0,1.0,7.0,1772.701999902724,0.0
AS14.05,2014-04-17,0.11503845562252696,412.149,4080.234,437.271,0.0,0.0,0.0,86.826,832.255,0.0,40.053,40.364,0.0,0.0,0.0,1.0,7.0,5459.236999511721,0.0
AS14.05,2014-04-18,0.11516740722460596,510.035,2544.659,826.436,0.0,0.0,0.0,268.874,881.555,0.0,191.27100000000002,3.028,0.0,1.0,0.0,1.0,8.0,4752.036000967024,1.0
AS14.05,2014-04-19,0.06088698983560529,116.006,1138.206,43.79,0.0,0.0,0.0,111.042,903.1160000000001,0.0,105.78800000000001,14.285,0.0,2.0,-1.0,1.0,7.0,2440.0860016345987,0.0
AS14.05,2014-04-20,0.03538299274192724,372.859,4987.0960000000005,619.547,0.0,0.0,0.0,46.363,1470.238,0.0,180.368,109.92,0.0,0.0,-1.0,1.0,7.0,7611.530999422075,0.0
AS14.05,2014-04-21,0.10177745806111636,433.16700000000003,5444.914,366.749,0.0,0.0,0.0,62.632,647.545,5.029,55.333,215.029,0.0,0.0,-1.0,1.0,7.0,6809.969999790193,0.0
AS14.05,2014-04-22,0.06284797975562106,370.914,2220.822,279.44100000000003,0.0,0.0,0.0,150.763,1451.703,0.0,97.56700000000001,12.18,0.0,1.0,0.0,1.0,7.0,3791.727001428606,1.0
AS14.05,2014-04-23,0.0809468968896285,244.60999999999999,3434.241,119.405,0.0,0.0,0.0,73.26,883.902,0.0,116.184,0.0,0.0,0.0,-1.0,1.0,7.0,4733.209998846052,1.0
AS14.05,2014-04-24,0.0393710661860602,440.23600000000005,3242.658,99.168,0.0,0.0,0.0,58.243,542.762,0.0,49.06,10.037,0.0,0.0,-1.0,1.0,7.0,5059.994000434875,0.0
AS14.05,2014-04-25,0.04905272151838807,214.874,3501.49,838.4250000000001,0.0,0.0,0.0,65.782,1260.2,0.0,218.39600000000002,35.265,0.0,3.0,-1.0,1.0,7.0,5744.800001382828,0.0
AS14.05,2014-04-26,0.20016636094205972,523.318,3357.606,1170.47,0.0,0.0,0.0,146.654,705.763,0.0,16.073999999999998,72.459,0.0,2.0,-1.0,1.0,8.0,5476.664000272749,1.0
AS14.05,2014-04-27,0.018822482895967975,129.7,1999.359,230.084,0.0,0.0,0.0,217.575,521.285,0.0,0.0,78.758,0.0,0.0,-1.0,1.0,7.0,3040.2530012130746,0.0
AS14.05,2014-04-28,0.01030462752911947,427.335,4702.631,671.505,0.0,0.0,0.0,55.599000000000004,572.717,0.0,174.014,3.01,0.0,1.0,-1.0,1.0,7.0,6051.35100030899,0.0
AS14.05,2014-04-29,0.04116509714674098,0.0,2737.099,583.6179999999999,0.0,0.0,0.0,140.835,620.269,0.0,175.478,10.123999999999999,0.0,0.0,0.0,1.0,7.0,3825.139998912811,0.0
AS14.05,2014-04-30,0.06160851782272659,31.581,2477.471,103.591,0.0,0.0,0.0,64.292,344.519,0.0,203.29600000000002,10.068,0.0,0.0,-1.0,1.0,7.0,3707.527999877929,0.0
AS14.05,2014-05-01,0.025292275106005607,342.70399999999995,4155.193,90.45400000000001,0.0,0.0,0.0,139.338,495.20500000000004,0.0,0.0,0.0,0.0,0.0,-0.0,1.0,7.0,5079.736999034882,0.0
AS14.05,2014-05-02,0.006817240295425037,2029.267,5812.473,390.34299999999996,0.0,0.0,0.0,449.645,893.075,0.0,119.58699999999999,42.229,0.0,0.0,-0.0,1.0,7.0,10555.34399962425,7.0
AS14.05,2014-05-03,0.05447085148853847,333.718,2032.534,164.688,0.0,0.0,0.0,57.932,716.646,0.0,214.516,9.075,0.0,1.0,0.0,1.0,7.0,3711.5929996967334,5.0
AS14.05,2014-05-04,0.07258033493084995,177.243,2625.266,269.657,0.0,0.0,0.0,104.053,71.958,0.0,110.071,26.158,0.0,2.0,0.0,1.0,7.0,2949.394999027253,0.0
AS14.05,2014-05-05,0.0024906600249066002,0.0,32.084,5.155,0.0,0.0,0.0,10.221,0.0,0.0,0.0,0.0,0.0,0.0,-0.0,1.0,6.0,49.03300023078917,0.0
AS14.06,2014-03-24,0.043431899641577044,43.495,1100.5140000000001,1073.3,0.0,0.0,0.0,220.348,292.297,0.0,0.0,0.0,0.0,3.0,-1.0,0.0,7.0,2508.254999637604,0.0
AS14.06,2014-03-25,0.1377085877085877,116.887,3930.897,2999.909,0.0,0.0,276.938,112.22,874.732,0.0,0.0,0.0,0.0,0.0,-0.0,1.0,7.0,7729.77000069618,0.0
AS14.06,2014-03-26,0.13556265296587805,212.512,3234.5,1950.957,0.0,0.0,35.692,60.047,2457.914,564.176,0.0,0.0,0.0,2.0,0.0,2.0,8.0,6904.794001102447,0.0
AS14.06,2014-03-27,0.1323286052009456,90.119,4045.84,2453.259,0.0,0.0,0.0,55.647999999999996,1080.695,0.0,0.0,0.0,0.0,1.0,0.0,0.0,7.0,8167.157000541684,0.0
AS14.06,2014-03-28,0.17147079420003294,42.311,3587.793,1292.64,0.0,0.0,42.263,62.614,2702.082,80.015,0.0,0.0,0.0,0.0,-0.0,1.0,8.0,6928.22200202942,1.0
AS14.06,2014-03-29,0.11158088235294117,32.411,1881.483,786.555,0.0,0.0,0.0,101.467,1257.523,0.0,0.0,0.0,0.0,0.0,0.0,1.0,8.0,3906.74399995804,0.0
AS14.06,2014-03-30,0.21129785247432312,958.171,549.846,2057.889,0.0,1031.173,0.0,44.391000000000005,2071.652,0.0,0.0,0.0,4.859,1.0,0.0,1.0,8.0,7539.072999000547,4.0
AS14.06,2014-03-31,0.16060545689131747,214.716,2061.095,1566.9470000000001,0.0,0.0,27.522,49.306,2699.895,0.0,0.0,0.0,0.0,1.0,-0.0,0.0,7.0,5628.6010003089905,0.0
AS14.06,2014-04-01,0.22585362340247242,231.816,3037.886,775.56,0.0,866.915,0.0,56.760999999999996,2224.119,0.0,0.0,0.0,0.0,3.0,0.0,1.0,8.0,6250.085999488829,0.0
AS14.06,2014-04-02,0.1625525210084034,194.714,4435.702,1418.215,0.0,0.0,167.0,58.694,2845.707,22.122,0.0,0.0,0.0,4.0,-1.0,0.0,7.0,9183.50400090218,0.0
AS14.06,2014-04-03,0.20957389809629753,151.004,3895.242,1316.5720000000001,0.0,9.028,0.0,54.772,1875.638,167.515,0.0,0.0,0.0,2.0,0.0,0.0,7.0,6119.554000139236,0.0
AS14.06,2014-04-04,0.1495238095238096,283.436,2474.332,1366.593,0.0,1636.732,0.0,41.732,2207.648,549.962,0.0,0.0,0.0,0.0,-0.0,0.0,7.0,9345.66300010681,0.0
AS14.06,2014-04-05,0.29227390180878554,276.345,1395.313,559.4639999999999,0.0,0.0,0.0,81.583,1552.0739999999998,119.68,0.0,0.0,0.0,2.0,-0.0,1.0,7.0,2879.2860000133523,0.0
AS14.06,2014-04-06,0.020425724637681136,22.224999999999998,886.779,533.16,0.0,0.0,0.0,76.721,1559.075,0.0,0.0,0.0,0.0,1.0,-1.0,0.0,7.0,3150.628999471662,0.0
AS14.06,2014-04-07,0.19494720965309198,214.325,3435.941,581.349,0.0,0.0,0.0,43.457,2274.866,37.449,0.0,0.0,0.0,3.0,-1.0,0.0,6.0,5193.272999525073,0.0
AS14.06,2014-04-08,0.1749485596707819,583.39,3949.54,1588.404,0.0,636.958,172.81699999999998,61.256,1512.964,4.01,0.0,0.0,0.0,4.0,-0.0,0.0,7.0,5734.525998830793,1.0
AS14.06,2014-04-09,0.10309597523219816,254.834,4194.89,2658.234,0.0,0.0,0.0,60.772,1338.86,247.616,0.0,0.0,0.0,1.0,0.0,1.0,7.0,8258.619999885559,0.0
AS14.06,2014-04-10,0.22428424516659812,401.904,3493.525,926.688,0.0,9.124,0.0,57.606,2167.864,890.794,0.0,0.0,26.138,1.0,-0.0,1.0,8.0,7551.9960000515,4.0
AS14.06,2014-04-11,0.20591670956453667,48.418,2938.3179999999998,1480.337,0.0,0.0,90.136,61.621,2491.19,100.72,0.0,0.0,0.0,0.0,-0.0,1.0,8.0,6816.561999559403,0.0
AS14.06,2014-04-12,0.23391223155929042,257.655,682.347,1565.419,0.0,371.671,0.0,90.893,1145.472,70.887,0.0,0.0,16.081,0.0,0.0,1.0,8.0,4206.082000732421,0.0
AS14.06,2014-04-13,0.34474153297682714,223.90200000000002,4050.718,710.222,0.0,0.0,0.0,55.635,2150.362,404.98900000000003,0.0,0.0,0.0,2.0,-2.0,0.0,7.0,5254.41300010681,0.0
AS14.06,2014-04-14,0.17874293785310738,251.042,2002.915,571.143,0.0,0.0,29.434,38.558,701.473,0.0,0.0,0.0,0.0,2.0,-0.0,1.0,7.0,3492.8519992828355,0.0
AS14.06,2014-04-15,0.20056360708534618,249.596,3398.9519999999998,1070.053,0.0,0.0,71.646,58.973,2045.903,18.202,0.0,0.0,12.056000000000001,5.0,-0.0,1.0,7.0,3837.8109998702994,1.0
AS14.06,2014-04-16,0.14506508485747238,198.877,6040.177,2434.444,0.0,0.0,18.5,65.85900000000001,2878.06,80.631,0.0,0.0,0.0,1.0,0.0,0.0,8.0,11234.013998508453,0.0
AS14.06,2014-04-17,0.151670692431562,180.894,4482.571,3229.48,0.0,0.0,297.992,620.555,2045.995,37.3,0.0,0.0,0.0,1.0,0.0,1.0,7.0,11241.972001075745,0.0
AS14.06,2014-04-18,0.14621547543748678,204.60999999999999,3474.757,1980.954,0.0,76.947,10.072,57.885,913.463,331.92999999999995,0.0,0.0,0.0,3.0,-1.0,0.0,6.0,7052.027001142504,0.0
AS14.06,2014-04-19,0.09826388888888893,330.939,3080.599,1188.453,0.0,0.0,0.0,61.891,188.92000000000002,116.222,0.0,0.0,0.0,4.0,0.0,1.0,7.0,5234.979000806809,0.0
AS14.06,2014-04-20,0.029657567049808403,105.115,927.532,1232.219,0.0,0.0,0.0,52.714,2298.482,0.0,0.0,0.0,0.0,0.0,1.0,1.0,8.0,5498.4280004501325,0.0
AS14.06,2014-04-21,0.07823937267214573,36.102,2974.157,2439.3269999999998,0.0,0.0,0.0,60.811,2282.25,143.069,0.0,0.0,0.0,1.0,0.0,1.0,7.0,5760.134999752043,0.0
AS14.06,2014-04-22,0.14449779911964783,554.359,6752.336,4082.612,0.0,0.0,43.966,72.462,1462.693,230.95000000000002,0.0,0.0,0.0,6.0,-0.0,1.0,7.0,14109.476998806,1.0
AS14.06,2014-04-23,0.13372735533587954,155.436,5508.012,2288.364,0.0,0.0,102.875,138.344,1580.385,191.863,0.0,0.0,26.582,4.0,0.0,1.0,7.0,9755.811999559404,0.0
AS14.06,2014-04-24,0.23571051267413404,605.4689999999999,4000.906,1071.854,0.0,0.0,4.016,123.40899999999999,958.284,208.06900000000002,0.0,0.0,15.117,5.0,-0.0,1.0,8.0,7186.624999284746,3.0
AS14.06,2014-04-25,0.26499999999999996,808.688,3095.221,1781.591,0.0,0.0,59.679,48.46,2342.282,255.394,0.0,0.0,0.0,3.0,-1.0,0.0,6.0,5875.21199989319,0.0
AS14.06,2014-04-26,0.20659722222222224,509.438,2761.175,1091.925,0.0,0.0,136.35399999999998,65.94800000000001,712.429,45.608,0.0,0.0,0.0,10.0,0.0,1.0,8.0,6388.543001174927,1.0
AS14.06,2014-04-27,0.05971583946078428,0.0,529.021,354.323,0.0,0.0,0.0,52.556,708.348,166.64,0.0,0.0,0.0,0.0,-1.0,1.0,7.0,1709.8830003738408,0.0
AS14.06,2014-04-28,0.17232443482443488,50.263,4156.639,1114.321,0.0,0.0,31.483000000000004,29.229,1573.857,0.0,0.0,0.0,0.0,0.0,-0.0,0.0,7.0,6544.358000993728,0.0
AS14.06,2014-04-29,0.1751971158833905,171.239,4224.186,2081.522,0.0,0.0,0.0,40.293,2000.8629999999998,0.0,0.0,0.0,0.0,2.0,0.0,1.0,7.0,7276.145000696182,0.0
AS14.06,2014-04-30,0.10888427751577055,155.529,3771.92,2404.051,0.0,0.0,92.167,42.516999999999996,1605.029,63.787,0.0,0.0,0.0,1.0,-1.0,1.0,7.0,8637.355999231337,0.0
AS14.06,2014-05-01,0.3267268445839875,290.615,1144.047,1676.465,0.0,0.0,11.035,43.191,1206.588,276.651,0.0,0.0,0.0,2.0,0.0,1.0,8.0,3276.8290002346034,0.0
AS14.06,2014-05-02,0.18526365348399243,114.073,1941.6,387.605,0.0,0.0,0.0,37.36,1476.011,263.373,0.0,0.0,7.101,4.0,-1.0,1.0,7.0,3921.732998371124,0.0
AS14.06,2014-05-03,0.2202587145969499,4.009,995.107,234.741,0.0,0.0,123.711,75.887,494.587,0.0,0.0,0.0,0.0,0.0,-1.0,0.0,6.0,1446.6239998340611,0.0
AS14.06,2014-05-04,0.16709055715309384,366.025,1572.977,272.465,0.0,0.0,0.0,135.427,1430.776,4.015,93.99700000000001,0.0,0.0,0.0,-1.0,1.0,8.0,2903.8309996128096,0.0
AS14.06,2014-05-05,0.082037037037037,24.224,2457.7290000000003,742.934,0.0,0.0,0.0,31.449,2002.652,56.464,0.0,0.0,0.0,0.0,-1.0,1.0,7.0,4317.7339997291565,0.0
AS14.06,2014-05-06,0.12715530656707127,250.91199999999998,3930.821,1168.506,0.0,0.0,108.78299999999999,0.0,3125.973,40.743,0.0,0.0,0.0,1.0,0.0,1.0,7.0,8128.75799894333,0.0
AS14.06,2014-05-07,0.11738523290247421,425.191,4161.499,2098.823,0.0,0.0,187.29399999999998,624.226,1458.21,24.233,0.0,0.0,8.026,2.0,-0.0,0.0,7.0,9289.809000968933,3.0
AS14.06,2014-05-08,0.0,0.0,303.46299999999997,14.932,0.0,0.0,0.0,0.0,63.596,0.0,0.0,0.0,0.0,0.0,-1.0,1.0,7.0,0.0,0.0
AS14.07,2014-03-19,0.08047212531757778,1804.64,4989.241,403.694,0.0,0.0,0.0,90.872,941.66,145.957,255.16,0.0,0.0,0.0,-1.0,1.0,7.0,7101.433001041411,2.0
AS14.07,2014-03-20,0.11156527082833662,1493.619,5446.514,329.029,0.0,0.0,0.0,87.43299999999999,1085.914,0.0,0.0,0.0,0.0,0.0,-1.0,-0.0,5.0,5430.5650000572205,1.0
AS14.07,2014-03-21,0.09511485338064438,897.883,3385.081,783.125,0.0,0.0,0.0,90.276,1859.596,164.60399999999998,0.0,31.218,0.0,0.0,0.0,1.0,7.0,6152.962000131607,0.0
AS14.07,2014-03-22,0.2605136565800527,525.192,6418.446,851.013,0.0,0.0,0.0,357.72,1285.583,116.624,114.432,0.0,0.0,0.0,-0.0,0.0,6.0,7617.2080006599435,0.0
AS14.07,2014-03-23,0.06525398146240978,300.228,5922.021,632.796,0.0,0.0,0.0,113.335,766.535,0.0,0.0,0.0,0.0,0.0,0.0,2.0,8.0,7029.756996870042,0.0
AS14.07,2014-03-24,0.18148905062978504,989.827,3062.209,513.355,0.0,0.0,0.0,188.64499999999998,533.7950000000001,58.215,0.0,0.0,0.0,4.0,0.0,1.0,8.0,5517.154998540877,9.0
AS14.07,2014-03-25,0.13434490180252895,1126.442,4887.811,1492.521,0.0,0.0,0.0,87.733,1495.451,130.934,0.0,0.0,0.0,4.0,-0.0,1.0,8.0,7447.167998075485,0.0
AS14.07,2014-03-26,0.10329373128561768,1111.009,4025.402,324.722,0.0,0.0,0.0,103.919,670.895,203.741,0.0,0.0,0.0,8.0,0.0,1.0,7.0,6964.16100001335,4.0
AS14.07,2014-03-27,0.08970024791525805,1675.287,3925.852,261.867,0.0,0.0,0.0,60.278,984.261,51.768,0.0,0.0,0.0,2.0,0.0,0.0,7.0,7672.875998973845,8.0
AS14.07,2014-03-28,0.09809984248895876,2081.435,4793.835,1374.03,0.0,0.0,0.0,231.768,1037.2469999999998,647.093,305.073,14.226,0.0,1.0,0.0,2.0,8.0,7480.569001674652,0.0
AS14.07,2014-03-29,0.04187585355184262,803.826,1932.913,1307.365,0.0,0.0,0.0,378.55,1480.095,307.75199999999995,0.0,0.0,0.0,0.0,0.0,1.0,7.0,5617.076999902725,5.0
AS14.07,2014-03-30,0.0625734602553756,681.479,3251.563,607.082,0.0,0.0,0.0,71.024,1260.88,266.05,0.0,0.0,0.0,2.0,0.0,0.0,6.0,4043.7000000476833,1.0
AS14.07,2014-03-31,0.051366076733723814,1665.676,2398.426,1176.351,0.0,0.0,0.0,48.167,1014.504,207.856,0.0,0.0,0.0,5.0,-1.0,0.0,4.0,4701.553000211715,1.0
AS14.07,2014-04-01,0.08076225802411184,1070.306,4539.015,1692.124,0.0,0.0,0.0,55.382,1063.995,0.0,0.0,0.0,0.0,3.0,-1.0,1.0,7.0,6737.845999479294,8.0
AS14.07,2014-04-02,0.1561874532182019,1909.731,2458.557,714.684,0.0,0.0,0.0,105.003,946.703,245.963,0.0,0.0,0.0,13.0,-1.0,0.0,6.0,6846.304998636247,4.0
AS14.07,2014-04-03,0.09026347679477341,1054.087,3130.786,246.798,0.0,0.0,0.0,45.366,707.6089999999999,265.369,0.0,0.0,0.0,5.0,-0.0,0.0,6.0,3667.2090003490434,0.0
AS14.07,2014-04-04,0.04963037634408607,687.814,4549.869,1674.868,0.0,0.0,0.0,231.544,655.8209999999999,51.17,150.612,0.0,0.0,7.0,-1.0,0.0,6.0,5738.904001712798,2.0
AS14.07,2014-04-05,0.2313065813088305,1207.426,1377.754,368.645,0.0,0.0,0.0,119.3,591.904,149.298,0.0,0.0,0.0,9.0,0.0,1.0,6.0,2517.304999828338,5.0
AS14.07,2014-04-06,0.05631576348488113,882.906,2782.046,877.008,0.0,0.0,0.0,110.165,1596.296,0.0,0.0,1.002,0.0,2.0,-1.0,1.0,7.0,3622.0840008258797,3.0
AS14.07,2014-04-07,0.0805241620390383,1171.459,3988.221,1891.9540000000002,0.0,0.0,0.0,233.405,2211.098,0.0,0.0,0.0,0.0,0.0,-1.0,0.0,5.0,3747.403999328613,1.0
AS14.07,2014-04-08,0.07680102095483002,863.043,4717.495,800.643,0.0,0.0,0.0,178.111,533.825,0.0,414.965,0.0,0.0,1.0,-0.0,1.0,7.0,5472.197999477386,0.0
AS14.07,2014-04-09,0.0707902001380262,828.236,2320.953,487.572,0.0,0.0,0.0,115.867,638.086,0.0,0.0,6.038,0.0,2.0,-1.0,1.0,6.0,4250.861999273301,2.0
AS14.07,2014-04-10,0.0989583333333333,790.477,1210.44,136.535,0.0,0.0,0.0,41.149,786.3580000000001,22.179,0.0,0.0,0.0,6.0,0.0,0.0,6.0,1569.3340005874638,4.0
AS14.07,2014-04-11,0.06868288982259571,409.214,1436.89,0.0,0.0,0.0,0.0,40.111000000000004,90.485,255.40099999999998,0.0,0.0,0.0,0.0,0.0,-1.0,4.0,2235.2060010433183,1.0
AS14.07,2014-04-12,0.15313380173005842,1426.243,3931.218,663.354,0.0,0.0,0.0,177.143,1575.146,478.416,72.282,0.0,0.0,2.0,0.0,1.0,6.0,4501.542000532149,10.0
AS14.07,2014-04-13,0.01631944444444443,728.656,2883.754,1554.344,0.0,0.0,0.0,42.219,1395.631,0.0,0.0,0.0,0.0,5.0,-0.0,1.0,6.0,3007.9790019989014,0.0
AS14.07,2014-04-14,0.03335375816993464,862.117,2134.432,465.097,0.0,0.0,0.0,91.556,315.377,0.0,0.0,0.0,0.0,2.0,-0.0,0.0,6.0,2729.5790002346043,1.0
AS14.07,2014-04-15,0.019623337804315216,459.628,3334.122,464.575,0.0,0.0,0.0,72.477,1464.6109999999999,0.0,0.0,0.0,0.0,0.0,-1.0,0.0,6.0,3053.146999835967,0.0
AS14.07,2014-04-16,0.10595602036110062,1367.099,3332.442,0.0,0.0,0.0,0.0,404.782,1015.531,33.254,22.088,0.0,0.0,2.0,-1.0,0.0,5.0,6248.904000043867,8.0
AS14.07,2014-04-17,0.11809086629001884,849.804,1730.053,297.984,0.0,0.0,0.0,75.227,963.19,0.0,0.0,0.0,0.0,1.0,-1.0,-0.0,4.0,3840.1189997196198,0.0
AS14.07,2014-04-18,0.047270114942528745,530.022,2259.102,0.0,0.0,0.0,0.0,142.871,644.361,0.0,0.0,0.0,0.0,1.0,-1.0,-0.0,5.0,1561.2390003204343,2.0
AS14.07,2014-04-19,0.003125470618354867,219.009,1084.321,138.522,0.0,0.0,0.0,94.744,384.74399999999997,0.0,0.0,0.0,0.0,0.0,0.0,1.0,7.0,2050.9950006008153,0.0
AS14.07,2014-04-20,0.08680555555555557,99.644,1663.485,14.091,0.0,0.0,0.0,10.042,850.153,0.0,84.347,0.0,0.0,0.0,-2.0,-1.0,3.0,1490.1960008144383,0.0
AS14.07,2014-04-21,0.061785468319559195,1062.679,4372.4130000000005,442.452,0.0,0.0,0.0,97.31,1929.171,118.673,77.473,0.0,0.0,0.0,-0.0,1.0,7.0,3336.72899889946,0.0
AS14.07,2014-04-22,0.09099018199233717,802.594,2212.725,0.0,0.0,0.0,0.0,120.341,118.47,0.0,0.0,0.0,0.0,0.0,-0.0,0.0,6.0,2763.4509994983678,2.0
AS14.07,2014-04-23,0.07537353651992687,1099.127,5195.47,493.78,0.0,0.0,0.0,151.66899999999998,1399.2640000000001,81.312,412.628,0.0,0.0,5.0,-1.0,0.0,6.0,5544.917000055314,0.0
AS14.07,2014-04-24,0.15798611111111105,446.687,2238.196,0.0,0.0,0.0,0.0,166.793,214.721,0.0,0.0,1.003,0.0,3.0,-1.0,0.0,6.0,3173.6349997520447,1.0
AS14.07,2014-04-25,0.07604166666666666,567.569,1511.871,153.495,0.0,0.0,0.0,26.148,867.703,0.0,0.0,0.0,0.0,6.0,0.0,-1.0,3.0,1968.8840003013609,0.0
AS14.07,2014-04-26,0.018915739069801873,724.5889999999999,2381.919,326.22,0.0,0.0,0.0,220.196,939.188,0.0,409.774,0.0,0.0,0.0,-0.0,-0.0,5.0,2369.9350018501273,0.0
AS14.07,2014-04-27,0.013407752824023426,591.766,2662.923,441.7660000000001,0.0,0.0,0.0,179.703,433.221,0.0,53.51,0.0,0.0,1.0,-1.0,0.0,6.0,3042.289001703262,1.0
AS14.07,2014-04-28,0.09448967086834738,3411.985,6811.687,1194.625,0.0,0.0,0.0,333.17299999999994,1640.126,1.004,286.976,7.21,0.0,9.0,0.0,1.0,7.0,8501.479003429411,3.0
AS14.07,2014-04-29,0.13463824767244986,2627.282,4271.562,175.589,0.0,14.065,0.0,42.602,872.169,0.0,184.862,0.0,0.0,1.0,-2.0,0.0,5.0,5729.241000175476,9.0
AS14.07,2014-04-30,0.02414791881612267,2030.657,4627.67,678.4300000000001,0.0,0.0,0.0,8.033,418.836,0.0,206.91199999999998,0.0,0.0,0.0,-2.0,0.0,5.0,4486.698000907898,0.0
AS14.07,2014-05-01,0.10358452683650247,474.879,1365.974,432.474,0.0,0.0,0.0,32.19,817.021,0.0,98.515,0.0,0.0,0.0,-2.0,-0.0,5.0,2913.401000738142,0.0
AS14.07,2014-05-02,0.05910464220123313,717.6899999999999,1784.508,166.687,0.0,0.0,0.0,427.039,828.253,0.0,112.095,0.0,0.0,0.0,-1.0,1.0,6.0,3259.956999301911,0.0
AS14.07,2014-05-03,0.07569444444444444,290.056,294.10699999999997,303.578,0.0,0.0,0.0,37.375,872.0,0.0,0.0,0.0,0.0,1.0,-1.0,0.0,6.0,1797.8099997043612,0.0
AS14.07,2014-05-04,0.08229166666666671,529.433,1070.0919999999999,153.38799999999998,0.0,0.0,0.0,9.085,251.575,0.0,0.0,0.0,0.0,0.0,-1.0,1.0,8.0,2201.7170004844656,0.0
AS14.07,2014-05-05,0.13372135847984523,0.0,0.0,0.0,0.0,0.0,0.0,0.0,0.0,0.0,0.0,0.0,0.0,0.0,-2.0,0.0,6.0,0.0,0.0
AS14.08,2014-03-05,0.07022016657839027,0.0,0.0,0.0,0.0,0.0,0.0,0.0,0.0,0.0,0.0,0.0,0.0,0.0,0.0,0.0,6.0,0.0,0.0
AS14.08,2014-03-06,0.05211963160280743,0.0,0.0,0.0,0.0,0.0,0.0,0.0,0.0,0.0,0.0,0.0,0.0,0.0,-1.0,1.0,7.0,0.0,13.0
AS14.08,2014-03-07,0.10534959149525194,0.0,0.0,0.0,0.0,0.0,0.0,0.0,0.0,0.0,0.0,0.0,0.0,0.0,1.0,1.0,7.0,0.0,3.0
AS14.08,2014-03-08,0.1277336073507608,0.0,0.0,0.0,0.0,0.0,0.0,0.0,0.0,0.0,0.0,0.0,0.0,0.0,0.0,1.0,7.0,0.0,0.0
AS14.08,2014-03-09,0.1252768546796365,0.0,0.0,0.0,0.0,0.0,0.0,0.0,0.0,0.0,0.0,0.0,0.0,0.0,-1.0,1.0,7.0,0.0,0.0
AS14.08,2014-03-10,0.10514642886855605,0.0,0.0,0.0,0.0,0.0,0.0,0.0,0.0,0.0,0.0,0.0,0.0,0.0,-1.0,1.0,7.0,0.0,4.0
AS14.08,2014-03-11,0.06759795492569573,0.0,0.0,0.0,0.0,0.0,0.0,0.0,0.0,0.0,0.0,0.0,0.0,0.0,0.0,0.0,7.0,0.0,3.0
AS14.08,2014-03-12,0.14608698888861382,0.0,0.0,0.0,0.0,0.0,0.0,0.0,0.0,0.0,0.0,0.0,0.0,0.0,1.0,1.0,7.0,0.0,0.0
AS14.08,2014-03-13,0.07307714752567694,169.212,287.188,0.0,0.0,0.0,0.0,208.855,200.95100000000002,0.0,0.0,13.062,0.0,0.0,0.0,1.0,7.0,825.9980003833764,11.0
AS14.08,2014-03-14,0.3735173556602128,592.733,382.769,0.0,0.0,0.0,0.0,42.257999999999996,861.5070000000001,426.62,180.24699999999999,20.109,0.0,0.0,-0.0,1.0,7.0,3377.382000684738,11.0
AS14.08,2014-03-15,0.09569802163712014,68.456,382.204,77.59,0.0,0.0,17.086,71.725,581.688,0.0,0.0,0.0,0.0,0.0,-1.0,1.0,6.0,1200.8120002746596,3.0
AS14.08,2014-03-16,0.08810238329428853,149.23,126.768,0.0,0.0,0.0,0.0,56.275,469.40500000000003,0.0,0.0,11.119,0.0,0.0,-1.0,1.0,7.0,697.0709998607638,0.0
AS14.08,2014-03-17,0.00555555555555555,56.584,576.747,0.0,0.0,0.0,0.0,68.395,630.805,0.0,0.0,0.0,0.0,0.0,0.0,0.0,5.0,1418.689000129699,0.0
AS14.08,2014-03-18,0.028491361781937872,5.92,716.081,142.79000000000002,0.0,0.0,0.0,47.137,403.43699999999995,0.0,0.0,0.0,0.0,0.0,-0.0,1.0,6.0,1318.1699995994566,0.0
AS14.08,2014-03-19,0.0630171632209882,49.837,1010.3439999999999,26.471,0.0,0.0,0.0,64.362,655.237,0.0,0.0,18.195999999999998,0.0,1.0,-0.0,1.0,7.0,1827.459999084472,0.0
AS14.08,2014-03-20,0.05752387767589226,102.914,279.44,0.0,0.0,0.0,0.0,48.01,669.326,0.0,0.0,0.0,0.0,0.0,-0.0,1.0,6.0,1096.5499994754791,1.0
AS14.08,2014-03-21,0.00894230236465267,215.864,1453.756,0.0,0.0,0.0,0.0,52.181,1085.183,0.0,0.0,48.316,0.0,0.0,-0.0,1.0,7.0,2857.9249997138977,4.0
AS14.08,2014-03-22,0.022231454452349513,10.556999999999999,249.624,0.0,0.0,0.0,0.0,43.157,452.757,89.938,0.0,16.075,0.0,0.0,-0.0,1.0,6.0,866.5940003395078,0.0
AS14.08,2014-03-23,0.04218482538831055,86.199,372.317,0.0,0.0,0.0,0.0,66.636,639.527,323.241,0.0,82.45100000000001,0.0,2.0,-0.0,1.0,7.0,1374.581000328064,0.0
AS14.08,2014-03-24,0.04630791276266164,14.427,193.462,0.0,0.0,0.0,0.0,52.022999999999996,1698.7939999999999,0.0,0.0,11.062999999999999,0.0,0.0,-1.0,1.0,7.0,1967.4569997787482,0.0
AS14.08,2014-03-25,0.016897661842514778,73.604,69.065,89.12,0.0,0.0,0.0,46.93600000000001,441.331,0.0,0.0,0.0,0.0,0.0,-1.0,1.0,7.0,726.2829999923706,1.0
AS14.08,2014-03-26,0.08950139311864187,330.846,894.224,112.399,0.0,0.0,161.499,45.977999999999994,413.674,0.0,0.0,11.029,0.0,0.0,-0.0,0.0,6.0,1818.4510009288792,5.0
AS14.08,2014-03-27,0.08701150136063528,127.744,1050.512,0.0,0.0,0.0,0.0,56.987,701.716,0.0,358.674,24.05,0.0,0.0,0.0,0.0,6.0,2483.2820003032693,6.0
AS14.08,2014-03-28,0.016559762046113646,433.072,959.2560000000001,0.0,0.0,0.0,0.0,52.028,705.59,0.0,167.534,0.0,0.0,1.0,-0.0,0.0,6.0,1936.6580002307896,12.0
AS14.08,2014-03-29,0.024944120627437023,46.795,536.168,64.889,0.0,0.0,0.0,61.195,445.501,0.0,0.0,0.0,0.0,0.0,-0.0,1.0,7.0,1191.82900071144,2.0
AS14.08,2014-03-30,0.0784470781932718,9.926,218.291,0.0,0.0,0.0,0.0,43.082,506.55500000000006,0.0,0.0,0.0,0.0,0.0,0.0,1.0,7.0,779.8929989337921,0.0
AS14.08,2014-03-31,0.07893465181771635,3.048,1228.826,20.184,0.0,0.0,0.0,50.666,457.422,0.0,0.0,14.035,0.0,0.0,0.0,1.0,8.0,1670.5409996509547,0.0
AS14.08,2014-04-01,0.062353854585312354,28.205000000000002,1622.79,92.105,0.0,0.0,0.0,59.789,974.317,0.0,0.0,3.005,0.0,0.0,-1.0,1.0,7.0,2074.4190006256113,0.0
AS14.08,2014-04-02,0.008289547359385422,33.864,482.68899999999996,19.154,0.0,0.0,0.0,51.734,208.186,0.0,0.0,20.146,0.0,0.0,-0.0,1.0,7.0,696.810000658035,0.0
AS14.08,2014-04-03,0.07876788563729693,36.467,1872.188,0.0,0.0,0.0,0.0,106.434,758.856,0.0,0.0,50.577000000000005,0.0,0.0,0.0,1.0,7.0,2837.6179988384256,0.0
AS14.08,2014-04-04,0.031123972587273636,167.857,261.551,0.0,0.0,0.0,0.0,34.475,708.905,0.0,0.0,9.065,0.0,2.0,0.0,1.0,8.0,1265.5080008506782,0.0
AS14.08,2014-04-05,0.12841414141414143,8.64,951.8109999999999,76.908,0.0,0.0,0.0,46.662,632.77,0.0,0.0,17.057,0.0,0.0,0.0,1.0,7.0,1735.447999954224,0.0
AS14.08,2014-04-06,0.007280235288804587,69.105,331.962,11.032,0.0,0.0,0.0,34.396,532.817,0.0,0.0,11.055,0.0,0.0,0.0,1.0,8.0,1296.008000373841,0.0
AS14.08,2014-04-07,0.10247313379515043,365.502,731.87,368.396,0.0,0.0,0.0,69.48,1246.92,0.0,7.028,0.0,0.0,1.0,0.0,1.0,7.0,2326.5879986286163,6.0
AS14.08,2014-04-08,0.05814829222796919,67.864,1570.731,93.167,0.0,0.0,0.0,56.653999999999996,1078.93,0.0,0.0,31.197000000000003,0.0,0.0,-0.0,0.0,6.0,2564.4870009422293,0.0
AS14.08,2014-04-09,0.04036626596543953,112.664,1770.142,0.0,0.0,0.0,0.0,86.62,519.749,0.0,0.0,6.016,0.0,0.0,0.0,0.0,6.0,2404.4000003337856,0.0
AS14.08,2014-04-10,0.20657326274273782,90.306,2019.3719999999998,230.726,0.0,0.0,0.0,82.531,875.659,0.0,0.0,47.583,0.0,0.0,1.0,1.0,8.0,3160.9429998397827,0.0
AS14.08,2014-04-11,0.07413554916192037,51.944,452.748,32.147,0.0,0.0,0.0,48.116,990.321,0.0,0.0,3.01,0.0,1.0,1.0,1.0,8.0,1581.9210007190707,0.0
AS14.08,2014-04-12,0.025027439155129106,0.0,136.469,0.0,0.0,0.0,0.0,108.724,517.985,0.0,0.0,0.0,0.0,0.0,0.0,1.0,7.0,767.0680000782011,0.0
AS14.08,2014-04-13,0.0048270957916190715,8.147,658.403,221.56300000000002,0.0,0.0,0.0,119.435,462.30899999999997,0.0,0.0,5.043,0.0,0.0,0.0,1.0,8.0,2078.960000276566,0.0
AS14.08,2014-04-14,0.06490308655585147,89.016,1521.113,81.273,0.0,0.0,45.241,122.035,1121.153,0.0,0.0,31.393,0.0,0.0,0.0,1.0,7.0,3425.544000864031,0.0
AS14.08,2014-04-15,0.03409090909090908,313.846,195.65099999999998,36.189,0.0,0.0,0.0,54.181,711.717,0.0,0.0,0.0,0.0,0.0,-1.0,1.0,6.0,1186.6119992733,0.0
AS14.08,2014-04-16,0.06859735641438541,122.282,853.409,22.458000000000002,0.0,0.0,48.299,45.329,594.934,0.0,0.0,33.39,0.0,0.0,-1.0,1.0,7.0,1723.7549996376033,0.0
AS14.08,2014-04-17,0.09718156742586877,111.43100000000001,1016.883,144.717,0.0,0.0,0.0,188.89899999999997,676.225,136.866,0.0,3.038,0.0,0.0,-1.0,1.0,6.0,2270.27399945259,0.0
AS14.08,2014-04-18,0.049041986144740375,8.937000000000001,177.19799999999998,0.0,0.0,0.0,0.0,67.792,678.915,0.0,0.0,0.0,0.0,0.0,-0.0,1.0,6.0,936.6079995632168,0.0
AS14.08,2014-04-19,0.039002894386140255,324.362,840.206,88.565,0.0,0.0,0.0,46.933,1092.221,0.0,22.302,7.023,0.0,0.0,1.0,1.0,8.0,1175.3119988441463,0.0
AS14.08,2014-04-20,0.004899344795389425,51.115,85.042,173.54200000000003,0.0,0.0,0.0,36.373000000000005,1316.272,0.0,17.156,15.074,0.0,0.0,-1.0,1.0,6.0,1317.5869996547704,0.0
AS14.08,2014-04-21,0.029294959666751913,90.122,600.21,437.264,0.0,0.0,5.032,31.308,905.644,0.0,0.0,6.026,0.0,0.0,-1.0,1.0,6.0,1138.9209995269778,0.0
AS14.08,2014-04-22,0.07739994303879248,109.492,795.312,21.094,0.0,0.0,0.0,46.998000000000005,843.2529999999999,0.0,0.0,0.0,0.0,0.0,-1.0,0.0,6.0,1819.2249996662135,0.0
AS14.08,2014-04-23,0.1249760272490379,153.904,1044.08,0.0,0.0,0.0,0.0,51.104,435.924,0.0,0.0,0.0,0.0,0.0,0.0,0.0,6.0,1554.5250003337856,0.0
AS14.08,2014-04-24,0.12800591195077682,26.486,815.134,82.896,0.0,0.0,0.0,50.423,554.572,0.0,0.0,0.0,0.0,0.0,0.0,1.0,7.0,1965.2279994487767,0.0
AS14.08,2014-04-25,0.028321012544802848,91.982,963.2660000000001,0.0,0.0,0.0,163.344,51.705,811.307,0.0,0.0,0.0,0.0,0.0,0.0,1.0,6.0,2004.5280005931863,0.0
AS14.08,2014-04-26,0.047178819444444485,276.46,156.572,0.0,0.0,0.0,0.0,29.159,237.624,0.0,0.0,0.0,0.0,0.0,-0.0,0.0,6.0,702.6440005302428,0.0
AS14.08,2014-04-27,0.005429837164750958,100.223,704.723,0.0,0.0,0.0,0.0,34.178,699.83,0.0,0.0,0.0,0.0,0.0,-1.0,1.0,6.0,1296.0820000171661,3.0
AS14.08,2014-04-28,0.02225241545893721,127.955,122.74300000000001,109.162,0.0,0.0,0.0,44.643,461.392,0.0,0.0,0.0,0.0,0.0,-1.0,1.0,6.0,864.3820004463191,0.0
AS14.08,2014-04-29,0.030996148459383754,21.515,1156.246,111.408,0.0,0.0,0.0,39.375,694.2059999999999,0.0,0.0,0.0,0.0,0.0,-0.0,0.0,6.0,2025.2749998569486,0.0
AS14.08,2014-04-30,0.03482503992976501,38.781,401.039,202.554,0.0,0.0,0.0,38.314,522.507,0.0,0.0,0.0,0.0,0.0,-0.0,1.0,7.0,1098.4199988842008,0.0
AS14.08,2014-05-01,0.037314098552964456,96.708,904.227,9.205,0.0,0.0,0.0,57.046,442.897,0.0,0.0,3.004,0.0,0.0,0.0,1.0,7.0,1712.9760005474088,0.0
AS14.08,2014-05-02,0.1817380077030812,29.822,157.961,29.418,0.0,0.0,0.0,45.739999999999995,436.49399999999997,0.0,0.0,3.172,0.0,0.0,-0.0,1.0,7.0,703.1720004081725,0.0
AS14.08,2014-05-03,0.22181372986475956,86.962,529.713,0.0,0.0,0.0,0.0,36.626999999999995,437.165,0.0,6.071,44.214,0.0,0.0,0.0,1.0,7.0,883.2579998970028,0.0
AS14.08,2014-05-04,0.04327761276924563,161.428,778.557,0.0,0.0,0.0,0.0,34.334,681.4110000000001,0.0,311.757,0.0,0.0,1.0,-0.0,1.0,7.0,1968.681000471115,0.0
AS14.08,2014-05-05,0.0026041666666666687,0.0,36.584,0.0,0.0,0.0,0.0,22.215,204.482,0.0,0.0,0.0,0.0,0.0,-1.0,1.0,7.0,263.81499981880165,0.0
AS14.09,2014-03-21,0.1277336073507608,29.307,828.727,1447.4560000000001,0.0,0.0,2.113,216.90800000000002,0.0,0.0,0.0,2.0199999999999996,0.0,3.0,0.0,1.0,7.0,3007.8339989185324,1.0
AS14.09,2014-03-22,0.06284722222222221,149.06,2257.039,1694.4479999999999,0.0,0.0,13.309,147.031,122.56800000000001,193.317,0.0,1.003,3.02,0.0,0.0,1.0,7.0,4706.241000652313,0.0
AS14.09,2014-03-23,0.033333333333333305,106.437,3187.773,3111.41,0.0,0.0,0.0,68.399,18.333,193.588,0.0,3.054,0.0,0.0,1.0,0.0,7.0,5046.652999401094,1.0
AS14.09,2014-03-24,0.07916666666666668,60.258,3151.018,1067.675,54.492,0.0,4.090999999999999,83.63300000000001,903.1550000000001,250.549,324.702,20.049,0.0,0.0,0.0,0.0,7.0,5929.98400068283,0.0
AS14.09,2014-03-25,0.02569444444444444,143.374,2417.235,3985.339,106.12,0.0,10.256,72.38,122.999,32.474,0.0,3.016,17.433,1.0,0.0,-0.0,6.0,7212.193001270292,0.0
AS14.09,2014-03-26,0.08631557618626584,271.391,1505.181,2756.983,61.349,0.0,1.004,46.913,318.847,0.0,0.0,75.99900000000001,0.0,3.0,0.0,1.0,8.0,4774.760000228882,2.0
AS14.09,2014-03-27,0.027083333333333345,210.582,790.652,2440.0,0.0,0.0,0.0,96.622,501.61699999999996,1.01,112.478,0.0,14.396,1.0,-0.0,1.0,8.0,4169.421998977661,0.0
AS14.09,2014-03-28,0.07977843915343912,316.858,2641.962,3693.509,56.071,0.0,6.096,245.898,293.719,983.769,17.192,70.97200000000001,0.0,4.0,-0.0,1.0,8.0,8124.665001630779,0.0
AS14.09,2014-03-29,0.08229166666666667,454.912,3478.223,3166.755,0.0,0.0,0.0,63.889,188.847,157.702,0.0,3.242,0.0,5.0,-0.0,1.0,8.0,7516.976999044419,0.0
AS14.09,2014-03-30,0.11195652173913048,76.328,3493.521,3177.558,21.601,0.0,0.0,41.815,491.89300000000003,0.0,0.0,4.061,50.67,2.0,-1.0,1.0,8.0,7043.73299908638,1.0
AS14.09,2014-03-31,0.08333333333333336,133.26,3363.6079999999997,2076.843,97.282,0.0,4.1,49.509,10.145,576.383,0.0,4.042999999999999,0.0,3.0,-0.0,0.0,7.0,6808.904999494553,0.0
AS14.09,2014-04-01,0.07986111111111115,281.283,4381.22,4216.561,123.632,0.0,0.0,64.097,107.098,137.18,108.856,5.071,0.0,5.0,0.0,1.0,8.0,8769.433001041412,0.0
AS14.09,2014-04-02,0.041386554621848724,295.507,698.093,1408.951,0.0,0.0,0.0,78.426,33.83,0.0,0.0,59.262,32.864,2.0,0.0,0.0,6.0,2585.158999919892,0.0
AS14.09,2014-04-03,0.18090277777777775,230.05200000000002,2006.602,1529.487,97.28999999999999,0.0,4.04,90.741,209.625,1038.941,80.247,0.0,0.0,3.0,0.0,1.0,8.0,6119.871999502183,0.0
AS14.09,2014-04-04,0.07604166666666666,276.152,2670.351,2802.714,47.772,175.019,0.0,61.001000000000005,166.319,275.002,0.0,3.0869999999999997,0.0,3.0,-1.0,1.0,7.0,6912.1939997673035,1.0
AS14.09,2014-04-05,0.11562500000000002,53.050999999999995,3022.079,2117.323,0.0,80.992,1.012,76.697,109.2,0.0,0.0,1.007,0.0,0.0,0.0,1.0,8.0,5464.538001060486,0.0
AS14.09,2014-04-06,0.1388888888888889,269.594,2888.572,3578.542,51.71,0.0,4.025,52.749,260.428,0.0,4.098,22.322,24.224,0.0,-0.0,1.0,7.0,7160.648002386096,0.0
AS14.09,2014-04-07,0.07812500000000003,174.613,2635.42,1657.469,76.338,0.0,3.043,63.722,301.159,348.162,0.0,0.0,90.352,0.0,-0.0,0.0,6.0,5353.679001808166,0.0
AS14.09,2014-04-08,0.08645833333333332,219.268,1722.977,1454.991,160.191,0.0,1.032,65.994,34.370999999999995,389.942,0.0,0.0,0.0,0.0,0.0,1.0,7.0,4055.727000236513,1.0
AS14.09,2014-04-09,0.034126984126984145,66.06099999999999,1715.135,2041.378,23.372,0.0,0.0,29.334,28.382,26.014,0.0,0.0,0.0,3.0,0.0,0.0,6.0,4303.1010003089905,0.0
AS14.09,2014-04-10,0.030357142857142857,116.389,826.867,921.554,0.0,0.0,0.0,19.387,196.27100000000002,0.0,77.658,2.019,0.0,1.0,1.0,0.0,6.0,2158.587001562118,0.0
AS14.09,2014-04-11,0.1142857142857143,2.008,765.301,690.963,23.749,0.0,0.0,19.296,0.0,598.908,153.30700000000002,0.0,0.0,0.0,0.0,1.0,7.0,1783.5309991836548,0.0
AS14.09,2014-04-12,0.06944444444444443,0.0,1664.717,1146.349,0.0,0.0,0.0,52.752,0.0,0.0,0.0,59.098000000000006,0.0,2.0,0.0,1.0,7.0,2841.5630002021794,0.0
AS14.09,2014-04-13,0.1722222222222222,12.187,503.457,273.861,0.0,0.0,0.0,15.207999999999998,0.0,411.041,0.0,1.008,0.0,0.0,-1.0,0.0,6.0,1216.8459997177124,1.0
AS14.09,2014-04-14,0.08333333333333319,75.483,186.686,482.67,0.0,0.0,5.029,25.479,0.0,77.72,0.0,0.0,0.0,1.0,-0.0,-0.0,6.0,822.6589999198914,1.0
AS14.09,2014-04-15,0.08854166666666669,120.66499999999999,595.632,1042.715,148.776,0.0,0.0,11.277000000000001,0.0,0.0,0.0,0.0,0.0,1.0,0.0,0.0,6.0,1799.896999597549,1.0
AS14.09,2014-04-16,0.015584415584415586,10.120999999999999,262.839,419.492,0.0,0.0,0.0,29.612,0.0,0.0,0.0,0.0,0.0,0.0,-0.0,-0.0,6.0,588.7820003032683,0.0
AS14.09,2014-04-17,0.11045653907496016,31.595999999999997,1268.037,651.93,36.512,0.0,0.0,32.259,0.0,43.024,151.641,5.107,0.0,1.0,0.0,1.0,7.0,2211.44800043106,1.0
AS14.09,2014-04-18,0.11473829201101932,129.91,516.495,1488.692,80.219,0.0,72.352,12.053,38.117,22.127,0.0,3.0109999999999997,0.0,2.0,-1.0,1.0,7.0,2364.1620001792908,1.0
AS14.09,2014-04-19,0.11314935064935065,13.157,761.494,584.244,0.0,0.0,4.028,20.803,36.476,53.56999999999999,0.0,0.0,0.0,0.0,0.0,1.0,8.0,1896.4769990444192,0.0
AS14.09,2014-04-20,0.041548295454545435,2.012,248.21,208.97,0.0,0.0,0.0,0.0,267.892,61.328,0.0,0.0,0.0,0.0,0.0,0.0,6.0,421.08100032806396,0.0
AS14.09,2014-04-21,0.015309343434343438,66.726,66.779,554.8820000000001,32.886,0.0,0.0,16.339,0.0,0.0,108.031,2.205,0.0,2.0,-1.0,0.0,6.0,848.1339998245237,0.0
AS14.09,2014-04-22,0.06439393939393938,229.547,835.922,1426.935,0.0,0.0,0.0,0.0,26.468,0.0,0.0,0.0,0.0,15.0,-0.0,0.0,7.0,2612.397999525069,0.0
AS14.09,2014-04-23,0.03922032828282828,79.13799999999999,765.12,1200.412,71.327,0.0,0.0,23.765,28.135,0.0,30.26,0.0,0.0,2.0,-0.0,0.0,6.0,1961.829999685287,2.0
AS14.09,2014-04-24,0.04203282828282827,23.392,302.979,422.533,0.0,0.0,0.0,7.085,0.0,4.024,0.0,0.0,5.032,5.0,0.0,1.0,7.0,763.8369996547699,0.0
AS14.09,2014-04-25,0.11581439393939394,4.023,644.268,976.612,47.889,0.0,0.0,25.513,0.0,0.0,71.26,0.0,14.066,0.0,0.0,1.0,7.0,1263.7550008296962,0.0
AS14.09,2014-04-26,0.11026936026936031,74.732,1051.722,404.438,203.255,0.0,0.0,38.775,8.226,0.0,0.0,0.0,25.462,0.0,0.0,1.0,8.0,1797.3450000286102,0.0
AS14.09,2014-04-27,0.14236962143258433,0.0,0.0,0.0,0.0,0.0,0.0,0.0,0.0,0.0,0.0,0.0,0.0,0.0,-1.0,0.0,6.0,0.0,0.0
AS14.09,2014-04-28,0.07307714752567694,0.0,0.0,0.0,0.0,0.0,0.0,0.0,0.0,0.0,0.0,0.0,0.0,0.0,0.0,1.0,7.0,0.0,0.0
AS14.09,2014-04-29,0.14576768995211373,0.0,0.0,0.0,0.0,0.0,0.0,0.0,0.0,0.0,0.0,0.0,0.0,0.0,-0.0,0.0,7.0,0.0,0.0
AS14.09,2014-04-30,0.11686550095764708,0.0,0.0,0.0,0.0,0.0,0.0,0.0,0.0,0.0,0.0,0.0,0.0,0.0,-0.0,1.0,7.0,0.0,0.0
AS14.09,2014-05-01,0.05427813780879583,0.0,0.0,0.0,0.0,0.0,0.0,0.0,0.0,0.0,0.0,0.0,0.0,0.0,-0.0,1.0,8.0,0.0,0.0
AS14.09,2014-05-02,0.16116579932642358,0.0,0.0,0.0,0.0,0.0,0.0,0.0,0.0,0.0,0.0,0.0,0.0,0.0,0.0,1.0,8.0,0.0,0.0
AS14.09,2014-05-03,0.1185739126479256,0.0,0.0,0.0,0.0,0.0,0.0,0.0,0.0,0.0,0.0,0.0,0.0,0.0,0.0,1.0,8.0,0.0,0.0
AS14.09,2014-05-04,0.11031263954857312,0.0,0.0,0.0,0.0,0.0,0.0,0.0,0.0,0.0,0.0,0.0,0.0,0.0,0.0,0.0,7.0,0.0,0.0
AS14.09,2014-05-05,0.03566616646102023,0.0,0.0,0.0,0.0,0.0,0.0,0.0,0.0,0.0,0.0,0.0,0.0,0.0,-1.0,0.0,6.0,0.0,0.0
AS14.12,2014-03-15,0.069052683851541,0.0,0.0,0.0,0.0,0.0,0.0,0.0,0.0,0.0,0.0,0.0,0.0,4.0,0.0,-0.0,6.0,0.0,3.0
AS14.12,2014-03-16,0.12000274765440407,0.0,0.0,0.0,0.0,0.0,0.0,0.0,0.0,0.0,0.0,0.0,0.0,2.0,-0.0,1.0,7.0,0.0,0.0
AS14.12,2014-03-17,0.12000274765440407,0.0,0.0,0.0,0.0,0.0,0.0,0.0,0.0,0.0,0.0,0.0,0.0,0.0,-0.0,1.0,7.0,0.0,0.0
AS14.12,2014-03-18,0.12000274765440407,0.0,0.0,0.0,0.0,0.0,0.0,0.0,0.0,0.0,0.0,0.0,0.0,1.0,-0.0,1.0,7.0,0.0,0.0
AS14.12,2014-03-19,0.12000274765440407,0.0,0.0,0.0,0.0,0.0,0.0,0.0,0.0,0.0,0.0,0.0,0.0,1.0,-0.0,1.0,7.0,0.0,0.0
AS14.12,2014-03-20,0.12000274765440407,0.0,0.0,0.0,0.0,0.0,0.0,0.0,0.0,0.0,0.0,0.0,0.0,1.0,-0.0,1.0,7.0,0.0,0.0
AS14.12,2014-03-21,0.12000274765440407,0.0,0.0,0.0,0.0,0.0,0.0,0.0,0.0,0.0,0.0,0.0,0.0,2.0,-0.0,1.0,7.0,0.0,0.0
AS14.12,2014-03-22,0.12000274765440407,0.0,0.0,0.0,0.0,0.0,0.0,0.0,0.0,0.0,0.0,0.0,0.0,0.0,-0.0,1.0,7.0,0.0,0.0
AS14.12,2014-03-23,0.12000274765440407,0.0,0.0,0.0,0.0,0.0,0.0,0.0,0.0,0.0,0.0,0.0,0.0,0.0,-0.0,1.0,7.0,0.0,0.0
AS14.12,2014-03-24,0.12000274765440407,0.0,0.0,0.0,0.0,0.0,0.0,0.0,0.0,0.0,0.0,0.0,0.0,0.0,-0.0,1.0,7.0,0.0,0.0
AS14.12,2014-03-25,0.12000274765440407,0.0,0.0,0.0,0.0,0.0,0.0,0.0,0.0,0.0,0.0,0.0,0.0,2.0,-0.0,1.0,7.0,0.0,1.0
AS14.12,2014-03-26,0.12000274765440407,0.0,0.0,0.0,0.0,0.0,0.0,0.0,0.0,0.0,0.0,0.0,0.0,0.0,-0.0,1.0,7.0,0.0,0.0
AS14.12,2014-03-27,0.1482905365606453,460.069,930.649,207.387,0.0,0.0,0.0,71.905,3492.984,0.0,0.0,5.052,0.0,2.0,-0.0,1.0,7.0,4414.223000288009,0.0
AS14.12,2014-03-28,0.1121886973180077,1720.805,1619.364,917.499,0.0,0.0,0.0,77.908,3569.373,0.0,0.0,14.169,0.0,9.0,0.0,1.0,7.0,8194.683000087738,0.0
AS14.12,2014-03-29,0.12607506942792832,1232.191,1318.068,1001.059,0.0,0.0,0.0,51.707,1167.0040000000001,101.11800000000001,60.299,8.12,0.0,5.0,1.0,1.0,7.0,4059.8339993953696,0.0
AS14.12,2014-03-30,0.050002669288337596,803.246,790.708,473.693,0.0,0.0,0.0,53.669,914.519,0.0,0.0,14.141,0.0,1.0,0.0,0.0,6.0,3085.156000614166,0.0
AS14.12,2014-03-31,0.07254649006645171,685.754,633.707,411.651,11.04,11.03,17.189,47.557,939.671,772.399,0.0,0.0,0.0,1.0,0.0,0.0,6.0,3845.6270000934614,0.0
AS14.12,2014-04-01,0.1407921548420124,1332.642,2508.727,751.292,55.378,3.766,0.0,44.646,2597.189,68.079,0.0,0.0,0.0,2.0,0.0,1.0,6.0,7851.018999338151,0.0
AS14.12,2014-04-02,0.14706022748475056,841.328,1476.016,759.095,128.498,0.0,397.502,77.779,2587.372,25.71,0.0,0.0,0.0,3.0,-0.0,0.0,6.0,5581.136000156402,0.0
AS14.12,2014-04-03,0.15734126984126984,1554.0629999999999,2135.369,1194.806,133.62,0.0,253.305,40.629999999999995,4213.197,373.786,0.0,0.0,0.0,3.0,0.0,0.0,5.0,9044.633001804352,0.0
AS14.12,2014-04-04,0.13877989048726838,1238.552,1244.954,359.466,0.0,0.0,525.1370000000001,45.5,2331.898,1689.117,0.0,0.0,0.0,8.0,1.0,1.0,6.0,7406.303998708725,3.0
AS14.12,2014-04-05,0.15029831343020303,811.133,212.44,781.623,39.611000000000004,4.009,0.0,66.791,2087.258,214.084,0.0,0.0,0.0,3.0,0.0,0.0,6.0,4866.7180008888245,1.0
AS14.12,2014-04-06,0.08721111947339887,565.863,165.981,636.325,0.0,0.0,0.0,39.345,1061.839,346.34400000000005,0.0,0.0,0.0,0.0,0.0,1.0,6.0,2818.0290002822862,0.0
AS14.12,2014-04-07,0.12565511935667534,928.748,654.444,777.991,49.379,108.33800000000001,5.036,59.736,2723.026,248.585,0.0,42.897999999999996,0.0,0.0,0.0,1.0,6.0,5998.4570002555865,0.0
AS14.12,2014-04-08,0.11765497159315706,1380.489,1390.59,1452.768,196.12099999999998,0.0,98.882,44.583,3365.645,117.344,0.0,0.0,0.0,2.0,0.0,0.0,6.0,7995.541000366211,0.0
AS14.12,2014-04-09,0.16551672904404247,1725.725,1768.844,1689.0400000000002,38.118,179.81300000000002,179.947,41.01,3970.779,65.869,0.0,17.396,0.0,0.0,0.0,-0.0,5.0,8768.06499838829,0.0
AS14.12,2014-04-10,0.13382078343157316,1537.95,547.5509999999999,438.221,0.0,5.149,0.0,56.132,4086.512,0.0,0.0,0.0,0.0,0.0,0.0,1.0,6.0,6835.743999719617,0.0
AS14.12,2014-04-11,0.07151068346684088,669.1850000000001,169.195,381.991,0.0,0.0,0.0,45.553,2574.388,232.482,0.0,0.0,0.0,2.0,-0.0,1.0,7.0,4887.64699816704,0.0
AS14.12,2014-04-12,0.08403201429421403,1542.7450000000001,1425.006,673.54,0.0,0.0,11.059,72.906,2253.308,597.033,0.0,12.068,0.0,0.0,0.0,1.0,7.0,7295.19900035858,0.0
AS14.12,2014-04-13,0.09538332496422719,1239.1779999999999,1103.2359999999999,1137.717,0.0,0.0,45.218,70.062,3174.831,156.096,0.0,5.019,0.0,3.0,1.0,0.0,6.0,7518.676002264026,0.0
AS14.12,2014-04-14,0.08742418577600534,1316.512,1086.819,857.325,22.081,0.0,0.0,74.521,3227.4790000000003,0.0,0.0,10.109,0.0,1.0,-0.0,1.0,7.0,6308.360999345779,0.0
AS14.12,2014-04-15,0.12005049713493486,1639.068,2162.354,277.298,40.322,0.0,173.566,53.344,3179.647,0.0,0.0,5.128,0.0,6.0,0.0,1.0,7.0,7182.481999397279,0.0
AS14.12,2014-04-16,0.19809923260395704,1693.196,2180.453,312.51800000000003,0.0,0.0,0.0,62.984,1828.739,129.132,0.0,0.0,0.0,3.0,0.0,1.0,7.0,7027.639002323151,2.0
AS14.12,2014-04-17,0.13106163600075882,1108.509,1761.808,434.02,49.768,0.0,125.091,49.81,3914.188,262.063,0.0,5.022,0.0,2.0,-1.0,1.0,7.0,7747.488999605179,0.0
AS14.12,2014-04-18,0.07997912314877687,795.914,315.754,768.622,9.264,0.0,0.0,54.298,3149.413,476.158,0.0,4.026,0.0,0.0,-1.0,1.0,7.0,5904.472999334335,0.0
AS14.12,2014-04-19,0.16716522568030542,1759.135,1020.977,862.015,0.0,0.0,0.0,59.983,2462.619,93.026,0.0,0.0,0.0,4.0,0.0,0.0,6.0,7279.017001152038,2.0
AS14.12,2014-04-20,0.22026726549487374,2174.678,744.578,1323.4270000000001,0.0,550.414,82.47,51.321,4599.367,430.585,0.0,6.776999999999999,0.0,0.0,0.0,1.0,6.0,9650.745999813082,0.0
AS14.12,2014-04-21,0.0702309086923999,1002.081,1039.461,110.981,0.0,61.195,0.0,45.51,1880.291,83.25099999999999,0.0,3.038,0.0,1.0,-0.0,1.0,6.0,4221.763999462127,0.0
AS14.12,2014-04-22,0.16462706487320147,1831.014,3176.774,3120.612,35.153000000000006,0.0,0.0,58.138999999999996,4544.069,1367.324,0.0,4.156,0.0,2.0,0.0,1.0,6.0,13429.368000268934,0.0
AS14.12,2014-04-23,0.11449388733473977,1264.494,546.161,626.889,0.0,0.0,44.187,39.926,3131.532,256.502,0.0,0.0,0.0,6.0,0.0,1.0,6.0,5621.264999151228,0.0
AS14.12,2014-04-24,0.08522280013775359,851.214,289.282,745.889,109.329,0.0,164.138,41.343999999999994,3729.074,659.855,0.0,0.0,0.0,1.0,-1.0,1.0,7.0,6934.0839982032785,0.0
AS14.12,2014-04-25,0.13467870198927026,1531.089,511.947,97.38900000000001,78.27000000000001,0.0,0.0,46.248,1831.126,782.174,0.0,36.423,44.409,3.0,0.0,0.0,6.0,4742.240000963211,1.0
AS14.12,2014-04-26,0.3325771057511279,978.611,293.235,337.142,0.0,0.0,0.0,42.465,1013.5759999999999,361.299,0.0,0.0,22.066,6.0,0.0,1.0,7.0,3425.454999208448,0.0
AS14.12,2014-04-27,0.19347949106485993,758.508,295.29,624.505,0.0,0.0,15.093,67.653,1675.012,735.848,0.0,0.0,0.0,1.0,0.0,1.0,6.0,4117.192999362945,0.0
AS14.12,2014-04-28,0.0853976874322089,728.172,740.361,378.06100000000004,63.189,0.0,0.0,44.439,1723.733,128.399,0.0,0.0,0.0,2.0,-1.0,1.0,7.0,3978.8610002994546,8.0
AS14.12,2014-04-29,0.07919763729171322,973.692,863.179,359.93899999999996,0.0,0.0,171.43,48.704,2923.876,0.0,0.0,0.0,0.0,4.0,-0.0,1.0,6.0,4183.925000190735,0.0
AS14.12,2014-04-30,0.12199319253000575,1047.761,1570.289,1044.383,0.0,0.0,36.22,36.543,2048.4139999999998,476.321,0.0,4.11,0.0,2.0,-0.0,1.0,6.0,6141.15299963951,0.0
AS14.12,2014-05-01,0.09557003863382328,1452.022,1189.0629999999999,956.837,434.079,181.611,71.407,60.44,3774.002,284.954,0.0,5.048,0.0,0.0,-0.0,0.0,6.0,7590.11300039291,2.0
AS14.12,2014-05-02,0.1309995432502886,1712.255,2021.427,1623.049,249.135,0.0,37.361999999999995,45.013,4037.069,245.935,0.0,4.063,0.0,1.0,0.0,0.0,6.0,9231.940999269485,0.0
AS14.12,2014-05-03,0.08514009749880902,1655.477,961.563,474.135,52.151,0.0,70.349,47.693,2205.75,1.026,0.0,22.674,0.0,1.0,-0.0,0.0,6.0,5445.758001565932,1.0
AS14.12,2014-05-04,0.11459872269952807,1021.88,356.15700000000004,1252.722,0.0,0.0,0.0,44.191,2970.587,0.0,0.0,0.0,0.0,0.0,-1.0,-0.0,5.0,4831.7130014896375,0.0
AS14.12,2014-05-05,0.032041855203619865,425.224,567.959,135.69299999999998,0.0,0.0,0.0,24.093999999999998,517.5790000000001,0.0,0.0,0.0,0.0,2.0,0.0,0.0,6.0,2279.7600002288823,0.0
AS14.13,2014-03-13,0.16296476314418892,64.527,513.395,73.508,0.0,0.0,0.0,467.236,174.092,0.0,0.0,0.0,0.0,1.0,-2.0,1.0,7.0,1252.236999988556,0.0
AS14.13,2014-03-14,0.0871065604162596,1627.772,2545.69,100.104,0.0,0.0,0.0,791.0840000000001,938.3530000000001,1029.315,0.0,0.0,0.0,0.0,0.0,1.0,8.0,7290.894001722336,3.0
AS14.13,2014-03-15,0.07207938024212372,474.04499999999996,1816.833,671.0500000000001,0.0,0.0,0.0,1157.275,565.078,0.0,0.0,0.0,0.0,0.0,0.0,0.0,7.0,4634.097998619081,3.0
AS14.13,2014-03-16,0.08181119505964868,128.676,649.433,37.964,0.0,0.0,0.0,2082.5190000000002,571.198,0.0,141.464,0.0,0.0,0.0,-1.0,0.0,6.0,4920.373999118802,0.0
AS14.13,2014-03-17,0.12360823000978723,1026.617,1014.5,0.0,0.0,0.0,0.0,701.4730000000001,426.51000000000005,236.14800000000002,0.0,12.518,0.0,0.0,0.0,1.0,7.0,3146.8159987926483,0.0
AS14.13,2014-03-18,0.015625,555.877,1019.7019999999999,133.628,0.0,0.0,0.0,981.155,416.062,0.0,0.0,0.0,0.0,0.0,-0.0,1.0,7.0,2748.137998580933,0.0
AS14.13,2014-03-19,0.2862115782416002,332.48900000000003,4462.719,116.082,0.0,0.0,0.0,865.199,294.512,0.0,0.0,0.0,0.0,0.0,-0.0,1.0,8.0,8949.715998888016,0.0
AS14.13,2014-03-20,0.2875173962358836,461.759,5903.783,670.7539999999999,0.0,0.0,0.0,94.66199999999999,497.184,0.0,0.0,0.0,0.0,0.0,1.0,0.0,6.0,7575.208998918535,0.0
AS14.13,2014-03-21,0.08464871219157337,142.981,7470.978,1224.32,0.0,0.0,0.0,109.863,162.789,47.006,0.0,0.0,0.0,0.0,1.0,1.0,6.0,11947.855998039247,2.0
AS14.13,2014-03-22,0.09397349961866085,731.655,8080.007,1631.3229999999999,0.0,0.0,0.0,355.851,654.827,0.0,0.0,0.0,0.0,0.0,1.0,2.0,8.0,12328.156999826428,0.0
AS14.13,2014-03-23,0.11916263386851622,228.207,4917.885,631.9680000000001,0.0,0.0,0.0,316.934,249.13299999999998,0.0,19.359,0.0,0.0,0.0,2.0,1.0,7.0,6527.276000261304,2.0
AS14.13,2014-03-24,0.3074129857071034,340.8,3140.384,944.294,0.0,0.0,0.0,97.92,186.043,0.0,0.0,0.0,0.0,2.0,1.0,2.0,9.0,4687.8310005664825,0.0
AS14.13,2014-03-25,0.09856848536516054,118.19600000000001,4320.91,208.49699999999999,0.0,0.0,0.0,179.694,381.363,141.408,0.0,25.496,0.0,0.0,1.0,2.0,8.0,5026.9479994773865,0.0
AS14.13,2014-03-26,0.303655124259914,429.988,5583.911,807.299,0.0,0.0,0.0,265.61899999999997,244.409,0.0,0.0,0.0,0.0,1.0,-1.0,1.0,8.0,7702.552999734877,1.0
AS14.13,2014-03-27,0.10809412957208692,17.725,5025.594,733.764,0.0,0.0,0.0,69.081,352.816,289.617,0.0,0.0,0.0,0.0,-1.0,1.0,7.0,6176.715998888016,1.0
AS14.13,2014-03-28,0.3355837397178655,1533.7069999999999,4176.001,1870.323,0.0,0.0,33.368,180.59199999999998,2989.314,263.015,0.0,0.0,0.0,0.0,-1.0,1.0,8.0,8563.852999687193,0.0
AS14.13,2014-03-29,0.37008537798408486,200.035,3624.668,713.427,0.0,0.0,0.0,117.57400000000001,648.735,0.0,0.0,43.997,0.0,0.0,-2.0,1.0,7.0,5617.40200138092,0.0
AS14.13,2014-03-30,0.1106315203947191,27.302,5700.974,431.246,0.0,0.0,0.0,105.597,94.191,0.0,0.0,0.0,0.0,0.0,-1.0,1.0,6.0,9518.417999505995,0.0
AS14.13,2014-03-31,0.2922268907563025,542.16,2710.711,1138.739,0.0,0.0,0.0,74.55,725.903,0.0,0.0,0.0,0.0,1.0,-1.0,1.0,7.0,5452.064997434615,0.0
AS14.13,2014-04-01,0.43874834656084655,1361.916,2887.36,706.467,0.0,0.0,0.0,136.147,380.531,0.0,13.518999999999998,0.0,0.0,3.0,-2.0,1.0,8.0,5513.118000507357,3.0
AS14.13,2014-04-02,0.37120794503799426,390.476,7701.664,579.51,0.0,0.0,0.0,100.02000000000001,830.586,0.0,0.0,0.0,0.0,0.0,-1.0,1.0,7.0,9194.481997013092,0.0
AS14.13,2014-04-03,0.30396614520281895,885.156,8631.812,368.455,0.0,0.0,0.0,132.127,35.561,0.0,0.0,0.0,0.0,3.0,-1.0,1.0,8.0,10363.682999372482,7.0
AS14.13,2014-04-04,0.19674225941227172,917.576,4590.674,680.9830000000001,0.0,0.0,0.0,201.209,398.068,0.0,0.0,0.0,0.0,0.0,-1.0,1.0,8.0,6900.538003683089,3.0
AS14.13,2014-04-05,0.15646127217935726,91.818,7453.063,549.4929999999999,0.0,0.0,0.0,237.982,82.548,0.0,0.0,0.0,0.0,0.0,0.0,1.0,7.0,11290.908999681473,0.0
AS14.13,2014-04-06,0.32032102320237915,626.346,3716.089,346.799,0.0,0.0,0.0,114.974,524.97,283.402,211.247,0.0,0.0,0.0,0.0,1.0,6.0,6231.048998594282,0.0
AS14.13,2014-04-07,0.30800465676571875,254.955,5696.909,206.15200000000002,0.0,0.0,0.0,167.79899999999998,916.301,0.0,0.0,0.0,0.0,1.0,-0.0,1.0,7.0,7327.0319991111755,1.0
AS14.13,2014-04-08,0.12433551478229142,388.796,7983.3679999999995,985.211,0.0,0.0,0.0,129.537,157.609,0.0,0.0,24.576,0.0,2.0,1.0,1.0,8.0,10382.19500184059,0.0
AS14.13,2014-04-09,0.19026514823987342,870.24,9273.536,238.654,0.0,0.0,0.0,464.54400000000004,209.894,0.0,0.0,39.934,0.0,4.0,-0.0,1.0,8.0,14228.94599676132,0.0
AS14.13,2014-04-10,0.3092114046758542,284.679,6031.5869999999995,0.0,0.0,0.0,15.069,211.422,102.73,0.0,0.0,0.0,0.0,1.0,1.0,1.0,8.0,7371.662999153137,0.0
AS14.13,2014-04-11,0.46870776282540977,864.074,2143.408,0.0,0.0,0.0,0.0,230.84799999999998,375.111,0.0,0.0,0.0,0.0,1.0,1.0,1.0,7.0,3540.3719990253453,0.0
AS14.13,2014-04-12,0.09549919484702095,393.128,5152.232,124.435,0.0,0.0,232.757,91.126,342.215,0.0,0.0,0.0,0.0,4.0,1.0,1.0,7.0,6580.771000623701,6.0
AS14.13,2014-04-13,0.1513406794183811,146.25900000000001,7168.719,0.0,0.0,0.0,0.0,256.995,156.511,0.0,0.0,0.0,0.0,0.0,0.0,1.0,7.0,8206.342999458317,2.0
AS14.13,2014-04-14,0.26101854320329393,376.281,4124.119,0.0,0.0,0.0,0.0,200.26999999999998,212.999,0.0,56.775999999999996,0.0,0.0,0.0,-1.0,1.0,7.0,4939.714999437333,0.0
AS14.13,2014-04-15,0.36993455507009726,1708.83,4683.255,0.0,0.0,0.0,0.0,586.765,178.809,0.0,0.0,0.0,0.0,2.0,-1.0,0.0,6.0,7557.072001218796,1.0
AS14.13,2014-04-16,0.3382828282828283,568.467,4999.778,0.0,0.0,0.0,91.27499999999999,331.788,278.166,0.0,0.0,0.0,0.0,2.0,-0.0,1.0,6.0,6136.245998382569,0.0
AS14.13,2014-04-17,0.04141105260380633,80.249,6441.3279999999995,73.766,0.0,0.0,66.806,530.881,320.403,0.0,0.0,0.0,0.0,2.0,-1.0,1.0,6.0,10352.132000923155,1.0
AS14.13,2014-04-18,0.1181818181818182,50.071,692.069,0.0,0.0,0.0,0.0,41.769,66.562,0.0,0.0,0.0,0.0,0.0,-1.0,-1.0,4.0,1017.168000459671,0.0
AS14.13,2014-04-19,0.24085059179676505,667.328,6006.353,380.846,0.0,0.0,119.25999999999999,536.627,192.804,15.463,0.0,0.0,0.0,1.0,-1.0,1.0,7.0,9011.025000810621,0.0
AS14.13,2014-04-20,0.26218487394957973,17.698999999999998,2651.559,11.45,0.0,0.0,15.035,107.59700000000001,175.827,0.0,0.0,0.0,0.0,0.0,-2.0,1.0,7.0,2914.721000909805,0.0
AS14.13,2014-04-21,0.15710176822377517,261.646,4586.461,0.0,0.0,0.0,0.0,364.07800000000003,139.592,43.746,0.0,0.0,0.0,0.0,-1.0,1.0,7.0,6898.403000354765,0.0
AS14.13,2014-04-22,0.27103526538463674,734.862,2451.609,0.0,0.0,0.0,0.0,272.85,495.325,0.0,0.0,0.0,0.0,0.0,-1.0,1.0,6.0,4817.2420008182535,1.0
AS14.13,2014-04-23,0.43857334881770976,521.996,2697.343,0.0,0.0,0.0,0.0,97.396,612.538,70.989,0.0,0.0,0.0,3.0,-1.0,1.0,7.0,3922.3480002880096,2.0
AS14.13,2014-04-24,0.4378101065601064,579.396,2797.0099999999998,0.0,0.0,0.0,0.0,303.98799999999994,492.026,0.0,0.0,0.0,0.0,2.0,1.0,1.0,8.0,4140.434001445768,0.0
AS14.13,2014-04-25,0.44056884395745244,908.493,2633.305,0.0,0.0,0.0,0.0,205.89600000000002,1675.867,0.0,298.577,0.0,0.0,0.0,-0.0,1.0,8.0,4597.041999340057,0.0
AS14.13,2014-04-26,0.169494766505636,134.419,5631.517,0.0,0.0,0.0,0.0,291.581,416.906,226.175,0.0,0.0,0.0,0.0,-2.0,2.0,9.0,7378.745999574659,0.0
AS14.13,2014-04-27,0.2649346728151076,260.209,9587.359,0.0,0.0,0.0,16.433,157.736,820.3340000000001,275.659,0.0,69.928,0.0,0.0,-0.0,2.0,8.0,11025.349999427799,0.0
AS14.13,2014-04-28,0.29876844002231007,485.041,6129.31,0.0,0.0,0.0,16.323,472.553,545.3199999999999,165.715,0.0,0.0,0.0,0.0,-2.0,1.0,8.0,7873.467999935148,0.0
AS14.13,2014-04-29,0.325002877061394,401.316,5546.887,0.0,0.0,0.0,15.158,197.333,184.884,496.216,0.0,0.0,0.0,0.0,-1.0,1.0,8.0,6543.895000457761,0.0
AS14.13,2014-04-30,0.29367141217445164,95.101,6281.675,0.0,0.0,0.0,118.425,327.387,671.9490000000001,242.522,0.0,0.0,0.0,0.0,-1.0,1.0,8.0,7364.614001035689,0.0
AS14.13,2014-05-01,0.1467776308054086,159.039,5083.515,0.0,0.0,0.0,98.043,58.248999999999995,419.401,268.906,142.69,0.0,0.0,0.0,-1.0,2.0,8.0,5514.85699939728,0.0
AS14.13,2014-05-02,0.22384322876155907,554.5500000000001,4645.058,0.0,0.0,0.0,67.646,122.569,503.145,243.95600000000002,0.0,0.0,0.0,0.0,-1.0,1.0,8.0,6190.479999303817,0.0
AS14.13,2014-05-03,0.15725281363304291,35.452,1.095,0.0,0.0,0.0,0.0,0.0,68.404,0.0,0.0,0.0,0.0,0.0,-1.0,1.0,7.0,69.4070000648498,0.0
AS14.13,2014-05-04,0.19268882440456564,0.0,0.0,0.0,0.0,0.0,0.0,0.0,0.0,0.0,0.0,0.0,0.0,0.0,-1.0,1.0,8.0,0.0,0.0
AS14.14,2014-03-20,0.10906327219328257,0.0,0.0,0.0,0.0,0.0,0.0,0.0,0.0,0.0,0.0,0.0,0.0,1.0,0.0,1.0,7.0,0.0,0.0
AS14.14,2014-03-21,0.1733855664203312,1964.878,2927.506,214.90900000000002,98.031,0.0,0.0,2522.887,1411.919,63.638,0.0,0.0,0.0,9.0,-1.0,0.0,6.0,9355.461999177933,0.0
AS14.14,2014-03-22,0.09600046671698097,3084.306,4851.759,604.668,281.008,0.0,0.0,825.379,1862.0810000000001,0.0,0.0,12.133,0.0,0.0,-1.0,0.0,6.0,12238.167000055311,0.0
AS14.14,2014-03-23,0.0664366525273635,2894.241,2808.961,315.577,159.62400000000002,0.0,0.0,304.809,1348.606,0.0,0.0,0.0,0.0,0.0,-1.0,0.0,6.0,8890.100001811983,0.0
AS14.14,2014-03-24,0.08183477959828252,2719.87,6946.742,465.086,628.369,0.0,0.0,439.07399999999996,950.617,210.029,0.0,0.0,0.0,0.0,-1.0,0.0,6.0,12546.419000387192,0.0
AS14.14,2014-03-25,0.0869440958385846,1938.583,5138.205,0.0,377.51599999999996,0.0,0.0,1517.705,1172.694,1469.523,0.0,0.0,0.0,1.0,-0.0,0.0,6.0,13154.23199915886,1.0
AS14.14,2014-03-26,0.13618336177266901,2841.425,4654.136,517.605,6.048,0.0,0.0,1899.1490000000001,1055.613,104.18900000000001,0.0,0.0,0.0,1.0,-0.0,1.0,7.0,10784.664999961853,1.0
AS14.14,2014-03-27,0.08024686578120244,1914.585,7397.561,245.311,155.584,0.0,0.0,98.693,1623.8839999999998,1.008,0.0,0.0,0.0,1.0,-1.0,1.0,7.0,11589.863002300262,0.0
AS14.14,2014-03-28,0.0696839987353426,3144.692,5685.741,161.928,223.365,0.0,0.0,309.146,537.527,0.0,13.838000000000001,0.0,0.0,1.0,-0.0,1.0,6.0,11750.760998725893,0.0
AS14.14,2014-03-29,0.16564287093948113,2117.323,1853.3690000000001,11.45,155.061,0.0,0.0,33.428,821.4409999999999,0.0,0.0,0.0,0.0,1.0,-0.0,1.0,8.0,4674.609998226168,1.0
AS14.14,2014-03-30,0.009551822310687779,905.585,520.243,0.0,0.0,0.0,0.0,24.286,0.0,0.0,0.0,0.0,0.0,1.0,-1.0,1.0,6.0,1710.360000610352,0.0
AS14.14,2014-03-31,0.0465551757426134,1554.588,1041.851,0.0,0.0,0.0,0.0,39.337,0.0,0.0,0.0,0.0,0.0,4.0,-0.0,1.0,7.0,3093.0129997730246,2.0
AS14.14,2014-04-01,0.0520055667194414,262.253,95.12,0.0,0.0,0.0,0.0,40.202,32.446,0.0,0.0,0.0,0.0,0.0,0.0,0.0,6.0,430.88399982452404,0.0
AS14.14,2014-04-02,0.06348750312481978,502.238,160.763,0.0,0.0,0.0,0.0,14.067,71.732,0.0,0.0,0.0,0.0,0.0,-1.0,1.0,7.0,779.8729991912842,0.0
AS14.14,2014-04-03,0.06938709391802698,772.436,373.998,0.0,8.059,0.0,0.0,67.906,46.582,0.0,0.0,0.0,0.0,0.0,-0.0,1.0,7.0,1367.3189992904668,0.0
AS14.14,2014-04-04,0.0038194444444444413,239.324,36.288,0.0,0.0,0.0,0.0,31.473000000000003,0.0,0.0,0.0,0.0,0.0,0.0,-1.0,1.0,8.0,307.5409996509551,0.0
AS14.14,2014-04-05,0.016678436911487748,528.485,755.504,0.0,0.0,0.0,3.011,66.697,79.28,0.0,0.0,0.0,0.0,0.0,-2.0,1.0,7.0,1485.8990004062653,0.0
AS14.14,2014-04-06,0.029015236037917946,458.982,714.813,0.0,0.0,0.0,0.0,44.724,109.675,0.0,0.0,0.0,0.0,1.0,-1.0,1.0,7.0,1263.3870003223412,0.0
AS14.14,2014-04-07,0.008827357154755954,223.752,106.627,0.0,0.0,0.0,0.0,84.59700000000001,133.944,0.0,0.0,0.0,0.0,0.0,-0.0,1.0,7.0,550.3640000820161,1.0
AS14.14,2014-04-08,0.03959208683473389,306.941,67.482,0.0,0.0,0.0,0.0,47.408,0.0,0.0,0.0,0.0,0.0,1.0,-0.0,1.0,7.0,452.85699939727783,0.0
AS14.14,2014-04-09,0.11708683473389359,541.78,166.576,0.0,0.0,0.0,0.0,30.412,13.054,0.0,0.0,0.0,0.0,0.0,0.0,1.0,8.0,1098.342000484467,0.0
AS14.14,2014-04-10,0.052010804321728686,469.904,18.882,0.0,0.0,0.0,0.0,23.165,29.299,0.0,0.0,0.0,0.0,0.0,-0.0,1.0,7.0,846.4809994697566,0.0
AS14.14,2014-04-11,0.02613795518207282,399.488,19.197,0.0,0.0,0.0,0.0,61.623,66.422,0.0,0.0,0.0,0.0,2.0,1.0,1.0,8.0,552.9420001506808,0.0
AS14.14,2014-04-12,0.06368182159869594,93.682,0.0,0.0,0.0,0.0,0.0,22.239,0.0,0.0,0.0,0.0,0.0,0.0,0.0,1.0,8.0,115.9870002269745,0.0
AS14.14,2014-04-13,0.0,29.695,0.0,0.0,0.0,0.0,0.0,0.0,0.0,0.0,0.0,0.0,0.0,0.0,1.0,1.0,7.0,29.7229998111725,0.0
AS14.14,2014-04-14,0.006666666666666667,168.59,40.208,0.0,0.0,0.0,0.0,97.69800000000001,0.0,0.0,0.0,0.0,0.0,0.0,0.0,1.0,8.0,327.7780001163484,0.0
AS14.14,2014-04-15,0.0018079959256429832,225.67600000000002,52.448,0.0,0.0,0.0,0.0,28.393,15.486,0.0,0.0,0.0,0.0,0.0,-1.0,0.0,6.0,321.80199980735784,0.0
AS14.14,2014-04-16,0.05852007469654529,664.611,13.135,0.0,0.0,0.0,0.0,55.263999999999996,0.0,0.0,0.0,0.0,0.0,0.0,0.0,0.0,6.0,742.986000061035,0.0
AS14.14,2014-04-17,0.05316001400560228,514.679,50.411,0.0,0.0,0.0,77.54299999999999,85.616,18.177,0.0,0.0,0.0,0.0,0.0,0.0,0.0,6.0,801.4089996814732,1.0
AS14.14,2014-04-18,0.020833333333333308,102.985,39.213,0.0,0.0,0.0,0.0,28.419999999999998,0.0,0.0,0.0,0.0,0.0,0.0,-1.0,0.0,6.0,106.7050001621246,0.0
AS14.14,2014-04-19,0.0017390289449112958,131.963,78.107,0.0,0.0,0.0,0.0,48.378,0.0,0.0,0.0,0.0,0.0,0.0,0.0,1.0,7.0,258.98600029945374,1.0
AS14.14,2014-04-20,0.00799778244631186,430.85200000000003,211.953,0.0,0.0,169.699,0.0,50.403000000000006,0.0,0.0,0.0,0.0,0.0,0.0,-1.0,0.0,8.0,863.2370004653926,1.0
AS14.14,2014-04-21,0.04212783797729616,213.052,322.493,0.0,0.0,0.0,0.0,33.201,18.149,0.0,0.0,0.0,0.0,1.0,0.0,1.0,7.0,596.8669996261601,0.0
AS14.14,2014-04-22,0.007632545771931953,338.615,142.346,0.0,0.0,0.0,0.0,42.314,198.966,0.0,0.0,0.0,0.0,1.0,-0.0,1.0,7.0,727.9210000038145,1.0
AS14.14,2014-04-23,0.04466630042821724,517.355,50.783,0.0,0.0,0.0,0.0,46.382000000000005,14.192,47.435,0.0,0.0,0.0,0.0,-1.0,0.0,7.0,657.5240001678465,0.0
AS14.14,2014-04-24,0.06470588235294111,383.367,75.65,0.0,0.0,0.0,32.423,33.272000000000006,0.0,94.266,0.0,0.0,0.0,0.0,0.0,1.0,7.0,620.213000059128,0.0
AS14.14,2014-04-25,0.005905695611577958,209.458,511.516,0.0,0.0,0.0,0.0,73.436,0.0,0.0,0.0,0.0,0.0,0.0,1.0,1.0,8.0,805.6799995899205,0.0
AS14.14,2014-04-26,0.1334975369458128,137.174,29.208,0.0,0.0,0.0,0.0,15.087,0.0,0.0,0.0,0.0,0.0,0.0,-1.0,1.0,8.0,184.45900034904489,1.0
AS14.14,2014-04-27,0.003124999999999996,233.617,162.703,0.0,0.0,0.0,0.0,42.509,0.0,0.0,0.0,0.0,0.0,0.0,0.0,1.0,8.0,439.1410000324258,0.0
AS14.14,2014-04-28,0.0,56.04600000000001,0.0,0.0,0.0,0.0,0.0,0.0,0.0,0.0,0.0,0.0,0.0,1.0,1.0,1.0,7.0,56.5980002880097,0.0
AS14.14,2014-04-29,0.0037037037037037,200.214,27.243000000000002,0.0,0.0,0.0,0.0,9.134,0.0,0.0,0.0,0.0,0.0,0.0,-0.0,1.0,7.0,170.51099991798395,0.0
AS14.14,2014-04-30,0.05674603174603173,145.4,8.086,0.0,0.0,0.0,0.0,18.492,0.0,0.0,0.0,0.0,0.0,0.0,1.0,1.0,7.0,172.0380001068115,0.0
AS14.14,2014-05-01,0.08296407075071079,133.464,0.0,0.0,0.0,0.0,0.0,30.71,179.511,0.0,0.0,0.0,0.0,0.0,0.0,0.0,6.0,302.8090000152587,0.0
AS14.14,2014-05-02,0.0125,240.869,7.036,0.0,0.0,0.0,0.0,51.397999999999996,0.0,0.0,0.0,0.0,0.0,0.0,0.0,1.0,7.0,288.2680001258849,0.0
AS14.14,2014-05-03,0.0038194444444444413,489.03700000000003,117.48,0.0,0.0,0.0,0.0,66.292,21.135,0.0,0.0,0.0,0.0,0.0,0.0,1.0,7.0,694.1940002441409,0.0
AS14.14,2014-05-04,0.0006944444444444417,209.419,59.026,0.0,0.0,0.0,0.0,54.525999999999996,31.135,0.0,0.0,0.0,0.0,0.0,0.0,1.0,7.0,354.1380004882811,0.0
AS14.14,2014-05-05,0.006493506493506493,55.665000000000006,121.70400000000001,0.0,0.0,0.0,0.0,15.126,0.0,0.0,0.0,0.0,0.0,0.0,-1.0,1.0,7.0,199.8310003280639,0.0
AS14.15,2014-03-14,0.05814829222796919,269.401,35.161,0.0,0.0,0.0,0.0,172.527,0.0,0.0,0.0,0.0,0.0,5.0,-0.0,0.0,6.0,243.0460002422333,1.0
AS14.15,2014-03-15,0.10294213503143046,40.433,124.345,0.0,0.0,0.0,0.0,0.0,0.0,0.0,0.0,0.0,0.0,8.0,1.0,0.0,7.0,165.01700019836426,0.0
AS14.15,2014-03-16,0.062050427413415286,0.0,0.0,0.0,0.0,0.0,0.0,0.0,0.0,0.0,0.0,0.0,0.0,1.0,-1.0,0.0,6.0,0.0,0.0
AS14.15,2014-03-17,0.0,6.644,0.0,0.0,0.0,0.0,0.0,0.0,0.0,0.0,0.0,0.0,0.0,8.0,0.0,0.0,6.0,0.694999933242798,0.0
AS14.15,2014-03-18,0.11873714520773347,1014.437,1780.747,5.019,0.0,0.0,45.186,54.256,0.0,94.55199999999999,0.0,17.082,0.0,7.0,0.0,1.0,7.0,3214.6289999485025,0.0
AS14.15,2014-03-19,0.1331842007216708,0.0,0.0,0.0,0.0,0.0,0.0,0.0,0.0,0.0,0.0,0.0,0.0,5.0,0.0,1.0,7.0,0.0,0.0
AS14.15,2014-03-20,0.02976190476190475,459.294,177.873,0.0,0.0,0.0,0.0,0.0,0.0,0.0,0.0,0.0,0.0,5.0,1.0,1.0,7.0,1306.6169996261601,7.0
AS14.15,2014-03-21,0.06922398589065254,777.015,195.22,0.0,0.0,0.0,3.01,14.117,0.0,0.0,0.0,0.0,0.0,5.0,0.0,1.0,7.0,820.1199998855589,0.0
AS14.15,2014-03-22,0.0710591929079324,255.808,80.51,0.0,0.0,0.0,0.0,22.17,0.0,0.0,0.0,0.0,0.0,0.0,-0.0,1.0,7.0,358.5930004119873,0.0
AS14.15,2014-03-23,0.1449275362318841,29.591,0.0,0.0,0.0,0.0,0.0,10.102,0.0,0.0,0.0,0.0,0.0,0.0,0.0,1.0,7.0,562.4420001506809,0.0
AS14.15,2014-03-24,0.0,258.77700000000004,38.207,0.0,0.0,0.0,21.464,8.046,0.0,0.0,0.0,0.0,0.0,0.0,1.0,1.0,7.0,326.5949997901914,0.0
AS14.15,2014-03-25,0.0043103448275862,554.523,261.701,0.0,0.0,0.0,0.0,0.0,0.0,0.0,0.0,0.0,0.0,1.0,1.0,1.0,7.0,525.9370002746581,0.0
AS14.15,2014-03-26,0.22685185185185197,838.873,2554.686,0.0,0.0,0.0,0.0,102.43599999999999,0.0,62.299,0.0,0.0,0.0,7.0,1.0,1.0,7.0,3710.608999490739,3.0
AS14.15,2014-03-27,0.0,49.808,0.0,0.0,0.0,0.0,0.0,0.0,0.0,0.0,0.0,0.0,0.0,12.0,1.0,1.0,7.0,0.0,0.0
AS14.15,2014-03-28,0.04206349206349204,596.674,1039.388,0.0,0.0,0.0,0.0,7.021,0.0,0.0,0.0,48.229,0.0,8.0,1.0,1.0,7.0,1583.144999980926,0.0
AS14.15,2014-03-29,0.325952380952381,122.67500000000001,3.016,0.0,0.0,0.0,9.039,10.032,49.613,0.0,0.0,0.0,0.0,10.0,-1.0,1.0,7.0,194.70199966430664,0.0
AS14.15,2014-03-30,0.25287698412698423,589.184,325.968,0.0,0.0,0.0,0.0,0.0,155.979,0.0,0.0,0.0,0.0,5.0,-1.0,1.0,7.0,1070.5850005149844,0.0
AS14.15,2014-03-31,0.0,0.0,0.0,0.0,0.0,0.0,0.0,0.0,0.0,0.0,0.0,0.0,0.0,12.0,0.0,1.0,7.0,0.0,7.0
AS14.15,2014-04-01,0.2718253968253967,288.358,734.821,0.0,0.0,0.0,0.0,0.0,0.0,0.0,0.0,0.0,0.0,1.0,1.0,1.0,7.0,769.8550000190736,4.0
AS14.15,2014-04-02,0.18948412698412717,312.297,1317.541,0.0,0.0,0.0,9.064,8.031,14.121,0.0,0.0,0.0,0.0,7.0,1.0,1.0,7.0,1661.306999921798,1.0
AS14.15,2014-04-03,0.0,0.0,0.0,0.0,0.0,0.0,0.0,0.0,0.0,0.0,0.0,0.0,0.0,2.0,1.0,1.0,7.0,0.0,0.0
AS14.15,2014-04-04,0.1633802430677431,513.205,339.687,0.0,0.0,0.0,0.0,0.0,236.197,0.0,0.0,0.0,0.0,2.0,1.0,1.0,7.0,740.1330001354224,0.0
AS14.15,2014-04-05,0.1381578947368421,25.402,0.0,0.0,0.0,0.0,0.0,0.0,0.0,0.0,0.0,0.0,0.0,4.0,1.0,1.0,8.0,25.41400027275089,0.0
AS14.15,2014-04-06,0.00657894736842105,225.358,198.23,0.0,0.0,0.0,0.0,0.0,0.0,0.0,0.0,0.0,0.0,5.0,-0.0,0.0,6.0,423.74600005149745,1.0
AS14.15,2014-04-07,0.1067583732057415,47.99,450.682,0.0,0.0,0.0,0.0,18.198,0.0,0.0,0.0,0.0,0.0,4.0,0.0,0.0,7.0,517.5099999904628,1.0
AS14.15,2014-04-08,0.0,0.0,0.0,0.0,0.0,0.0,0.0,0.0,0.0,0.0,0.0,0.0,0.0,1.0,0.0,1.0,7.0,0.0,3.0
AS14.15,2014-04-09,0.0087719298245614,0.0,0.0,0.0,0.0,0.0,0.0,0.0,0.0,0.0,0.0,0.0,0.0,4.0,0.0,1.0,7.0,0.0,0.0
AS14.15,2014-04-10,0.00789473684210526,222.572,486.12800000000004,0.0,0.0,0.0,0.0,0.0,0.0,0.0,0.0,0.0,0.0,1.0,0.0,1.0,7.0,648.2670001983639,0.0
AS14.15,2014-04-11,0.0357142857142857,314.46,41.451,0.0,0.0,0.0,0.0,11.077,427.776,0.0,0.0,0.0,0.0,1.0,0.0,1.0,7.0,794.9789998531344,0.0
AS14.15,2014-04-12,0.09709821428571426,301.404,426.354,414.577,0.0,0.0,0.0,0.0,0.0,0.0,0.0,0.0,0.0,5.0,1.0,1.0,7.0,2164.692999601364,1.0
AS14.15,2014-04-13,0.0,0.0,0.0,0.0,0.0,0.0,0.0,0.0,0.0,0.0,0.0,0.0,0.0,21.0,2.0,1.0,7.0,0.0,2.0
AS14.15,2014-04-14,0.08487654320987655,561.055,892.641,0.0,0.0,0.0,158.01099999999997,6.016,109.23100000000001,194.88,0.0,0.0,0.0,1.0,1.0,1.0,7.0,2896.2020001411433,0.0
AS14.15,2014-04-15,0.0,0.0,0.0,0.0,0.0,0.0,0.0,0.0,0.0,0.0,0.0,0.0,0.0,1.0,-0.0,1.0,7.0,0.0,0.0
AS14.15,2014-04-16,0.12390046296296292,600.606,1189.371,0.0,0.0,0.0,0.0,37.276,0.0,0.0,23.129,0.0,0.0,0.0,0.0,1.0,7.0,2811.4019994735713,0.0
AS14.15,2014-04-17,0.09114583333333325,1147.198,1445.728,0.0,0.0,0.0,10.038,113.65,63.36,0.0,0.0,0.0,0.0,2.0,0.0,0.0,6.0,2339.6539998054495,0.0
AS14.15,2014-04-18,0.2605137395459973,256.5,363.985,364.104,0.0,0.0,110.874,10.049,0.0,103.633,0.0,0.0,0.0,0.0,-0.0,0.0,6.0,1424.8489995002749,0.0
AS14.15,2014-04-19,0.03125,328.314,15.068,0.0,0.0,0.0,0.0,167.956,0.0,0.0,0.0,0.0,0.0,0.0,-0.0,1.0,7.0,452.47200012206986,0.0
AS14.15,2014-04-20,0.1277336073507608,0.0,0.0,0.0,0.0,0.0,0.0,0.0,0.0,0.0,0.0,0.0,0.0,0.0,0.0,1.0,7.0,0.0,0.0
AS14.15,2014-04-21,0.03125,269.71299999999997,955.857,0.0,0.0,0.0,162.382,885.1429999999999,170.724,0.0,0.0,0.0,0.0,0.0,-0.0,1.0,7.0,393.4040000438688,0.0
AS14.15,2014-04-22,0.1277336073507608,0.0,0.0,0.0,0.0,0.0,0.0,0.0,0.0,0.0,0.0,0.0,0.0,3.0,0.0,1.0,7.0,0.0,0.0
AS14.15,2014-04-23,0.2812499999999999,167.341,231.99099999999999,0.0,0.0,0.0,28.243,41.228,0.0,0.0,0.0,0.0,0.0,2.0,1.0,1.0,7.0,468.83899974823,0.0
AS14.15,2014-04-24,0.0625,465.399,486.578,39.181,0.0,0.0,0.0,255.91,12.082,0.0,0.0,0.0,0.0,0.0,2.0,1.0,7.0,1259.3180003166208,12.0
AS14.15,2014-04-25,0.0,115.09299999999999,17.099,0.0,0.0,0.0,0.0,0.0,0.0,0.0,0.0,0.0,0.0,7.0,1.0,1.0,7.0,72.0190000534058,4.0
AS14.15,2014-04-26,0.0138888888888889,206.097,236.738,0.0,0.0,0.0,0.0,84.554,0.0,0.0,0.0,0.0,0.0,3.0,-0.0,0.0,6.0,338.8070003986354,0.0
AS14.15,2014-04-27,0.1493055555555557,308.495,2062.921,0.0,0.0,0.0,0.0,9.069,0.0,0.0,0.0,0.0,0.0,3.0,1.0,1.0,7.0,1406.2100002765649,0.0
AS14.15,2014-04-28,0.07,464.38599999999997,471.807,0.0,96.649,0.0,0.0,28.163,0.0,0.0,0.0,0.0,0.0,0.0,1.0,0.0,7.0,761.875,0.0
AS14.15,2014-04-29,0.04,14.92,40.2,0.0,0.0,0.0,0.0,0.0,0.0,0.0,0.0,0.0,0.0,1.0,1.0,0.0,7.0,55.15400004386904,0.0
AS14.15,2014-04-30,0.136363636363636,121.243,0.0,0.0,0.0,0.0,0.0,206.083,0.0,0.0,0.0,0.0,0.0,1.0,1.0,-0.0,6.0,193.601000070572,0.0
AS14.15,2014-05-01,0.0,59.655,0.0,0.0,0.0,0.0,0.0,0.0,0.0,0.0,0.0,0.0,0.0,0.0,-0.0,0.0,7.0,59.6670000553131,0.0
AS14.15,2014-05-02,0.0,0.0,0.0,0.0,0.0,0.0,0.0,0.0,0.0,0.0,0.0,0.0,0.0,3.0,0.0,0.0,7.0,0.0,0.0
AS14.15,2014-05-03,0.0714285714285715,243.495,312.229,0.0,0.0,0.0,0.0,15.069,14.115,0.0,0.0,0.0,0.0,3.0,0.0,0.0,7.0,585.0270001888282,1.0
AS14.15,2014-05-04,0.04455739111590672,0.0,0.0,0.0,0.0,0.0,0.0,0.0,0.0,0.0,0.0,0.0,0.0,1.0,-0.0,1.0,7.0,0.0,0.0
AS14.15,2014-05-05,0.0,174.084,0.0,0.0,0.0,0.0,0.0,0.0,0.0,0.0,0.0,0.0,0.0,12.0,1.0,1.0,7.0,172.1119997501373,0.0
AS14.15,2014-05-06,0.3436853002070393,636.44,1154.761,672.08,0.0,0.0,0.0,0.0,55.366,23.103,0.0,0.0,0.0,1.0,-0.0,1.0,8.0,1658.536000013351,2.0
AS14.15,2014-05-07,0.0,0.0,0.0,0.0,0.0,0.0,0.0,0.0,0.0,0.0,0.0,0.0,0.0,0.0,0.0,1.0,7.0,0.0,0.0
AS14.15,2014-05-08,0.19266040485535918,0.0,0.0,0.0,0.0,0.0,0.0,0.0,0.0,0.0,0.0,0.0,0.0,0.0,0.0,1.0,7.0,0.0,0.0
AS14.16,2014-03-13,0.2649346728151076,49.139,184.405,0.0,0.0,0.0,0.0,0.0,0.0,0.0,0.0,0.0,0.0,5.0,-0.0,2.0,8.0,206.30899977683998,0.0
AS14.16,2014-03-14,0.08856033844896298,9.964,6.877,0.0,0.0,0.0,0.0,29.064,0.0,0.0,0.0,0.0,0.0,1.0,-0.0,1.0,7.0,46.0409998893738,3.0
AS14.16,2014-03-15,0.11071727168817638,131.593,133.3,65.813,40.192,0.0,0.0,10.025,103.398,0.0,0.0,0.0,0.0,0.0,0.0,1.0,6.0,485.4520001411435,2.0
AS14.16,2014-03-16,0.07402481013935358,185.558,120.445,0.0,19.082,0.0,0.0,38.152,0.0,0.0,0.0,0.0,0.0,0.0,-1.0,0.0,7.0,364.69199991226196,3.0
AS14.16,2014-03-17,0.06071428571428575,47.283,434.67699999999996,0.0,0.0,0.0,0.0,15.073,216.303,0.0,0.0,0.0,0.0,0.0,-1.0,1.0,7.0,714.3029994964597,0.0
AS14.16,2014-03-18,0.053911909926399944,189.688,463.893,96.551,22.1,0.0,0.0,11.054,0.0,0.0,0.0,0.0,0.0,4.0,0.0,1.0,7.0,785.79300069809,1.0
AS14.16,2014-03-19,0.005627705627705628,32.349,0.0,17.332,0.0,0.0,0.0,22.176,0.0,0.0,0.0,0.0,0.0,0.0,0.0,1.0,6.0,26.35700011253359,0.0
AS14.16,2014-03-20,0.04383822653596662,149.854,97.727,15.348,0.0,0.0,0.0,10.029,69.902,0.0,0.0,0.0,0.0,2.0,1.0,0.0,6.0,412.8229997158053,4.0
AS14.16,2014-03-21,0.060560360921981006,103.69,124.037,5.041,0.0,0.0,0.0,0.0,125.2,0.0,0.0,0.0,0.0,2.0,1.0,1.0,7.0,284.72399997711136,0.0
AS14.16,2014-03-22,0.06677041257209454,87.42399999999999,189.52100000000002,93.44200000000001,0.0,0.0,0.0,10.077,15.412,0.0,0.0,0.0,0.0,3.0,0.0,1.0,6.0,1155.7909998893738,2.0
AS14.16,2014-03-23,0.06845238095238092,173.159,204.495,181.257,13.047,0.0,0.0,23.124,191.314,0.0,0.0,0.0,0.0,6.0,0.0,1.0,7.0,726.3540003299709,3.0
AS14.16,2014-03-24,0.10731287707390641,147.85,222.79199999999997,0.0,6.032,0.0,0.0,10.417,81.677,0.0,0.0,0.0,0.0,0.0,0.0,1.0,6.0,459.0190002918246,0.0
AS14.16,2014-03-25,0.08716623124390796,260.076,365.541,50.631,0.0,0.0,0.0,21.061,161.01,0.0,0.0,0.0,0.0,0.0,1.0,1.0,6.0,1013.4389998912809,1.0
AS14.16,2014-03-26,0.09062499999999994,75.12,284.599,60.185,64.797,0.0,0.0,0.0,221.426,0.0,0.0,0.0,0.0,0.0,0.0,0.0,6.0,685.4170000553127,1.0
AS14.16,2014-03-27,0.2950993676603433,69.691,0.0,500.227,0.0,0.0,0.0,0.0,0.0,0.0,0.0,0.0,0.0,1.0,0.0,0.0,6.0,318.76599979400675,15.0
AS14.16,2014-03-28,0.08746898327453533,119.651,398.041,0.0,0.0,0.0,0.0,0.0,0.0,0.0,0.0,0.0,0.0,0.0,-1.0,1.0,6.0,519.1339998245237,0.0
AS14.16,2014-03-29,0.2525042601225439,133.275,155.08599999999998,0.0,19.119,0.0,0.0,8.057,93.96199999999999,0.0,0.0,0.0,0.0,2.0,-0.0,0.0,6.0,410.1199998855591,2.0
AS14.16,2014-03-30,0.052733447325923805,176.164,100.42899999999999,765.402,0.0,0.0,0.0,17.101,0.0,0.0,0.0,0.0,0.0,4.0,0.0,1.0,5.0,862.5760006904596,0.0
AS14.16,2014-03-31,0.13474030795602568,12.349,53.071,0.0,0.0,0.0,0.0,8.153,0.0,0.0,0.0,0.0,0.0,3.0,-0.0,0.0,6.0,73.79699993133555,7.0
AS14.16,2014-04-01,0.3134394341290892,98.198,194.89,0.0,0.0,0.0,0.0,0.0,48.338,40.949,0.0,0.0,0.0,0.0,-0.0,1.0,6.0,235.4989998340607,1.0
AS14.16,2014-04-02,0.03047421130575252,29.768,105.761,0.0,0.0,0.0,0.0,0.0,0.0,0.0,0.0,0.0,0.0,4.0,-0.0,1.0,6.0,223.04100012779267,0.0
AS14.16,2014-04-03,0.012361111111111111,40.457,289.19,1.014,0.0,0.0,0.0,17.155,41.357,0.0,0.0,0.0,0.0,0.0,-0.0,0.0,6.0,138.8190000057221,0.0
AS14.16,2014-04-04,0.14407060344630326,678.477,1680.035,183.151,20.066,0.0,0.0,27.086,301.878,9.888,0.0,0.0,0.0,4.0,-0.0,1.0,6.0,2661.9130003452306,4.0
AS14.16,2014-04-05,0.08748917748917752,99.01,239.666,142.025,0.0,0.0,0.0,15.072,20.102,0.0,0.0,0.0,0.0,1.0,0.0,1.0,7.0,202.36500000953663,0.0
AS14.16,2014-04-06,0.19987749808992267,422.596,505.307,144.716,0.0,0.0,0.0,8.062,123.868,0.0,0.0,19.138,5.22,0.0,-1.0,1.0,7.0,1605.8439996242514,0.0
AS14.16,2014-04-07,0.0864168979340117,222.0,408.015,51.298,45.278999999999996,0.0,0.0,0.0,119.977,0.0,0.0,0.0,0.0,0.0,-0.0,1.0,7.0,524.9960002899171,1.0
AS14.16,2014-04-08,0.03989680082559341,9.241,0.0,0.0,0.0,0.0,0.0,0.0,0.0,0.0,0.0,0.0,0.0,8.0,0.0,1.0,6.0,7.27500009536743,1.0
AS14.16,2014-04-09,0.24015661939870087,67.282,9.097,0.0,11.053,0.0,0.0,0.0,0.0,0.0,0.0,0.0,0.0,1.0,-0.0,1.0,7.0,141.003999948502,0.0
AS14.16,2014-04-10,0.1293886382716278,156.923,331.167,113.05199999999999,87.698,162.983,0.0,15.132,222.355,0.0,0.0,0.0,0.0,3.0,0.0,1.0,7.0,1089.7160003185272,1.0
AS14.16,2014-04-11,0.03957364341085266,99.94,421.32800000000003,0.0,0.0,0.0,0.0,5.014,109.692,0.0,0.0,0.0,0.0,0.0,1.0,1.0,7.0,358.88299965858437,0.0
AS14.16,2014-04-12,0.0,19.42,0.0,0.0,0.0,0.0,0.0,0.0,0.0,0.0,0.0,0.0,0.0,4.0,1.0,1.0,7.0,19.430999994278,0.0
AS14.16,2014-04-13,0.0454545454545455,56.068999999999996,3.01,0.0,0.0,0.0,0.0,6.052,46.323,0.0,0.0,0.0,0.0,1.0,0.0,0.0,6.0,111.49300003051762,2.0
AS14.16,2014-04-14,0.0341435185185185,171.376,81.96900000000001,0.0,0.0,0.0,0.0,0.0,5.708,0.0,0.0,0.0,0.0,4.0,1.0,1.0,7.0,202.43700027465812,0.0
AS14.16,2014-04-15,0.05,121.88600000000001,53.147999999999996,0.0,0.0,0.0,0.0,0.0,35.166,0.0,0.0,0.0,0.0,1.0,1.0,0.0,7.0,4.1340000629425,2.0
AS14.16,2014-04-16,0.13797664519172403,284.669,317.696,0.0,0.0,0.0,0.0,12.13,90.522,0.0,0.0,0.0,0.0,2.0,1.0,1.0,7.0,705.4270007610322,4.0
AS14.16,2014-04-17,0.14644478187042836,161.39600000000002,154.33100000000002,0.0,102.41,0.0,0.0,13.199,14.139,0.0,0.0,0.0,0.0,3.0,-1.0,1.0,7.0,445.70899987220764,0.0
AS14.16,2014-04-18,0.009735044072393464,245.234,576.915,1118.142,0.0,0.0,0.0,0.0,187.469,0.0,0.0,0.0,0.0,0.0,0.0,1.0,7.0,2128.878998994829,4.0
AS14.16,2014-04-19,0.1840579710144928,0.0,0.0,0.0,0.0,0.0,0.0,0.0,0.0,0.0,0.0,0.0,0.0,2.0,2.0,1.0,7.0,0.0,1.0
AS14.16,2014-04-20,0.0,0.0,0.0,0.0,0.0,0.0,0.0,0.0,0.0,0.0,0.0,0.0,0.0,0.0,1.0,1.0,7.0,0.0,1.0
AS14.16,2014-04-21,0.009197324414715692,146.952,481.286,62.525,0.0,0.0,0.0,14.093,33.32,0.0,0.0,0.0,0.0,0.0,1.0,1.0,7.0,739.2569997310637,0.0
AS14.16,2014-04-22,0.05494394283401094,167.584,740.741,204.428,0.0,0.0,0.0,0.0,100.71,0.0,0.0,0.0,0.0,0.0,1.0,1.0,7.0,908.3309988975518,1.0
AS14.16,2014-04-23,0.08201415701415696,316.14,827.589,0.0,139.93,0.0,0.0,9.035,18.024,0.0,0.0,0.0,4.01,4.0,1.0,1.0,7.0,1298.7449998855593,1.0
AS14.16,2014-04-24,0.013731060606060611,70.905,254.411,345.058,0.0,0.0,0.0,0.0,0.0,0.0,0.0,0.0,0.0,3.0,-0.0,-0.0,5.0,1189.710000038147,1.0
AS14.16,2014-04-25,0.08522727272727262,182.95600000000002,19.083,0.0,0.0,0.0,0.0,0.0,22.451,0.0,0.0,0.0,0.0,7.0,1.0,1.0,7.0,333.69499969482473,12.0
AS14.16,2014-04-26,0.35491071428571425,0.914,49.566,0.0,0.0,0.0,0.0,5.046,0.0,0.0,0.0,0.0,0.0,0.0,0.0,1.0,7.0,55.5429999828339,3.0
AS14.16,2014-04-27,0.12176700111482719,80.292,187.691,0.0,0.0,0.0,0.0,0.0,0.0,0.0,0.0,0.0,0.0,2.0,-0.0,1.0,7.0,268.6699995994569,0.0
AS14.16,2014-04-28,0.18809523809523798,25.145,15.659,0.0,0.0,0.0,0.0,0.0,168.114,0.0,0.0,0.0,0.0,8.0,1.0,1.0,8.0,209.38500022888158,1.0
AS14.16,2014-04-29,0.03592650103519668,466.412,720.981,420.501,132.667,0.0,0.0,7.022,64.21700000000001,0.0,0.0,0.0,0.0,7.0,-0.0,1.0,7.0,1285.5090003013609,4.0
AS14.16,2014-04-30,0.03966646529954715,25.777,431.959,45.855999999999995,0.0,0.0,0.0,5.023,0.0,0.0,0.0,0.0,0.0,3.0,0.0,1.0,7.0,736.7540004253391,0.0
AS14.16,2014-05-01,0.1044532627865961,106.30199999999999,19.105,0.0,0.0,0.0,0.0,0.0,0.0,0.0,0.0,0.0,0.0,7.0,0.0,1.0,7.0,125.5750000476836,2.0
AS14.16,2014-05-02,0.10067570888004324,163.454,407.222,94.374,0.0,0.0,0.0,0.0,139.14499999999998,124.535,0.0,0.0,0.0,2.0,2.0,1.0,8.0,929.4620008468631,0.0
AS14.16,2014-05-03,0.026000330687830687,458.842,629.951,355.30400000000003,0.0,0.0,0.0,0.0,530.554,0.0,0.0,0.0,0.0,1.0,1.0,1.0,7.0,2509.0739996433276,0.0
AS14.16,2014-05-04,0.09635942760942762,369.05,255.043,0.0,29.127,0.0,0.0,15.073,176.559,0.0,11.114,13.048,0.0,0.0,0.0,1.0,7.0,692.0870001316064,0.0
AS14.16,2014-05-05,0.012931034482758626,46.171,0.0,904.613,0.0,0.0,0.0,0.0,0.0,0.0,0.0,0.0,0.0,0.0,2.0,1.0,7.0,950.9159996509547,0.0
AS14.17,2014-03-04,0.35060897879073255,0.0,0.0,0.0,0.0,0.0,0.0,0.0,0.0,0.0,0.0,0.0,0.0,5.0,0.0,2.0,7.0,0.0,0.0
AS14.17,2014-03-05,0.1720102158775261,0.0,0.0,0.0,0.0,0.0,0.0,0.0,0.0,0.0,0.0,0.0,0.0,1.0,1.0,1.0,8.0,0.0,1.0
AS14.17,2014-03-06,0.003367003367003367,0.0,0.0,0.0,0.0,0.0,0.0,0.0,0.0,0.0,0.0,0.0,0.0,1.0,0.0,1.0,7.0,0.0,0.0
AS14.17,2014-03-07,0.21968014113477677,0.0,0.0,0.0,0.0,0.0,0.0,0.0,0.0,0.0,0.0,0.0,0.0,0.0,1.0,1.0,8.0,0.0,0.0
AS14.17,2014-03-08,0.11239224137931031,0.0,0.0,0.0,0.0,0.0,0.0,0.0,0.0,0.0,0.0,0.0,0.0,0.0,0.0,1.0,8.0,0.0,0.0
AS14.17,2014-03-09,0.05876613549631664,0.0,0.0,0.0,0.0,0.0,0.0,0.0,0.0,0.0,0.0,0.0,0.0,5.0,1.0,1.0,7.0,0.0,0.0
AS14.17,2014-03-10,0.10669731603635083,0.0,0.0,0.0,0.0,0.0,0.0,0.0,0.0,0.0,0.0,0.0,0.0,0.0,1.0,1.0,7.0,0.0,0.0
AS14.17,2014-03-11,0.05316001400560228,0.0,0.0,0.0,0.0,0.0,0.0,0.0,0.0,0.0,0.0,0.0,0.0,0.0,0.0,0.0,6.0,0.0,0.0
AS14.17,2014-03-12,0.14130829682300272,0.0,0.0,0.0,0.0,0.0,0.0,0.0,0.0,0.0,0.0,0.0,0.0,0.0,0.0,0.0,6.0,0.0,0.0
AS14.17,2014-03-13,0.09933820082765354,0.0,0.0,0.0,0.0,0.0,0.0,0.0,0.0,0.0,0.0,0.0,0.0,0.0,1.0,1.0,7.0,0.0,2.0
AS14.17,2014-03-14,0.1844356146409647,0.0,0.0,0.0,0.0,0.0,0.0,0.0,0.0,0.0,0.0,0.0,0.0,0.0,1.0,1.0,8.0,0.0,0.0
AS14.17,2014-03-15,0.12000274765440407,0.0,0.0,0.0,0.0,0.0,0.0,0.0,0.0,0.0,0.0,0.0,0.0,0.0,-0.0,1.0,7.0,0.0,1.0
AS14.17,2014-03-16,0.12000274765440407,0.0,0.0,0.0,0.0,0.0,0.0,0.0,0.0,0.0,0.0,0.0,0.0,1.0,-0.0,1.0,7.0,0.0,0.0
AS14.17,2014-03-17,0.12000274765440407,0.0,0.0,0.0,0.0,0.0,0.0,0.0,0.0,0.0,0.0,0.0,0.0,0.0,-0.0,1.0,7.0,0.0,1.0
AS14.17,2014-03-18,0.12000274765440407,0.0,0.0,0.0,0.0,0.0,0.0,0.0,0.0,0.0,0.0,0.0,0.0,10.0,-0.0,1.0,7.0,0.0,0.0
AS14.17,2014-03-19,0.12000274765440407,0.0,0.0,0.0,0.0,0.0,0.0,0.0,0.0,0.0,0.0,0.0,0.0,2.0,-0.0,1.0,7.0,0.0,0.0
AS14.17,2014-03-20,0.04230288377845706,132.257,456.231,249.904,0.0,0.0,0.0,111.485,937.537,0.0,0.0,0.0,0.0,0.0,0.0,1.0,7.0,1630.727999687195,0.0
AS14.17,2014-03-21,0.16797442845445734,179.632,1681.52,744.826,0.0,0.0,49.205999999999996,45.162,1627.926,0.0,0.0,0.0,0.0,0.0,1.0,1.0,7.0,3976.0649995803833,0.0
AS14.17,2014-03-22,0.1927695875539844,517.778,2966.127,886.488,0.0,0.0,0.0,143.685,1355.888,64.724,0.0,17.126,0.0,0.0,0.0,1.0,7.0,4652.201000690459,0.0
AS14.17,2014-03-23,0.07009270190040377,367.61,1171.419,1481.618,0.0,0.0,0.0,35.186,1554.242,135.24200000000002,0.0,0.0,0.0,0.0,1.0,1.0,7.0,4253.468999385832,1.0
AS14.17,2014-03-24,0.16940873829279451,433.267,2423.759,721.972,0.0,0.0,0.0,36.194,1275.068,259.244,0.0,42.138999999999996,0.0,4.0,1.0,1.0,7.0,5185.512000083924,0.0
AS14.17,2014-03-25,0.06202266865015754,128.775,804.213,896.761,0.0,0.0,0.0,27.1,1373.9460000000001,0.0,0.0,9.866,0.0,0.0,0.0,1.0,8.0,3498.11699962616,0.0
AS14.17,2014-03-26,0.06853709704220674,603.809,1706.992,2404.448,0.0,0.0,0.0,112.919,1469.182,0.0,0.0,85.451,0.0,2.0,0.0,1.0,7.0,6059.351001501086,0.0
AS14.17,2014-03-27,0.0906331678707439,663.879,1329.807,1207.139,0.0,0.0,0.0,45.212,1500.51,263.167,0.0,0.0,0.0,0.0,0.0,1.0,7.0,4477.501001358032,0.0
AS14.17,2014-03-28,0.2510368299862318,376.56,2141.161,791.014,0.0,0.0,30.121,204.161,1161.41,329.95,0.0,0.0,0.0,1.0,1.0,1.0,7.0,4075.0930006504063,0.0
AS14.17,2014-03-29,0.2092882156846513,590.455,1405.81,992.519,21.08,0.0,0.0,45.153999999999996,1787.736,195.447,0.0,0.0,0.0,8.0,1.0,1.0,7.0,5742.628001689911,1.0
AS14.17,2014-03-30,0.008333333333333331,112.01,306.951,0.0,0.0,0.0,0.0,32.299,112.483,59.765,0.0,0.0,0.0,0.0,1.0,1.0,8.0,591.5339996814731,0.0
AS14.17,2014-03-31,0.09798605176533887,535.475,1521.745,932.0840000000001,0.0,0.0,0.0,581.246,1099.694,535.395,0.0,105.084,0.0,0.0,0.0,1.0,7.0,2780.960001230239,0.0
AS14.17,2014-04-01,0.146776392180804,1051.966,2268.929,1215.411,0.0,0.0,211.303,298.98199999999997,1112.9840000000002,137.781,0.0,9.317,0.0,4.0,1.0,1.0,7.0,5640.406001091005,2.0
AS14.17,2014-04-02,0.09017666475035048,844.694,786.374,1718.078,0.0,0.0,166.79399999999998,187.99,1459.598,150.554,0.0,71.206,0.0,1.0,0.0,1.0,8.0,4154.948999643325,0.0
AS14.17,2014-04-03,0.12420343137254904,477.121,1742.741,2304.94,0.0,0.0,36.243,227.182,1450.005,128.398,0.0,20.074,0.0,1.0,0.0,1.0,7.0,5064.627001285556,1.0
AS14.17,2014-04-04,0.15983601774042955,265.924,712.586,1195.336,0.0,0.0,67.059,44.382000000000005,1153.222,0.0,0.0,0.0,0.0,1.0,-1.0,1.0,7.0,4548.271001815795,1.0
AS14.17,2014-04-05,0.18913979786829993,242.177,1092.54,778.512,0.0,0.0,0.0,43.366,399.056,15.843,0.0,0.0,0.0,3.0,0.0,1.0,7.0,1645.4820010662079,3.0
AS14.17,2014-04-06,0.03688805922779405,147.799,669.777,834.168,0.0,0.0,0.0,101.225,538.17,0.0,0.0,0.0,0.0,0.0,0.0,1.0,7.0,2475.89699935913,1.0
AS14.17,2014-04-07,0.04899951284861772,166.55599999999998,935.613,1164.8719999999998,0.0,0.0,0.0,23.193,1230.794,0.0,0.0,0.0,0.0,0.0,1.0,1.0,7.0,1821.6000006198897,0.0
AS14.17,2014-04-08,0.02606539516633098,750.932,3043.116,1606.164,0.0,0.0,337.578,48.317,1393.574,282.706,206.937,16.049,0.0,3.0,0.0,1.0,7.0,6807.82399940491,1.0
AS14.17,2014-04-09,0.10923143184508001,394.617,1713.387,1634.239,0.0,0.0,161.457,91.727,813.354,263.212,0.0,4.031,0.0,0.0,0.0,1.0,7.0,5030.267999649048,0.0
AS14.17,2014-04-10,0.10077388350248441,367.038,2307.113,1651.035,0.0,0.0,51.252,186.31799999999998,1175.385,172.989,0.0,0.0,0.0,0.0,1.0,1.0,7.0,3159.4490001201625,0.0
AS14.17,2014-04-11,0.20737365024236556,898.587,495.892,0.0,0.0,0.0,0.0,39.482,1416.739,141.109,0.0,57.440999999999995,0.0,0.0,0.0,1.0,7.0,2179.8089997768407,0.0
AS14.17,2014-04-12,0.16595320188693283,1117.441,1120.535,873.5799999999999,0.0,0.0,0.0,39.147999999999996,1079.202,0.0,0.0,0.0,0.0,0.0,0.0,1.0,7.0,2500.244999647141,0.0
AS14.17,2014-04-13,0.0756640189523358,604.702,1390.7540000000001,2396.594,0.0,0.0,0.0,55.028,2574.059,206.014,0.0,20.159,0.0,0.0,-0.0,1.0,7.0,5507.473999738694,0.0
AS14.17,2014-04-14,0.0851143385464617,459.03,379.326,0.0,0.0,0.0,148.85,49.45,319.01800000000003,261.709,0.0,0.0,0.0,1.0,1.0,1.0,7.0,1616.1239991188054,0.0
AS14.17,2014-04-15,0.10223628470884812,1072.607,3457.492,973.083,0.0,0.0,13.126000000000001,852.465,1506.494,82.572,0.0,0.0,0.0,0.0,0.0,1.0,7.0,5145.5109996795645,1.0
AS14.17,2014-04-16,0.11137417839840907,685.23,3553.437,762.9350000000001,0.0,0.0,55.257000000000005,46.701,1023.391,196.313,0.0,27.096,0.0,2.0,1.0,1.0,7.0,6143.1280026435825,1.0
AS14.17,2014-04-17,0.11615087487091101,366.358,1653.118,1243.039,0.0,0.0,0.0,43.743,1491.167,0.0,0.0,4.649,0.0,0.0,0.0,1.0,7.0,3174.364999771117,2.0
AS14.17,2014-04-18,0.18855451998494854,147.635,1356.181,1335.357,0.0,0.0,0.0,33.187,53.717,0.0,0.0,5.019,0.0,1.0,1.0,1.0,7.0,2522.390999794006,0.0
AS14.17,2014-04-19,0.16723933497618126,52.388000000000005,979.172,0.0,0.0,0.0,0.0,43.589,265.539,0.0,0.0,0.0,0.0,0.0,1.0,1.0,7.0,1341.7960014343253,0.0
AS14.17,2014-04-20,0.12116526023672414,414.827,3840.257,2299.942,0.0,0.0,0.0,43.058,1306.794,783.4639999999999,0.0,0.0,0.0,0.0,0.0,1.0,7.0,7566.348000288008,0.0
AS14.17,2014-04-21,0.0881963953222814,126.5,1604.798,350.995,0.0,0.0,0.0,61.703,389.94899999999996,19.146,0.0,3.01,0.0,1.0,0.0,1.0,7.0,2261.7730002403264,0.0
AS14.17,2014-04-22,0.05062149859943974,384.681,3726.835,1343.5230000000001,0.0,0.0,0.0,46.482,1561.552,72.052,0.0,0.0,0.0,0.0,1.0,1.0,7.0,6908.1420006752005,2.0
AS14.17,2014-04-23,0.07183591337438762,681.559,3622.032,1432.016,0.0,0.0,31.128,45.771,1197.938,467.853,0.0,0.0,0.0,1.0,1.0,1.0,7.0,5714.315000534057,0.0
AS14.17,2014-04-24,0.10981776234215578,729.753,2040.673,1305.854,0.0,0.0,0.0,40.536,2004.768,289.234,0.0,0.0,0.0,1.0,1.0,1.0,7.0,5700.994000911714,0.0
AS14.17,2014-04-25,0.20366097979108125,651.725,1844.865,1495.172,0.0,0.0,130.68800000000002,121.05699999999999,333.25600000000003,21.671,0.0,8.035,0.0,4.0,0.0,1.0,7.0,2981.067999362945,1.0
AS14.17,2014-04-26,0.1868376213455872,715.569,924.575,0.0,0.0,0.0,0.0,55.55799999999999,124.621,0.0,0.0,0.0,0.0,0.0,1.0,1.0,8.0,1809.0979979038243,1.0
AS14.17,2014-04-27,0.10881482413902194,567.861,1386.999,864.042,0.0,0.0,0.0,34.075,1038.2160000000001,27.316,0.0,0.0,0.0,0.0,1.0,1.0,7.0,3886.931999683379,2.0
AS14.17,2014-04-28,0.09738745436440811,333.64799999999997,1820.474,1345.784,0.0,0.0,259.152,44.739,769.875,825.582,0.0,3.079,0.0,0.0,1.0,0.0,7.0,3857.9489991664877,0.0
AS14.17,2014-04-29,0.11043061827109142,459.558,2078.111,1608.3090000000002,0.0,0.0,0.0,35.562,1062.885,186.769,0.0,0.0,0.0,0.0,1.0,1.0,7.0,4428.326998472214,0.0
AS14.17,2014-04-30,0.12463316853668994,226.924,1485.712,109.149,60.552,0.0,0.0,44.38,99.166,391.944,0.0,34.883,0.0,0.0,1.0,1.0,7.0,3284.8539996147174,0.0
AS14.17,2014-05-01,0.08234652506199255,270.014,920.841,13.036,0.0,1249.037,0.0,8.034,78.019,0.0,0.0,15.057,0.0,0.0,1.0,1.0,8.0,2487.3869998455048,1.0
AS14.17,2014-05-02,0.25846488933166406,406.275,1199.331,0.0,0.0,0.0,0.0,22.708,714.7330000000001,426.661,0.0,0.0,0.0,1.0,1.0,1.0,7.0,2847.155001163481,0.0
AS14.17,2014-05-03,0.3363385812828156,631.473,1066.229,161.651,0.0,0.0,0.0,44.149,1463.175,95.501,0.0,9.029,0.0,7.0,-1.0,1.0,7.0,3204.2990000247937,3.0
AS14.17,2014-05-04,0.014882726356802151,316.415,595.625,0.0,0.0,0.0,0.0,26.455,188.853,0.0,0.0,0.0,0.0,0.0,-1.0,1.0,7.0,1122.8960008621211,0.0
AS14.17,2014-05-05,0.12082519677085117,85.5,921.79,20.078,0.0,0.0,0.0,22.224,767.06,228.559,0.0,47.956,0.0,0.0,1.0,1.0,8.0,2093.7509994506836,0.0
AS14.19,2014-03-21,0.10965501792114701,136.482,636.621,0.0,0.0,0.0,0.0,117.069,5.037,0.0,0.0,0.0,0.0,3.0,1.0,1.0,5.0,2499.1570000648494,0.0
AS14.19,2014-03-22,0.08657926861241298,746.248,1842.9080000000001,0.0,0.0,0.0,0.0,480.03,71.613,0.0,0.0,0.0,0.0,7.0,-1.0,0.0,7.0,3426.4120004177094,0.0
AS14.19,2014-03-23,0.029460438699569155,571.8430000000001,252.169,0.0,0.0,0.0,0.0,104.042,67.619,0.0,0.0,0.0,0.0,4.0,-1.0,1.0,7.0,996.3209986686709,0.0
AS14.19,2014-03-24,0.11388944606136413,384.557,1665.388,26.125,0.0,0.0,0.0,53.411,0.0,0.0,0.0,0.0,0.0,5.0,-0.0,0.0,6.0,2143.2990009784703,0.0
AS14.19,2014-03-25,0.11325160672351993,800.095,3353.031,0.0,0.0,0.0,0.0,54.303,0.0,0.0,0.0,0.0,0.0,12.0,-1.0,0.0,6.0,4789.015998840333,0.0
AS14.19,2014-03-26,0.10891482612696546,910.698,3308.547,0.0,0.0,0.0,0.0,49.532,139.746,0.0,2.006,0.0,0.0,6.0,-1.0,0.0,6.0,4413.39799952507,0.0
AS14.19,2014-03-27,0.13220460848007368,879.976,2165.117,242.518,0.0,0.0,0.0,47.601,190.399,0.0,66.857,0.0,0.0,7.0,0.0,1.0,7.0,3595.464998483658,1.0
AS14.19,2014-03-28,0.14887226502146783,850.96,1221.546,562.8489999999999,0.0,0.0,0.0,63.667,26.28,0.0,4.047000000000001,0.0,0.0,8.0,-1.0,1.0,7.0,2731.158999204635,1.0
AS14.19,2014-03-29,0.13795426002920017,398.263,962.6,85.27600000000001,0.0,0.0,0.0,95.584,0.0,0.0,0.0,0.0,0.0,10.0,0.0,1.0,7.0,1752.946999788284,2.0
AS14.19,2014-03-30,0.06452367036820572,335.884,690.436,0.0,0.0,0.0,0.0,50.268,0.0,0.0,0.0,0.0,0.0,5.0,-0.0,1.0,7.0,1024.7169997692104,0.0
AS14.19,2014-03-31,0.130120999549245,856.966,2668.355,0.0,0.0,0.0,0.0,44.667,0.0,238.217,0.0,0.0,0.0,6.0,-0.0,1.0,7.0,4064.3419995307927,1.0
AS14.19,2014-04-01,0.13346682929400022,380.524,3121.714,0.0,0.0,0.0,0.0,49.427,0.0,0.0,8.822,0.0,0.0,1.0,0.0,0.0,6.0,3570.471000909805,0.0
AS14.19,2014-04-02,0.07716355485107416,585.067,1181.837,0.0,0.0,0.0,0.0,41.193,46.949,0.0,0.0,0.0,0.0,3.0,-0.0,1.0,8.0,1855.2750003337858,0.0
AS14.19,2014-04-03,0.07307714752567694,394.866,2432.373,0.0,0.0,0.0,0.0,42.374,0.0,0.0,0.0,0.0,0.0,2.0,0.0,1.0,7.0,3131.0230004787445,0.0
AS14.19,2014-04-04,0.15702115397103714,1469.252,2113.677,0.0,0.0,0.0,0.0,195.699,219.406,0.0,0.0,0.0,0.0,11.0,-0.0,0.0,7.0,3949.334000825882,0.0
AS14.19,2014-04-05,0.13595576600004902,643.2819999999999,1089.559,0.0,0.0,360.982,0.0,65.382,53.37,0.0,0.0,0.0,0.0,11.0,-1.0,1.0,8.0,2214.1240007877354,0.0
AS14.19,2014-04-06,0.09422410643417789,763.594,1658.215,0.0,0.0,0.0,0.0,49.277,0.0,0.0,0.0,0.0,0.0,8.0,-1.0,1.0,7.0,2472.241999864578,1.0
AS14.19,2014-04-07,0.18343492913073647,555.683,2995.572,0.0,0.0,0.0,0.0,63.583,214.58,0.0,0.0,0.0,0.0,11.0,-1.0,1.0,7.0,3834.507002592087,0.0
AS14.19,2014-04-08,0.08906279785658473,993.129,1925.0710000000001,0.0,0.0,0.0,0.0,39.395,0.0,0.0,0.0,53.342,0.0,8.0,-0.0,1.0,7.0,2903.4530005455003,2.0
AS14.19,2014-04-09,0.11756512889589066,521.924,2054.563,0.0,0.0,0.0,0.0,60.629,0.0,0.0,0.0,0.0,0.0,8.0,-0.0,1.0,7.0,3051.9820015430446,1.0
AS14.19,2014-04-10,0.07280121100164204,512.186,431.114,0.0,0.0,0.0,0.0,32.281,67.614,0.0,0.0,0.0,0.0,4.0,-0.0,1.0,7.0,1047.3950006961823,0.0
AS14.19,2014-04-11,0.1110938994618982,725.7379999999999,1663.171,0.0,0.0,0.0,0.0,42.442,61.461999999999996,0.0,0.0,0.0,0.0,6.0,-1.0,1.0,7.0,2774.231001377106,0.0
AS14.19,2014-04-12,0.06605497341205051,426.496,977.434,0.0,0.0,0.0,0.0,45.462,389.025,0.0,0.0,0.0,0.0,6.0,0.0,1.0,7.0,1843.077999830247,0.0
AS14.19,2014-04-13,0.11367449436267445,336.304,879.515,0.0,0.0,0.0,0.0,61.584,226.876,0.0,0.0,0.0,0.0,6.0,-1.0,1.0,7.0,1506.4069986343386,0.0
AS14.19,2014-04-14,0.14592902118511944,983.377,2759.251,0.0,0.0,0.0,0.0,68.638,208.525,0.0,42.282,0.0,0.0,15.0,0.0,1.0,7.0,5001.964999198914,0.0
AS14.19,2014-04-15,0.13076563958916904,735.272,3403.352,0.0,0.0,0.0,0.0,113.346,19.202,0.0,12.671,0.0,0.0,4.0,-1.0,1.0,6.0,4282.645000696184,0.0
AS14.19,2014-04-16,0.07721354166666668,218.157,1275.42,0.0,0.0,0.0,0.0,57.332,354.729,0.0,0.0,0.0,0.0,4.0,-1.0,1.0,7.0,1871.9100003242488,1.0
AS14.19,2014-04-17,0.1014676704014939,167.766,3003.475,0.0,0.0,0.0,0.0,47.519999999999996,97.947,0.0,0.0,0.0,0.0,1.0,-1.0,1.0,7.0,3061.796998500823,0.0
AS14.19,2014-04-18,0.06493055555555556,148.654,2272.774,0.0,0.0,229.132,0.0,43.347,0.0,0.0,0.0,0.0,0.0,3.0,-1.0,1.0,7.0,3308.5030000209813,1.0
AS14.19,2014-04-19,0.11031735913804186,284.587,762.97,0.0,0.0,0.0,0.0,56.542,323.904,0.0,8.679,0.0,0.0,6.0,-0.0,1.0,7.0,1113.8729996681213,0.0
AS14.19,2014-04-20,0.10195700631156769,917.671,697.55,0.0,0.0,0.0,0.0,41.698,75.98,0.0,0.0,0.0,0.0,4.0,0.0,1.0,8.0,1732.6659996509559,0.0
AS14.19,2014-04-21,0.13346984280942725,471.078,1139.57,0.0,0.0,0.0,0.0,47.591,72.515,0.0,0.0,0.0,0.0,6.0,-0.0,1.0,6.0,1736.3480000495902,0.0
AS14.19,2014-04-22,0.13701083958092172,616.508,3908.64,0.0,0.0,0.0,0.0,50.736000000000004,25.469,0.0,0.0,0.0,0.0,7.0,1.0,1.0,7.0,4881.058999300003,0.0
AS14.19,2014-04-23,0.11064682679520278,357.817,2444.496,0.0,0.0,0.0,0.0,56.45,193.167,0.0,0.0,0.0,0.0,4.0,-1.0,1.0,6.0,3101.1779999732976,1.0
AS14.19,2014-04-24,0.1056023849974434,381.354,2393.101,0.0,0.0,0.0,0.0,188.1,0.0,0.0,0.0,0.0,0.0,5.0,-1.0,1.0,7.0,2031.548000574112,0.0
AS14.19,2014-04-25,0.07677511149518858,249.607,1554.7269999999999,546.49,0.0,0.0,0.0,43.169,257.98199999999997,0.0,0.0,3.015,0.0,6.0,-1.0,1.0,7.0,2672.424998760224,0.0
AS14.19,2014-04-26,0.24910271579896326,802.705,457.988,0.0,0.0,0.0,0.0,107.93599999999999,0.0,0.0,0.0,0.0,0.0,6.0,1.0,2.0,8.0,1374.8749997615814,1.0
AS14.19,2014-04-27,0.04486664230909752,593.827,1624.733,0.0,0.0,0.0,0.0,85.994,396.19,258.855,0.0,0.0,0.0,4.0,-2.0,1.0,6.0,3028.6259999275203,0.0
AS14.19,2014-04-28,0.10377999025697233,475.286,1752.1490000000001,0.0,0.0,0.0,0.0,56.394999999999996,599.376,61.938,0.0,0.0,0.0,4.0,0.0,1.0,6.0,2972.204998731613,0.0
AS14.19,2014-04-29,0.02568243249036055,309.21999999999997,1719.707,0.0,0.0,0.0,0.0,46.359,173.306,0.0,0.0,0.0,0.0,6.0,0.0,1.0,7.0,2259.0499985218044,0.0
AS14.19,2014-04-30,0.04454670107302971,694.309,1851.818,5.125,0.0,0.0,0.0,51.309,370.99,0.0,0.0,0.0,0.0,12.0,0.0,1.0,7.0,3133.3029992580414,0.0
AS14.19,2014-05-01,0.12626491862973474,544.93,1778.7640000000001,0.0,0.0,0.0,0.0,47.416,334.30199999999996,0.0,3.029,0.0,0.0,2.0,-0.0,1.0,7.0,3142.984999418261,0.0
AS14.19,2014-05-02,0.19230524793625595,379.965,974.654,0.0,0.0,0.0,0.0,75.693,0.0,0.0,3.037,0.0,0.0,9.0,0.0,1.0,8.0,1432.8610005378728,0.0
AS14.19,2014-05-03,0.19011876257542557,757.655,1326.384,0.0,0.0,0.0,0.0,73.473,9.076,0.0,0.0,0.0,0.0,13.0,0.0,1.0,7.0,3198.180001020433,2.0
AS14.19,2014-05-04,0.06944999498758414,684.821,1446.845,0.0,0.0,0.0,0.0,63.501,478.491,0.0,0.0,0.0,0.0,0.0,-0.0,1.0,7.0,2678.915000200271,0.0
AS14.19,2014-05-05,0.0,0.0,6.098,0.0,0.0,0.0,0.0,0.0,0.0,0.0,0.0,0.0,0.0,0.0,0.0,1.0,7.0,6.10800004005432,0.0
AS14.20,2014-03-20,0.09539465993173388,211.455,6.086,43.303,0.0,63.294,0.0,0.0,47.557,0.0,0.0,0.0,0.0,0.0,-1.0,1.0,7.0,369.4009997844696,0.0
AS14.20,2014-03-21,0.13232854648398445,30.088,0.0,0.0,0.0,0.0,0.0,0.0,0.0,0.0,0.0,0.0,0.0,0.0,0.0,0.0,7.0,30.0939998626709,0.0
AS14.20,2014-03-22,0.007716049382716034,29.871,402.935,0.0,0.0,0.0,0.0,58.238,3.013,0.0,88.14,0.0,0.0,0.0,1.0,0.0,8.0,582.3540003299713,0.0
AS14.20,2014-03-23,0.04320987654320987,46.412000000000006,657.611,48.255,0.0,0.0,0.0,65.792,0.0,0.0,22.147,0.0,0.0,0.0,1.0,1.0,8.0,691.3710000514973,1.0
AS14.20,2014-03-24,0.03333333333333333,115.908,232.36,162.989,0.0,445.804,0.0,14.054,228.282,0.0,0.0,0.0,0.0,0.0,-0.0,0.0,7.0,249.11499953269964,1.0
AS14.20,2014-03-25,0.07893518518518522,872.518,242.46599999999998,261.954,0.0,347.38599999999997,0.0,130.525,523.087,0.0,222.01500000000001,88.629,0.0,0.0,-1.0,-0.0,6.0,1643.072000265121,0.0
AS14.20,2014-03-26,0.025762156714537646,79.012,80.782,370.68100000000004,0.0,0.0,0.0,72.931,347.365,0.0,0.0,0.0,0.0,0.0,0.0,0.0,7.0,748.3169999122623,0.0
AS14.20,2014-03-27,0.05700000000000001,228.70999999999998,115.054,44.372,0.0,624.721,0.0,0.0,250.67600000000002,0.0,0.0,0.0,0.0,0.0,0.0,1.0,7.0,1263.7210004329686,0.0
AS14.20,2014-03-28,0.02380952380952381,408.747,133.34900000000002,0.0,0.0,0.0,0.0,8.027,0.0,0.0,0.0,0.0,0.0,0.0,0.0,0.0,6.0,460.5519998073581,0.0
AS14.20,2014-03-29,0.13813915857605177,122.243,21.13,0.0,0.0,494.903,0.0,122.482,0.0,0.0,0.0,0.0,0.0,4.0,1.0,1.0,7.0,760.8439998626707,0.0
AS14.20,2014-03-30,0.3802083333333333,22.232,444.131,0.0,0.0,0.0,0.0,0.0,327.462,0.0,821.101,0.0,0.0,0.0,1.0,1.0,8.0,834.6750004291538,2.0
AS14.20,2014-03-31,0.0125,0.0,20.709,0.0,0.0,0.0,0.0,0.0,0.0,0.0,0.0,0.0,0.0,1.0,1.0,1.0,7.0,20.71399974822997,3.0
AS14.20,2014-04-01,0.0,38.339999999999996,0.0,0.0,0.0,953.245,0.0,0.0,0.0,0.0,0.0,0.0,0.0,0.0,0.0,0.0,6.0,29.6319999694824,4.0
AS14.20,2014-04-02,0.06712962962962966,510.743,715.668,148.78199999999998,0.0,0.0,0.0,18.118,789.297,93.43400000000001,0.0,0.0,0.0,0.0,0.0,0.0,6.0,2276.728000640871,0.0
AS14.20,2014-04-03,0.05502297410192151,43.258,0.0,0.0,0.0,0.0,0.0,11.387,0.0,0.0,0.0,0.0,0.0,1.0,0.0,0.0,7.0,54.6529998779297,0.0
AS14.20,2014-04-04,0.01574074074074075,275.829,761.8199999999999,0.0,75.399,546.803,0.0,41.504,364.033,0.0,0.0,0.0,0.0,0.0,1.0,0.0,7.0,2065.8469989299774,0.0
AS14.20,2014-04-05,0.09056023599628252,108.75399999999999,94.521,27.475,0.0,422.587,0.0,153.89600000000002,0.0,0.0,0.0,0.0,0.0,2.0,0.0,1.0,7.0,807.5760002136229,0.0
AS14.20,2014-04-06,0.06022714082246478,230.867,852.777,14.083,0.0,418.192,0.0,0.0,437.39,0.0,0.0,0.0,0.0,3.0,1.0,1.0,7.0,1780.0509996414187,1.0
AS14.20,2014-04-07,0.029011707988980725,73.935,882.912,77.365,0.0,530.69,0.0,0.0,574.76,0.0,0.0,0.0,0.0,0.0,1.0,1.0,7.0,290.2020001411439,1.0
AS14.20,2014-04-08,0.003367003367003367,66.224,0.0,0.0,0.0,531.717,0.0,0.0,4.024,0.0,0.0,0.0,0.0,0.0,0.0,1.0,7.0,601.9649999141694,2.0
AS14.20,2014-04-09,0.069361289395536,241.88299999999998,263.23,248.851,0.0,0.0,0.0,44.223,1007.6129999999999,0.0,0.0,0.0,0.0,0.0,0.0,1.0,8.0,1532.6959998607635,4.0
AS14.20,2014-04-10,0.02183641975308642,86.771,661.899,123.988,0.0,0.0,0.0,10.035,330.51300000000003,0.0,0.0,0.0,0.0,0.0,0.0,0.0,7.0,1213.406999826432,1.0
AS14.20,2014-04-11,0.05509259259259256,55.402,72.345,0.0,0.0,0.0,0.0,41.273,0.0,0.0,0.0,0.0,0.0,2.0,0.0,1.0,8.0,169.1849999427795,0.0
AS14.20,2014-04-12,0.04598055910316446,148.998,2408.1150000000002,0.0,49.692,403.373,0.0,81.62899999999999,105.212,0.0,0.0,0.0,0.0,6.0,0.0,1.0,7.0,2694.049999952316,1.0
AS14.20,2014-04-13,0.0,12.451,0.0,0.0,0.0,569.675,0.0,0.0,0.0,0.0,0.0,0.0,0.0,0.0,0.0,1.0,7.0,5.01699995994568,0.0
AS14.20,2014-04-14,0.005,0.0,0.0,0.0,0.0,0.0,0.0,0.0,0.0,0.0,0.0,0.0,0.0,0.0,0.0,0.0,7.0,0.0,2.0
AS14.20,2014-04-15,0.10694444444444444,103.594,421.382,24.137,0.0,0.0,0.0,14.144,135.541,0.0,0.0,0.0,0.0,0.0,0.0,1.0,7.0,699.7319998741151,0.0
AS14.20,2014-04-16,0.004629629629629634,0.0,0.0,0.0,0.0,0.0,0.0,11.276,0.0,0.0,0.0,0.0,0.0,0.0,0.0,1.0,7.0,11.29800009727478,1.0
AS14.20,2014-04-17,0.014580010632642209,306.671,476.179,65.554,0.0,496.895,0.0,0.0,319.817,0.0,39.18,0.0,0.0,0.0,-0.0,0.0,6.0,1704.4969999790194,1.0
AS14.20,2014-04-18,0.006430041152263367,78.833,0.0,0.0,0.0,0.0,0.0,0.0,14.633,0.0,0.0,0.0,0.0,0.0,0.0,0.0,7.0,93.54699969291683,0.0
AS14.20,2014-04-19,0.0362707535121329,73.705,2344.307,0.0,0.0,196.45,0.0,0.0,35.379,0.0,3.01,0.0,0.0,0.0,0.0,1.0,8.0,2848.953001022339,0.0
AS14.20,2014-04-20,0.17375,308.396,282.502,0.0,0.0,0.0,0.0,185.428,13.353,0.0,0.0,0.0,0.0,1.0,-0.0,1.0,8.0,758.5090000629424,0.0
AS14.20,2014-04-21,0.06042250233426701,168.567,341.427,14.783,0.0,0.0,0.0,14.048,351.213,0.0,0.0,0.0,0.0,0.0,0.0,1.0,7.0,719.6380009651183,1.0
AS14.20,2014-04-22,0.0,0.0,0.0,0.0,0.0,0.0,0.0,0.0,0.0,0.0,0.0,0.0,0.0,0.0,0.0,0.0,6.0,0.0,6.0
AS14.20,2014-04-23,0.05416666666666672,8.155999999999999,202.358,12.065,0.0,0.0,0.0,12.05,83.15,0.0,0.0,0.0,0.0,0.0,-0.0,0.0,7.0,317.956999540329,1.0
AS14.20,2014-04-24,0.036901960784313716,542.866,484.745,16.071,0.0,0.0,0.0,378.066,82.875,0.0,0.0,0.0,0.0,1.0,-0.0,0.0,7.0,1478.5470013618472,0.0
AS14.20,2014-04-25,0.04379330553481039,192.424,488.702,21.807,0.0,0.0,0.0,46.597,60.263,0.0,0.0,0.0,0.0,2.0,0.0,0.0,7.0,707.3170003890989,0.0
AS14.20,2014-04-26,0.046111111111111096,113.58,594.009,122.576,0.0,0.0,0.0,0.0,460.113,0.0,0.0,0.0,0.0,0.0,0.0,1.0,7.0,1290.6129994392386,1.0
AS14.20,2014-04-27,0.01789285714285714,132.168,337.639,0.0,0.0,0.0,0.0,38.161,932.73,0.0,59.635,0.0,0.0,0.0,0.0,0.0,7.0,534.1210005283353,0.0
AS14.20,2014-04-28,0.05668667466986795,249.593,1130.865,200.395,0.0,561.0070000000001,0.0,46.019999999999996,399.017,0.0,0.0,0.0,0.0,0.0,0.0,0.0,7.0,2972.6559991836543,0.0
AS14.20,2014-04-29,0.0034722222222222337,163.942,105.477,18.071,0.0,0.0,0.0,0.0,131.852,0.0,0.0,0.0,0.0,0.0,0.0,1.0,7.0,419.503999948502,0.0
AS14.20,2014-04-30,0.21966037814426126,0.0,0.0,0.0,0.0,0.0,0.0,0.0,0.0,0.0,0.0,0.0,0.0,0.0,0.0,1.0,7.0,0.0,0.0
AS14.20,2014-05-01,0.07207938024212372,0.0,0.0,0.0,0.0,0.0,0.0,0.0,0.0,0.0,0.0,0.0,0.0,0.0,0.0,0.0,7.0,0.0,0.0
AS14.20,2014-05-02,0.1094717628296651,0.0,0.0,0.0,0.0,0.0,0.0,0.0,0.0,0.0,0.0,0.0,0.0,0.0,0.0,0.0,7.0,0.0,0.0
AS14.20,2014-05-03,0.006430041152263367,0.0,0.0,0.0,0.0,0.0,0.0,0.0,0.0,0.0,0.0,0.0,0.0,0.0,0.0,0.0,7.0,0.0,0.0
AS14.20,2014-05-04,0.12576017795029779,0.0,0.0,0.0,0.0,0.0,0.0,0.0,0.0,0.0,0.0,0.0,0.0,0.0,0.0,1.0,7.0,0.0,0.0
AS14.20,2014-05-05,0.16493096458489534,0.0,0.0,0.0,0.0,0.0,0.0,0.0,0.0,0.0,0.0,0.0,0.0,0.0,0.0,0.0,7.0,0.0,0.0
AS14.23,2014-03-22,0.3713608957795003,403.867,1871.42,723.923,0.0,0.0,0.0,294.722,662.43,0.0,2067.871,0.0,0.0,0.0,0.0,1.0,7.0,6747.242002010347,1.0
AS14.23,2014-03-23,0.21799615246001347,817.8249999999999,7734.949,1164.8909999999998,0.0,0.0,0.0,66.582,18183.946,0.0,274.31600000000003,21.201999999999998,0.0,1.0,-0.0,1.0,7.0,11433.262001514435,0.0
AS14.23,2014-03-24,0.3554132307808778,2085.223,3689.192,466.575,0.0,0.0,0.0,443.717,1270.961,39.085,280.964,3.016,0.0,0.0,-0.0,-0.0,6.0,8781.531001091003,0.0
AS14.23,2014-03-25,0.2749540512858405,1330.113,5329.358,3405.134,0.0,0.0,0.0,306.618,0.0,180.392,256.96299999999997,0.0,0.0,0.0,-0.0,1.0,6.0,11031.817999124525,0.0
AS14.23,2014-03-26,0.40504885492795534,700.205,4062.901,971.529,0.0,179.902,0.0,169.512,145.66899999999998,22.086,85.333,0.0,0.0,1.0,-0.0,1.0,7.0,5953.745997428895,1.0
AS14.23,2014-03-27,0.3562184343434343,839.825,1323.042,1667.0020000000002,0.0,1684.809,0.0,92.791,15.102,42.16,256.565,0.0,0.0,0.0,1.0,1.0,7.0,5133.005999326704,0.0
AS14.23,2014-03-28,0.40541208791208794,237.626,3951.259,1032.578,0.0,162.83499999999998,0.0,51.548,0.0,6.021,0.0,0.0,0.0,0.0,1.0,1.0,7.0,5532.18599820137,0.0
AS14.23,2014-03-29,0.39717587768909013,890.428,4979.5199999999995,692.3729999999999,0.0,3467.018,0.0,122.693,97.176,56.117000000000004,124.069,0.0,0.0,0.0,0.0,2.0,7.0,10590.769999980927,0.0
AS14.23,2014-03-30,0.4181943516042781,574.4,2910.908,1628.136,0.0,661.894,0.0,210.147,522.704,0.0,272.746,48.304,0.0,1.0,0.0,1.0,7.0,7674.735999107361,0.0
AS14.23,2014-03-31,0.383014657192235,1199.507,6796.303,3680.247,0.0,675.346,0.0,96.989,277.922,34.179,7.025,0.0,0.0,1.0,-0.0,2.0,8.0,12538.125998735428,0.0
AS14.23,2014-04-01,0.5112974987974988,1097.685,5003.855,716.305,0.0,126.497,141.805,35.653,201.21,359.536,407.957,35.176,0.0,0.0,0.0,2.0,8.0,7134.7849991321555,0.0
AS14.23,2014-04-02,0.4693480702055396,584.799,4949.538,1929.2069999999999,0.0,244.258,0.0,90.07,34.518,1204.962,38.474999999999994,22.09,0.0,3.0,0.0,1.0,7.0,10111.359000205995,1.0
AS14.23,2014-04-03,0.3605606998977927,1908.472,6108.44,3136.614,0.0,633.276,0.0,70.19,50.619,153.237,138.92000000000002,4.011,0.0,1.0,0.0,1.0,7.0,12914.879001140594,0.0
AS14.23,2014-04-04,0.5438427062553628,940.023,4361.291,1668.7269999999999,0.0,101.021,0.0,9.152,28.116,55.262,0.0,0.0,0.0,1.0,1.0,1.0,7.0,8437.084999561308,1.0
AS14.23,2014-04-05,0.3916318101453476,313.366,5175.9800000000005,298.165,0.0,422.99899999999997,0.0,170.357,0.0,0.0,13.523,0.0,0.0,1.0,1.0,1.0,6.0,6510.4589993953705,0.0
AS14.23,2014-04-06,0.3032808556039441,910.008,7649.169,4011.523,0.0,37.627,0.0,71.52,199.814,71.769,35.299,0.0,0.0,5.0,0.0,1.0,7.0,13405.349003076553,0.0
AS14.23,2014-04-07,0.3823082263477411,1195.893,4531.362,1883.2839999999999,0.0,0.0,0.0,51.225,258.091,667.904,135.523,0.0,0.0,2.0,-0.0,0.0,6.0,8675.013999700544,1.0
AS14.23,2014-04-08,0.23011788048552753,1037.227,3630.166,752.619,0.0,79.64099999999999,0.0,103.987,770.567,127.947,63.865,29.157,0.0,0.0,0.0,1.0,7.0,6237.608999967577,0.0
AS14.23,2014-04-09,0.381734291349676,326.126,5613.311,1175.57,0.0,115.422,0.0,99.89399999999999,89.013,0.0,0.0,0.0,0.0,0.0,-0.0,1.0,7.0,9193.630001068115,0.0
AS14.23,2014-04-10,0.28412621329988913,1192.213,4894.599,555.1619999999999,0.0,1883.85,0.0,200.458,668.626,0.0,0.0,2.006,0.0,0.0,0.0,1.0,7.0,10943.07300043106,1.0
AS14.23,2014-04-11,0.345387364023241,830.326,3517.279,0.0,0.0,724.596,0.0,147.04,24.367,403.443,72.438,0.0,0.0,4.0,0.0,1.0,7.0,6500.209999799729,0.0
AS14.23,2014-04-12,0.3283472785449071,210.005,2367.624,286.873,0.0,602.51,0.0,167.097,142.865,136.5,300.455,0.0,0.0,0.0,-0.0,1.0,8.0,4737.1599996089935,0.0
AS14.23,2014-04-13,0.36259920634920634,514.242,2315.329,1585.0720000000001,0.0,18.832,0.0,145.478,10.827,0.0,146.002,0.0,0.0,1.0,1.0,1.0,7.0,6208.580996990203,0.0
AS14.23,2014-04-14,0.2996068252948132,912.16,3949.091,17.261,0.0,3664.0060000000003,0.0,0.0,49.892,173.11399999999998,205.01399999999998,0.0,0.0,0.0,-1.0,1.0,8.0,9024.949997901918,0.0
AS14.23,2014-04-15,0.3192870679730575,955.466,3172.164,43.211,0.0,900.208,149.546,186.959,11.039,156.19,0.0,0.0,0.0,1.0,0.0,1.0,7.0,6568.6789979934665,0.0
AS14.23,2014-04-16,0.3784666077105748,739.9639999999999,3161.546,0.0,0.0,239.114,1441.959,143.656,527.694,312.53000000000003,0.0,0.0,0.0,2.0,0.0,1.0,7.0,9132.811000347137,0.0
AS14.23,2014-04-17,0.479780409353968,883.649,5173.044,238.248,0.0,356.74,1123.7069999999999,510.60900000000004,84.255,62.372,155.818,0.0,0.0,0.0,1.0,1.0,7.0,12462.838999986649,0.0
AS14.23,2014-04-18,0.38146043771043775,456.465,2390.743,294.245,0.0,0.0,737.997,170.247,164.892,6.017,79.977,166.96,0.0,2.0,0.0,1.0,8.0,6217.622001171111,0.0
AS14.23,2014-04-19,0.34415584415584416,173.949,1173.684,5.035,0.0,133.636,0.0,134.006,0.0,0.0,194.065,16.059,0.0,0.0,0.0,1.0,8.0,2376.009999752044,0.0
AS14.23,2014-04-20,0.5494297847746124,1258.218,2613.609,1253.589,0.0,50.729,0.0,340.618,598.481,0.0,42.227,7.056,0.0,1.0,0.0,1.0,8.0,6345.340001106261,0.0
AS14.23,2014-04-21,0.4115224636722278,104.449,5462.37,598.668,0.0,0.0,0.0,187.417,43.31,0.0,8.454,0.0,0.0,0.0,-0.0,1.0,7.0,7331.516999483108,0.0
AS14.23,2014-04-22,0.3946185566427017,1300.935,6022.577,684.4019999999999,0.0,0.0,1226.886,141.531,34.539,126.304,3.592,8.266,0.0,3.0,0.0,0.0,6.0,13820.636001110079,0.0
AS14.23,2014-04-23,0.2371930137596862,1203.657,2331.266,485.25399999999996,0.0,287.45,1455.598,354.46500000000003,0.0,5.013,876.893,0.0,0.0,2.0,0.0,1.0,7.0,8803.895000219345,0.0
AS14.23,2014-04-24,0.4980656877942016,491.83,5391.356,94.265,0.0,3.008,1378.192,375.986,994.5100000000001,70.298,98.24000000000001,0.0,0.0,1.0,0.0,1.0,7.0,8272.935001373293,1.0
AS14.23,2014-04-25,0.382158008243327,1244.482,4515.296,39.42,0.0,0.0,1376.243,95.531,1297.262,0.0,142.21,11.041,0.0,1.0,-0.0,1.0,8.0,11193.504001379011,0.0
AS14.23,2014-04-26,0.4048643023643024,751.506,4125.1939999999995,422.296,0.0,0.0,4.013,31.127000000000002,40.959,122.555,63.158,0.0,0.0,2.0,-0.0,1.0,8.0,5529.8110020160675,0.0
AS14.23,2014-04-27,0.3673707506660292,1330.826,7424.747,201.06400000000002,0.0,0.0,0.0,563.596,103.58500000000001,54.285,119.858,10.091,0.0,2.0,-0.0,1.0,7.0,10195.940995693203,1.0
AS14.23,2014-04-28,0.37176068118259664,1176.819,4334.901,3193.836,0.0,78.44999999999999,812.126,811.871,488.663,93.502,37.465,11.099,0.0,2.0,-0.0,1.0,8.0,15616.281999111177,2.0
AS14.23,2014-04-29,0.3735173556602128,514.479,3311.837,1033.523,0.0,0.0,0.0,114.713,314.343,0.0,0.0,0.0,0.0,2.0,-0.0,1.0,7.0,5704.184000492098,0.0
AS14.23,2014-04-30,0.44255307833213947,423.603,7254.166,679.122,0.0,0.0,0.0,19.247999999999998,741.271,0.0,14.065,0.0,0.0,2.0,-1.0,1.0,9.0,8761.516999959946,0.0
AS14.23,2014-05-01,0.3654355127589001,429.104,12091.431,2260.6820000000002,0.0,0.0,0.0,4.018,437.28999999999996,92.087,204.388,23.138,0.0,0.0,-0.0,1.0,7.0,15303.202002048494,0.0
AS14.23,2014-05-02,0.3977781266309966,610.815,4018.923,493.955,0.0,0.0,370.43100000000004,0.0,0.0,288.995,0.0,0.0,0.0,0.0,0.0,1.0,7.0,6764.263000488284,0.0
AS14.23,2014-05-03,0.5661706349206349,228.229,1992.939,29.68,0.0,0.0,0.0,0.0,127.864,0.0,0.0,0.0,0.0,0.0,0.0,1.0,7.0,2380.1100003719325,0.0
AS14.23,2014-05-04,0.217948717948718,195.125,1287.386,139.99599999999998,0.0,0.0,0.0,0.0,20.568,0.0,0.0,0.0,0.0,0.0,-0.0,1.0,7.0,2726.1770009994502,0.0
AS14.24,2014-04-14,0.03496732026143788,625.107,453.58,10.026,0.0,0.0,0.0,161.569,0.0,0.0,0.0,0.0,0.0,6.0,1.0,1.0,8.0,1140.1959996223457,1.0
AS14.24,2014-04-15,0.07773658192090395,809.808,754.539,0.0,0.0,0.0,0.0,102.027,591.85,78.393,0.0,7.1129999999999995,0.0,3.0,-1.0,1.0,8.0,2460.195999860764,1.0
AS14.24,2014-04-16,0.09886498874313249,849.887,1684.303,0.0,0.0,0.0,0.0,76.541,155.06,113.599,0.0,0.0,0.0,5.0,-0.0,0.0,7.0,3251.781000137328,3.0
AS14.24,2014-04-17,0.04380098955154527,1408.057,1197.113,0.0,0.0,0.0,0.0,59.519999999999996,701.305,0.0,0.0,6.4030000000000005,0.0,5.0,-2.0,0.0,7.0,5463.269999265672,3.0
AS14.24,2014-04-18,0.16215781245608615,1347.22,2363.775,3.0149999999999997,0.0,0.0,0.0,77.82,764.495,0.0,0.0,4.048,0.0,16.0,0.0,1.0,7.0,5426.616000175475,1.0
AS14.24,2014-04-19,0.030991562056058856,567.912,2166.138,0.0,0.0,0.0,0.0,40.620000000000005,1228.776,0.0,0.0,0.0,0.0,1.0,0.0,1.0,7.0,4175.926999330521,1.0
AS14.24,2014-04-20,0.10902777777777779,831.917,1564.4769999999999,0.0,0.0,0.0,0.0,49.857,238.994,0.0,0.0,4.086,0.0,10.0,1.0,1.0,8.0,3862.732000112534,0.0
AS14.24,2014-04-21,0.0156728927203065,394.175,1608.204,0.0,0.0,0.0,0.0,31.639,1098.115,0.0,45.823,37.239999999999995,0.0,0.0,0.0,1.0,8.0,3926.053998947146,0.0
AS14.24,2014-04-22,0.07665932952304443,931.699,1382.534,92.41900000000001,0.0,0.0,0.0,48.204,236.383,0.0,0.0,11.175,0.0,2.0,0.0,1.0,7.0,3076.0670008659367,1.0
AS14.24,2014-04-23,0.038353214849158025,465.882,435.041,0.0,0.0,0.0,0.0,45.045,246.926,0.0,0.0,4.018,0.0,3.0,-0.0,1.0,8.0,1905.5060000419626,0.0
AS14.24,2014-04-24,0.05378853649950596,1321.83,2523.728,0.0,0.0,0.0,0.0,47.369,346.60400000000004,0.0,0.0,54.44,0.0,11.0,-0.0,0.0,7.0,5446.184999704362,0.0
AS14.24,2014-04-25,0.0664568248362065,1074.7359999999999,958.739,36.173,0.0,0.0,36.117,63.941,112.449,58.276,0.0,80.459,0.0,9.0,0.0,0.0,6.0,2518.2940008640294,1.0
AS14.24,2014-04-26,0.35133683120286124,502.266,274.986,3.221,0.0,0.0,0.0,56.551,21.188,291.6,0.0,6.041,0.0,5.0,1.0,1.0,8.0,1157.1240012645724,5.0
AS14.24,2014-04-27,0.0659523518195497,211.93,1253.76,0.0,0.0,0.0,0.0,33.698,106.36699999999999,0.0,0.0,0.0,0.0,0.0,-1.0,1.0,7.0,1103.4109995365138,0.0
AS14.24,2014-04-28,0.06401814523536081,1398.693,3485.82,42.321,0.0,0.0,19.223,53.324,333.192,0.0,0.0,22.671999999999997,0.0,5.0,0.0,1.0,7.0,6149.630000352859,1.0
AS14.24,2014-04-29,0.05080621402077293,953.925,3348.3759999999997,34.18,0.0,0.0,0.0,46.131,64.28399999999999,0.0,0.0,18.317,0.0,6.0,1.0,0.0,6.0,4964.636000633241,0.0
AS14.24,2014-04-30,0.1521727653179764,2327.912,1728.674,161.998,0.0,0.0,36.37,30.546,231.163,0.0,24.283,12.356,0.0,5.0,0.0,1.0,6.0,7848.391000509262,2.0
AS14.24,2014-05-01,0.11590702540083282,1766.575,1161.251,0.0,0.0,0.0,0.0,49.323,386.353,0.0,0.0,0.0,0.0,0.0,-1.0,1.0,7.0,2980.3320000171657,0.0
AS14.24,2014-05-02,0.0742442660108813,499.91999999999996,553.344,0.0,0.0,0.0,0.0,51.376999999999995,559.8589999999999,0.0,5.015,0.0,0.0,0.0,-1.0,1.0,7.0,951.253000259399,0.0
AS14.24,2014-05-03,0.03880649717514125,934.119,1546.963,4.022,0.0,0.0,91.312,52.302,0.0,0.0,167.169,0.0,0.0,1.0,-1.0,1.0,7.0,3695.9250004291525,0.0
AS14.24,2014-05-04,0.11647554395081122,1727.0240000000001,1772.007,0.0,0.0,0.0,51.786,41.382,22.098,0.0,570.168,0.0,0.0,0.0,-0.0,1.0,8.0,4252.372000455855,0.0
AS14.24,2014-05-05,0.09047478797787512,470.455,1644.404,0.0,0.0,0.0,0.0,36.501000000000005,325.121,0.0,156.617,0.0,0.0,0.0,-1.0,0.0,6.0,2671.8260002136226,0.0
AS14.24,2014-05-06,0.16337143074539964,1223.532,1259.555,0.0,0.0,0.0,0.0,0.0,126.69800000000001,0.0,179.859,0.0,0.0,1.0,0.0,1.0,8.0,3243.6309988498692,0.0
AS14.24,2014-05-07,0.0135513811833725,794.006,1960.1209999999999,0.0,0.0,0.0,0.0,81.059,128.63,0.0,0.0,14.104,0.0,0.0,1.0,1.0,7.0,4392.107001543046,0.0
AS14.24,2014-05-08,0.09184726802498487,1097.511,1168.732,473.57899999999995,0.0,0.0,0.0,43.482,170.914,34.145,0.0,3.03,0.0,2.0,0.0,1.0,7.0,3935.6690013408675,1.0
AS14.24,2014-05-09,0.08377318187886475,511.01,2293.462,0.0,0.0,0.0,208.114,94.83,0.0,0.0,0.0,3.205,0.0,2.0,-1.0,1.0,7.0,3467.677999973296,0.0
AS14.24,2014-05-10,0.09069993851199017,1023.081,3076.142,37.429,0.0,0.0,0.0,25.384999999999998,973.348,0.0,339.493,3.085,0.0,7.0,-0.0,1.0,7.0,5787.827998638153,0.0
AS14.24,2014-05-11,0.045328177940040626,1033.989,1630.876,0.0,0.0,0.0,0.0,48.338,22.641,0.0,13.612,0.0,0.0,0.0,-1.0,1.0,7.0,2923.7169988155356,2.0
AS14.24,2014-05-12,0.09397787414372742,2094.505,4296.748,383.575,0.0,0.0,150.027,54.341,599.667,0.0,0.0,15.946,0.0,1.0,-1.0,1.0,7.0,8336.5670003891,0.0
AS14.24,2014-05-13,0.05427813780879583,1634.315,3263.034,125.265,0.0,0.0,14.125,48.437,93.593,0.0,0.0,22.11,0.0,2.0,-0.0,1.0,8.0,5407.47499895096,0.0
AS14.24,2014-05-14,0.06217174433151498,1794.182,3261.033,141.609,0.0,0.0,0.0,62.052,512.613,23.2,0.0,30.053,0.0,7.0,-1.0,-0.0,5.0,6067.9690001010895,1.0
AS14.24,2014-05-15,0.05449630453369234,1481.205,3372.211,0.0,0.0,0.0,39.219,69.465,217.191,0.0,0.0,0.0,0.0,9.0,0.0,0.0,6.0,8698.70900130272,4.0
AS14.24,2014-05-16,0.021811648278146994,716.587,1739.334,0.0,0.0,0.0,0.0,46.412,575.758,0.0,0.0,5.029,0.0,3.0,0.0,1.0,7.0,2778.952002048493,0.0
AS14.24,2014-05-17,0.03005230340723861,1145.936,3001.085,0.0,0.0,0.0,0.0,44.292,252.347,0.0,0.0,21.213,0.0,1.0,-0.0,1.0,8.0,5039.252000570299,0.0
AS14.24,2014-05-18,0.0267361111111111,1312.8509999999999,4030.859,11.896999999999998,0.0,0.0,0.0,57.466,223.059,0.0,0.0,0.0,0.0,4.0,-0.0,1.0,7.0,5945.024000883101,2.0
AS14.24,2014-05-19,0.007986111111111112,557.235,1889.453,12.04,0.0,0.0,0.0,65.623,390.25800000000004,0.0,0.0,0.0,0.0,1.0,0.0,1.0,7.0,2916.736999988555,1.0
AS14.24,2014-05-20,0.044508877931337835,879.3729999999999,1458.8229999999999,0.0,0.0,0.0,0.0,31.352999999999998,395.141,0.0,0.0,0.0,0.0,5.0,0.0,1.0,7.0,2971.6399996280675,1.0
AS14.24,2014-05-21,0.05104166666666671,927.4639999999999,1214.94,8.402000000000001,0.0,0.0,0.0,72.87100000000001,51.438,0.0,0.0,3.008,0.0,0.0,0.0,0.0,6.0,2280.1799991130824,2.0
AS14.24,2014-05-22,0.04213643790849669,876.145,2184.172,0.0,0.0,0.0,0.0,73.486,36.48500000000001,0.0,0.0,0.0,0.0,1.0,1.0,1.0,7.0,2992.2909994125357,2.0
AS14.24,2014-05-23,0.01122966950795965,857.5360000000001,855.21,95.77799999999999,0.0,0.0,0.0,50.345,659.98,0.0,34.409,0.0,0.0,1.0,-0.0,1.0,7.0,2712.225999593734,0.0
AS14.24,2014-05-24,0.011447603234842322,322.092,754.465,0.0,0.0,0.0,0.0,68.185,142.219,0.0,0.0,0.0,0.0,0.0,0.0,1.0,7.0,1551.6969993114476,0.0
AS14.24,2014-05-25,0.04596280602636538,875.307,875.823,0.0,0.0,0.0,0.0,48.402,19.062,0.0,0.0,0.0,0.0,3.0,0.0,1.0,7.0,1978.2210001945502,0.0
AS14.24,2014-05-26,0.002735433604336042,565.573,1536.6299999999999,0.0,0.0,0.0,0.0,61.729,137.684,0.0,0.0,0.0,0.0,1.0,1.0,1.0,7.0,2361.5380012989044,1.0
AS14.24,2014-05-27,0.06439944767151783,993.484,1462.263,0.0,0.0,0.0,0.0,55.154,200.744,0.0,0.0,0.0,0.0,3.0,0.0,1.0,6.0,2598.7550008296967,1.0
AS14.24,2014-05-28,0.09822330765912597,1562.578,1296.569,0.0,0.0,0.0,0.0,66.32,126.869,544.488,0.0,0.0,0.0,8.0,0.0,0.0,7.0,3683.1780006885538,4.0
AS14.24,2014-05-29,0.01857181693744216,781.46,2922.165,0.0,0.0,0.0,0.0,50.695,197.067,0.0,0.0,0.0,0.0,0.0,-0.0,1.0,7.0,4196.082999229432,0.0
AS14.24,2014-05-30,0.03568424788578981,807.116,3347.069,0.0,0.0,0.0,0.0,45.191,252.197,0.0,0.0,5.039,0.0,12.0,0.0,1.0,7.0,5724.525001287459,0.0
AS14.24,2014-05-31,0.21251956201963162,885.544,624.496,0.0,0.0,0.0,0.0,7.019,0.0,0.0,0.0,0.0,0.0,0.0,1.0,1.0,7.0,1705.0779998302467,0.0
AS14.24,2014-06-01,0.047362751785379936,1414.723,1868.335,0.0,0.0,0.0,0.0,81.069,759.968,0.0,0.0,0.0,0.0,5.0,-1.0,1.0,7.0,4094.1479988098135,0.0
AS14.24,2014-06-02,0.03904773900723554,769.251,2014.76,212.04999999999998,0.0,0.0,0.0,22.127,795.8689999999999,0.0,0.0,33.173,0.0,1.0,0.0,1.0,7.0,4468.588999986648,0.0
AS14.24,2014-06-03,0.0914769431418569,1578.712,3449.9210000000003,0.0,0.0,0.0,0.0,38.605,74.565,0.0,0.0,12.681000000000001,0.0,1.0,0.0,1.0,8.0,4893.048999786376,9.0
AS14.24,2014-06-04,0.046384854695459055,704.66,4459.023,0.0,0.0,0.0,0.0,38.774,68.938,0.0,0.0,0.0,0.0,1.0,0.0,1.0,7.0,5223.861999511719,1.0
AS14.24,2014-06-05,0.15234272166247978,1047.21,958.821,0.0,0.0,0.0,0.0,47.36,171.964,225.73700000000002,0.0,0.0,0.0,11.0,0.0,1.0,7.0,2371.5889992713933,0.0
AS14.24,2014-06-06,0.1894759745721429,945.314,1710.924,0.0,0.0,0.0,0.0,36.414,0.0,0.0,0.0,2.072,0.0,16.0,0.0,1.0,8.0,2733.3319997787476,0.0
AS14.24,2014-06-07,0.08189323794216778,598.415,735.965,0.0,0.0,0.0,0.0,6.214,106.85,0.0,0.0,0.0,0.0,0.0,-1.0,1.0,8.0,2225.4229993820195,2.0
AS14.24,2014-06-08,0.07951018024032033,351.389,375.515,0.0,0.0,0.0,0.0,18.069000000000003,190.76,0.0,0.0,0.0,0.0,0.0,-2.0,1.0,6.0,1131.197999477387,0.0
AS14.24,2014-06-09,0.25,0.0,0.0,0.0,0.0,0.0,0.0,0.0,0.0,0.0,0.0,0.0,0.0,0.0,0.0,1.0,7.0,0.0,0.0
AS14.25,2014-04-08,0.18148926237161533,989.812,5050.513,0.0,0.0,162.551,348.156,223.067,345.999,68.551,0.0,0.0,13.176,6.0,0.0,1.0,8.0,8058.661999702451,2.0
AS14.25,2014-04-09,0.10126488095238097,1295.94,3686.9539999999997,1061.494,0.0,530.014,124.362,370.1,2130.77,131.47,0.0,4.123,51.726,9.0,0.0,0.0,7.0,9829.376000642776,2.0
AS14.25,2014-04-10,0.14313397233893554,1459.23,1919.406,23.124000000000002,0.0,34.28,74.541,316.397,1352.86,94.007,0.0,0.0,21.103,0.0,0.0,0.0,6.0,5579.950999259949,1.0
AS14.25,2014-04-11,0.15529914529914535,1460.986,2590.276,0.0,0.0,40.733,1.025,68.435,1633.2720000000002,0.0,0.0,0.0,0.0,3.0,-0.0,0.0,8.0,3426.4760005474095,7.0
AS14.25,2014-04-12,0.04455739111590672,768.449,270.11,0.0,0.0,0.0,20.134999999999998,82.652,0.0,0.0,0.0,0.0,0.0,3.0,-0.0,1.0,7.0,1214.8420004844672,1.0
AS14.25,2014-04-13,0.038610440461819405,421.755,1810.615,0.0,0.0,275.75800000000004,54.747,89.64099999999999,646.166,0.0,0.0,0.0,53.660000000000004,4.0,-0.0,0.0,7.0,3431.579000234604,0.0
AS14.25,2014-04-14,0.09109605531851885,1398.555,4934.789,0.0,0.0,0.0,0.0,132.742,888.2510000000001,0.0,0.0,0.0,7.031,8.0,1.0,0.0,6.0,7802.634999036788,0.0
AS14.25,2014-04-15,0.08074791762574517,1022.228,2643.3450000000003,0.0,0.0,0.0,0.0,215.806,248.51,86.227,0.0,0.0,33.173,2.0,-0.0,0.0,6.0,4465.848001956941,1.0
AS14.25,2014-04-16,0.10531602561905302,1166.368,5329.13,60.439,0.0,0.0,164.333,283.215,518.9999999999999,22.274,0.0,0.0,5.033,6.0,0.0,1.0,7.0,7550.633999586106,3.0
AS14.25,2014-04-17,0.12178447758220234,1823.051,7171.533,0.0,0.0,0.0,404.332,119.726,3900.424,185.435,0.0,0.0,0.0,3.0,0.0,0.0,6.0,12594.02900147438,0.0
AS14.25,2014-04-18,0.07372682037592554,2734.937,6032.475,0.0,0.0,10.035,0.0,228.335,606.1959999999999,157.3,0.0,0.0,0.0,4.0,-0.0,0.0,6.0,8248.024998664858,14.0
AS14.25,2014-04-19,0.15611230462327638,627.551,2761.934,0.0,0.0,142.374,25.150000000000002,315.415,276.983,0.0,0.0,0.0,0.0,6.0,-1.0,0.0,8.0,3395.998001337051,0.0
AS14.25,2014-04-20,0.027631578947368413,1529.827,3574.905,0.0,0.0,62.141,0.0,126.14,244.9,37.179,0.0,0.0,52.599000000000004,3.0,0.0,0.0,7.0,6041.11500096321,0.0
AS14.25,2014-04-21,0.09062499999999996,1628.984,3506.883,0.0,0.0,327.173,0.0,190.284,1775.4859999999999,710.234,0.0,0.0,51.555,6.0,-0.0,1.0,7.0,8028.135999917983,10.0
AS14.25,2014-04-22,0.12770165179024573,1116.537,3677.724,0.0,0.0,18.07,90.801,227.819,277.755,45.257,0.0,0.0,0.0,9.0,0.0,1.0,8.0,3559.25800013542,0.0
AS14.25,2014-04-23,0.07593836088154272,1844.472,4852.758,0.0,0.0,0.0,62.699,141.418,1772.123,0.0,0.0,0.0,9.127,4.0,-0.0,0.0,6.0,7700.5529992580405,4.0
AS14.25,2014-04-24,0.08576388888888888,1526.567,6858.983,0.0,0.0,125.65400000000001,0.0,122.705,664.874,629.148,0.0,0.0,41.297,7.0,-1.0,0.0,6.0,9902.590000629423,0.0
AS14.25,2014-04-25,0.05520833333333333,1280.389,2654.433,0.0,0.0,1137.587,2.012,96.91,86.349,0.0,0.0,0.0,89.212,2.0,-0.0,-0.0,6.0,4141.498999595639,0.0
AS14.25,2014-04-26,0.17103565997282577,934.653,3492.348,0.0,0.0,0.0,0.0,64.717,845.317,0.0,0.0,0.0,0.0,6.0,0.0,1.0,7.0,5696.038000106809,0.0
AS14.25,2014-04-27,0.02219573355936992,496.572,2359.354,0.0,187.268,244.609,10.158999999999999,103.794,0.0,0.0,50.439,0.0,0.0,1.0,-0.0,1.0,7.0,3357.7690005302425,0.0
AS14.25,2014-04-28,0.12131769374416436,2163.988,8192.078,312.591,0.0,550.979,2.007,473.038,4.081,45.408,0.0,0.0,27.178,12.0,0.0,0.0,7.0,12326.326998710632,4.0
AS14.25,2014-04-29,0.0829631542699724,1734.986,6287.475,62.467,0.0,436.24800000000005,0.0,289.267,625.513,14.916,0.0,0.0,17.795,10.0,-1.0,-1.0,6.0,8521.459999561308,10.0
AS14.25,2014-04-30,0.10852951516948042,1674.844,7636.274,283.013,0.0,0.0,0.0,250.056,0.0,143.37,0.0,0.0,5.067,5.0,1.0,-0.0,6.0,9679.187998771667,2.0
AS14.25,2014-05-01,0.08712270720960565,1710.109,6330.631,0.0,0.0,0.0,178.414,248.159,307.781,208.06900000000002,0.0,0.0,15.079,20.0,-1.0,0.0,7.0,10016.81299877167,0.0
AS14.25,2014-05-02,0.13760964912280704,1179.199,4310.322,0.0,0.0,171.17,9.071,163.99099999999999,263.197,388.27299999999997,0.0,0.0,0.0,11.0,-1.0,0.0,6.0,6310.169000387191,2.0
AS14.25,2014-05-03,0.05925925925925923,553.596,3203.346,338.399,31.148,78.087,0.0,115.803,410.04100000000005,0.0,0.0,0.0,0.0,3.0,-0.0,0.0,6.0,4457.52699971199,0.0
AS14.25,2014-05-04,0.10376953970214159,1206.326,3203.425,1933.899,0.0,978.279,0.0,266.05,0.0,1343.817,0.0,0.0,41.287,3.0,1.0,1.0,7.0,8047.489998102188,1.0
AS14.25,2014-05-05,0.07168479421153216,962.822,4644.8820000000005,0.0,0.0,197.199,276.685,36.412,141.978,0.0,0.0,0.0,16.079,9.0,-1.0,0.0,7.0,5844.44000029564,0.0
AS14.25,2014-05-06,0.08124713039485765,1489.333,5283.309,1379.271,0.0,829.67,101.564,517.403,161.93099999999998,113.982,1871.667,0.0,52.233999999999995,0.0,-0.0,1.0,7.0,9746.77800011635,0.0
AS14.25,2014-05-07,0.07011424986542544,1179.974,4595.316,248.368,40.457,1922.3690000000001,7.066,228.986,0.0,0.0,0.0,0.0,6.024,0.0,-0.0,0.0,7.0,6978.55699944496,1.0
AS14.25,2014-05-08,0.05208333333333331,511.75,547.045,174.541,0.0,376.45399999999995,0.0,126.869,518.437,103.71300000000001,0.0,0.0,13.111,0.0,0.0,0.0,7.0,2924.5859992504124,0.0
AS14.26,2014-03-23,0.1257493216111502,0.0,0.0,0.0,0.0,0.0,0.0,0.0,0.0,0.0,0.0,0.0,0.0,0.0,0.0,1.0,8.0,0.0,3.0
AS14.26,2014-03-24,0.08845968216825831,0.0,0.0,0.0,0.0,0.0,0.0,0.0,0.0,0.0,0.0,0.0,0.0,2.0,-0.0,0.0,7.0,0.0,2.0
AS14.26,2014-03-25,0.18071167980213254,0.0,0.0,0.0,0.0,0.0,0.0,0.0,0.0,0.0,0.0,0.0,0.0,0.0,-0.0,0.0,7.0,0.0,0.0
AS14.26,2014-03-26,0.06319174906391611,0.0,0.0,0.0,0.0,0.0,0.0,0.0,0.0,0.0,0.0,0.0,0.0,2.0,1.0,0.0,6.0,0.0,0.0
AS14.26,2014-03-27,0.03373922961497911,0.0,0.0,0.0,0.0,0.0,0.0,0.0,0.0,0.0,0.0,0.0,0.0,0.0,-0.0,0.0,6.0,0.0,0.0
AS14.26,2014-03-28,0.06820281010186964,0.0,0.0,0.0,0.0,0.0,0.0,0.0,0.0,0.0,0.0,0.0,0.0,4.0,0.0,1.0,8.0,0.0,0.0
AS14.26,2014-03-29,0.1019901905399746,0.0,0.0,0.0,0.0,0.0,0.0,0.0,0.0,0.0,0.0,0.0,0.0,1.0,-0.0,1.0,8.0,0.0,0.0
AS14.26,2014-03-30,0.11076388888888888,0.0,0.0,0.0,0.0,0.0,0.0,0.0,0.0,0.0,0.0,0.0,0.0,0.0,0.0,0.0,7.0,0.0,0.0
AS14.26,2014-03-31,0.05527647734460482,0.0,0.0,0.0,0.0,0.0,0.0,0.0,0.0,0.0,0.0,0.0,0.0,0.0,1.0,0.0,7.0,0.0,0.0
AS14.26,2014-04-01,0.1578604168630076,0.0,0.0,0.0,0.0,0.0,0.0,0.0,0.0,0.0,0.0,0.0,0.0,4.0,0.0,-0.0,7.0,0.0,2.0
AS14.26,2014-04-02,0.0,0.0,0.0,0.0,0.0,0.0,0.0,0.0,0.0,0.0,0.0,0.0,0.0,0.0,0.0,0.0,6.0,0.0,2.0
AS14.26,2014-04-03,0.01122966950795965,0.0,0.0,0.0,0.0,0.0,0.0,0.0,0.0,0.0,0.0,0.0,0.0,0.0,-0.0,1.0,7.0,0.0,0.0
AS14.26,2014-04-04,0.033333333333333305,0.0,0.0,0.0,0.0,0.0,0.0,0.0,0.0,0.0,0.0,0.0,0.0,1.0,1.0,0.0,7.0,0.0,0.0
AS14.26,2014-04-05,0.1844356146409647,0.0,0.0,0.0,0.0,0.0,0.0,0.0,0.0,0.0,0.0,0.0,0.0,4.0,1.0,1.0,8.0,0.0,2.0
AS14.26,2014-04-06,0.02912213952770492,0.0,0.0,0.0,0.0,0.0,0.0,0.0,0.0,0.0,0.0,0.0,0.0,0.0,0.0,0.0,7.0,0.0,0.0
AS14.26,2014-04-07,0.0851247591771316,0.0,0.0,0.0,0.0,0.0,0.0,0.0,0.0,0.0,0.0,0.0,0.0,0.0,0.0,0.0,7.0,0.0,3.0
AS14.26,2014-04-08,0.0,0.0,0.0,0.0,0.0,0.0,0.0,0.0,0.0,0.0,0.0,0.0,0.0,0.0,0.0,0.0,6.0,0.0,0.0
AS14.26,2014-04-09,0.0,0.0,0.0,0.0,0.0,0.0,0.0,0.0,0.0,0.0,0.0,0.0,0.0,0.0,0.0,0.0,6.0,0.0,0.0
AS14.26,2014-04-10,0.18071167980213254,0.0,0.0,0.0,0.0,0.0,0.0,0.0,0.0,0.0,0.0,0.0,0.0,0.0,-0.0,0.0,7.0,0.0,0.0
AS14.26,2014-04-11,0.11842009190371489,0.0,0.0,0.0,0.0,0.0,0.0,0.0,0.0,0.0,0.0,0.0,0.0,9.0,1.0,0.0,7.0,0.0,1.0
AS14.26,2014-04-12,0.026138437947820243,0.0,0.0,0.0,0.0,0.0,0.0,0.0,0.0,0.0,0.0,0.0,0.0,0.0,1.0,1.0,8.0,0.0,0.0
AS14.26,2014-04-13,0.06821617232883435,627.954,734.802,189.519,0.0,0.0,0.0,91.954,2441.114,0.0,0.0,0.0,3.024,0.0,-0.0,0.0,7.0,4310.297000408172,0.0
AS14.26,2014-04-14,0.0650244499509205,1143.794,1084.797,174.296,0.0,0.0,0.0,46.363,2077.436,0.0,0.0,0.0,50.385,2.0,0.0,0.0,7.0,4239.046999931335,0.0
AS14.26,2014-04-15,0.10020306145056895,2407.292,612.097,0.0,0.0,0.0,132.97899999999998,57.402,3359.946,0.0,0.0,0.0,0.0,0.0,0.0,0.0,7.0,5300.873998880385,4.0
AS14.26,2014-04-16,0.08589519140989736,501.784,447.612,0.0,0.0,0.0,0.0,65.404,1461.193,0.0,149.882,0.0,0.0,1.0,0.0,0.0,7.0,1438.7360007762911,1.0
AS14.26,2014-04-17,0.08151591851429837,1053.61,2294.596,0.0,0.0,0.0,0.0,42.265,2635.341,107.875,0.0,0.0,0.0,0.0,0.0,-0.0,6.0,5101.230000495911,0.0
AS14.26,2014-04-18,0.07688394772517218,1078.233,3182.322,0.0,0.0,0.0,0.0,53.724,4658.789,0.0,0.0,0.0,0.0,0.0,1.0,1.0,7.0,6305.932000637055,7.0
AS14.26,2014-04-19,0.2157844764147623,565.3389999999999,1058.353,0.0,0.0,0.0,0.0,42.46,944.664,0.0,0.0,0.0,0.0,0.0,1.0,1.0,8.0,2117.2870008945465,0.0
AS14.26,2014-04-20,0.032867156570258786,367.238,871.69,64.279,0.0,0.0,0.0,63.454,2694.589,0.0,0.0,23.082,0.0,0.0,1.0,1.0,8.0,2295.7469997406015,0.0
AS14.26,2014-04-21,0.0939812012375572,688.78,2112.142,190.543,0.0,0.0,0.0,42.427,3029.23,0.0,0.0,22.112,0.0,0.0,-0.0,0.0,6.0,5169.003000736236,0.0
AS14.26,2014-04-22,0.10722584231432682,2536.893,2633.366,0.0,0.0,0.0,0.0,46.251,2340.111,0.0,2.009,0.0,6.219,0.0,0.0,1.0,7.0,7584.154001951219,0.0
AS14.26,2014-04-23,0.0960912896231939,1518.024,1454.579,11.107,0.0,0.0,0.0,61.819,2667.992,0.0,0.0,0.0,12.223,1.0,0.0,0.0,6.0,3960.6690006256104,1.0
AS14.26,2014-04-24,0.07687226020351642,1114.93,2562.091,66.465,0.0,0.0,0.0,39.663,1682.237,0.0,306.755,0.0,37.258,2.0,0.0,-0.0,6.0,4396.713000774383,0.0
AS14.26,2014-04-25,0.11031263954857312,1337.488,3569.38,44.366,0.0,0.0,0.0,53.707,2696.816,137.239,0.0,0.0,103.807,1.0,0.0,0.0,7.0,8473.402000904081,0.0
AS14.26,2014-04-26,0.28412269751531427,809.097,2450.58,55.83,0.0,0.0,0.0,33.732,917.873,118.686,0.0,0.0,0.0,3.0,1.0,1.0,8.0,3978.12099981308,0.0
AS14.26,2014-04-27,0.07877714894532083,681.359,534.269,77.526,0.0,0.0,0.0,57.582,206.932,97.476,0.0,0.0,25.162,4.0,1.0,1.0,8.0,2349.394000530243,2.0
AS14.26,2014-04-28,0.1600140056022409,670.424,2553.024,241.69500000000002,0.0,0.0,0.0,42.468,2122.478,0.0,0.0,26.402,0.0,4.0,1.0,1.0,8.0,5659.507998466491,0.0
AS14.26,2014-04-29,0.09745980313029162,1143.033,1083.054,0.0,0.0,0.0,0.0,58.754,2277.5350000000003,0.0,0.0,0.0,59.313,0.0,1.0,0.0,7.0,4524.966001987458,0.0
AS14.26,2014-04-30,0.0840277777777778,1067.834,4156.633,37.577,0.0,0.0,0.0,45.78,2243.536,0.0,0.0,0.0,0.0,0.0,-0.0,0.0,6.0,7556.27299928665,0.0
AS14.26,2014-05-01,0.11682422969187674,2602.338,1135.013,0.0,0.0,0.0,0.0,35.331,1767.848,0.0,0.0,0.0,0.0,5.0,0.0,0.0,7.0,5536.597999811174,0.0
AS14.26,2014-05-02,0.14302874533992213,731.741,961.84,306.82,0.0,0.0,0.0,50.54,2182.296,72.414,424.117,0.0,12.076,0.0,0.0,1.0,7.0,4743.369001150132,0.0
AS14.26,2014-05-03,0.04645748206553563,610.446,1089.118,50.564,0.0,0.0,0.0,45.589,2809.381,0.0,0.0,0.0,0.0,3.0,0.0,1.0,8.0,2017.3790013790135,0.0
AS14.26,2014-05-04,0.017517786099947207,418.308,382.45799999999997,77.555,0.0,0.0,0.0,56.358999999999995,2029.153,0.0,0.0,0.0,0.0,0.0,-0.0,0.0,7.0,1532.606999635696,0.0
AS14.26,2014-05-05,0.0992824107043948,884.458,551.786,49.334,0.0,0.0,0.0,30.448999999999998,2500.63,0.0,0.0,0.0,0.0,0.0,0.0,0.0,6.0,4018.6030004024515,3.0
AS14.26,2014-05-06,0.05014124293785314,890.806,475.491,137.375,0.0,0.0,0.0,0.0,2674.403,0.0,114.715,0.0,0.0,1.0,0.0,1.0,7.0,3578.349000692367,1.0
AS14.26,2014-05-07,0.09131503050995511,667.753,453.733,0.0,0.0,0.0,0.0,31.337,1409.0810000000001,0.0,3.16,0.0,0.0,2.0,0.0,0.0,7.0,2567.5279998779292,0.0
AS14.26,2014-05-08,0.10563206214689264,2722.068,2487.484,1168.661,0.0,0.0,0.0,35.558,1607.703,0.0,990.928,0.0,77.722,0.0,-0.0,0.0,7.0,7215.711999416352,0.0
AS14.26,2014-05-09,0.11315028129896026,1358.088,2662.147,439.691,0.0,0.0,0.0,64.459,1823.096,0.0,97.568,30.225,26.515,0.0,0.0,1.0,7.0,6063.571999073028,0.0
AS14.26,2014-05-10,0.07102007469654532,1004.225,1520.016,0.0,0.0,0.0,0.0,55.179,2363.509,0.0,0.0,0.0,77.206,7.0,1.0,1.0,8.0,3698.2709999084473,1.0
AS14.26,2014-05-11,0.07330473856209153,1253.643,2786.466,9.052,0.0,0.0,0.0,43.603,1261.893,70.547,0.0,0.0,20.033,5.0,0.0,0.0,6.0,5422.554000616074,1.0
AS14.26,2014-05-12,0.015353740366202982,1071.999,2996.327,326.99399999999997,0.0,0.0,0.0,31.537,2216.254,0.0,122.736,24.091,0.0,0.0,0.0,0.0,6.0,7341.041000604627,0.0
AS14.26,2014-05-13,0.12987183524450582,2814.344,2319.525,41.431,0.0,0.0,0.0,33.696,2278.385,0.0,2.008,0.0,0.0,0.0,0.0,1.0,7.0,7440.084000349044,0.0
AS14.26,2014-05-14,0.09249834820934023,739.141,2376.884,40.643,0.0,0.0,0.0,33.237,1155.347,0.0,0.0,0.0,0.0,1.0,0.0,0.0,6.0,4245.055999755859,2.0
AS14.26,2014-05-15,0.14130829682300272,1462.9,4368.034,124.08599999999998,0.0,0.0,0.0,29.367,2429.007,70.374,0.0,24.071,0.0,0.0,0.0,0.0,6.0,5751.225000381468,0.0
AS14.26,2014-05-16,0.10708657905748699,1704.135,3958.553,95.791,0.0,0.0,0.0,39.31,1986.8059999999998,0.0,0.0,24.199,0.0,2.0,1.0,1.0,7.0,8131.775000333786,0.0
AS14.26,2014-05-17,0.1334267040149393,622.256,1690.919,271.807,0.0,0.0,0.0,39.566,976.1220000000001,54.498,0.0,0.0,0.0,3.0,0.0,0.0,7.0,3574.002001047135,0.0
AS14.26,2014-05-18,0.09436712184873945,818.71,1995.656,143.463,0.0,0.0,0.0,44.458999999999996,2123.958,0.0,878.506,26.175,0.0,2.0,0.0,1.0,7.0,4413.692999362946,0.0
AS14.26,2014-05-19,0.07498041589517161,665.474,1663.259,117.722,0.0,0.0,0.0,46.23,2425.805,0.0,0.0,0.0,0.0,2.0,-0.0,1.0,7.0,3007.007000207901,0.0
AS14.26,2014-05-20,0.11844070961718021,1431.741,2015.69,154.932,0.0,0.0,0.0,40.161,3300.012,106.591,103.92699999999999,0.0,0.0,0.0,-0.0,1.0,8.0,5305.792001008987,0.0
AS14.26,2014-05-21,0.12877008854389213,680.454,1597.778,74.708,0.0,0.0,0.0,41.678,1774.084,0.0,0.0,0.0,8.031,5.0,0.0,1.0,7.0,4179.688000440596,0.0
AS14.26,2014-05-22,0.14347572362278238,2613.1259999999997,2025.722,92.818,0.0,0.0,0.0,30.514,2650.2129999999997,0.0,0.0,24.179,8.066,1.0,-0.0,0.0,7.0,5846.437998533249,0.0
AS14.26,2014-05-23,0.10403460297162344,1213.986,2416.018,0.0,0.0,0.0,0.0,36.383,1301.814,54.423,0.0,0.0,0.0,2.0,0.0,0.0,6.0,5323.31600022316,0.0
AS14.26,2014-05-24,0.1388106830809972,1495.984,2767.088,181.459,0.0,0.0,0.0,34.586,2794.368,162.437,0.0,23.201,0.0,2.0,-0.0,1.0,8.0,6971.8200006484985,0.0
AS14.26,2014-05-25,0.129498162259254,1245.712,2490.478,202.232,0.0,0.0,0.0,39.42400000000001,2637.263,72.582,0.0,0.0,0.0,1.0,-0.0,1.0,8.0,5213.891998767853,0.0
AS14.26,2014-05-26,0.05465389326822173,1378.917,2083.561,294.056,0.0,0.0,0.0,55.459,2377.987,0.0,0.0,0.0,98.80799999999999,2.0,0.0,1.0,7.0,6073.951999187471,0.0
AS14.26,2014-05-27,0.027135701676887915,706.998,2141.482,246.942,0.0,0.0,0.0,33.33,3955.803,0.0,51.333,27.128,131.164,0.0,0.0,-0.0,6.0,6049.486000299455,0.0
AS14.26,2014-05-28,0.07929917398730787,1169.906,2521.314,506.633,0.0,0.0,0.0,59.297000000000004,3208.087,136.843,0.0,0.0,184.321,1.0,1.0,-0.0,5.0,4200.933001041414,0.0
AS14.26,2014-05-29,0.0285714285714286,21.747,150.448,0.0,0.0,0.0,0.0,7.0489999999999995,0.0,0.0,0.0,0.0,0.0,0.0,0.0,1.0,7.0,194.84099984169004,0.0
AS14.26,2014-05-30,0.09168987067402536,0.0,0.0,0.0,0.0,0.0,0.0,0.0,0.0,0.0,0.0,0.0,0.0,0.0,-0.0,0.0,6.0,0.0,0.0
AS14.27,2014-04-02,0.153125,123.87599999999999,91.233,0.0,0.0,0.0,0.0,18.264,128.539,0.0,0.0,0.0,0.0,6.0,0.0,1.0,6.0,292.63900041580246,4.0
AS14.27,2014-04-03,0.07881944444444444,769.308,921.003,0.0,0.0,333.024,0.0,160.24,1084.116,0.0,0.0,0.0,0.0,1.0,-0.0,1.0,7.0,3268.6729996204385,1.0
AS14.27,2014-04-04,0.13924288801542117,944.38,732.123,0.0,0.0,421.726,0.0,120.408,828.336,106.467,0.0,0.0,0.0,3.0,1.0,0.0,7.0,2669.06700015068,5.0
AS14.27,2014-04-05,0.05138888888888888,914.632,2324.972,0.0,0.0,208.369,0.0,77.463,2323.352,0.0,0.0,19.125,0.0,1.0,-0.0,1.0,7.0,5887.944997787476,1.0
AS14.27,2014-04-06,0.08090277777777777,585.261,2075.192,0.0,0.0,136.404,48.857000000000006,63.426,1004.3000000000001,116.07000000000001,0.0,0.0,25.474,3.0,-1.0,0.0,7.0,4060.829999446868,2.0
AS14.27,2014-04-07,0.08437499999999999,690.937,1584.02,0.0,0.0,121.22999999999999,0.0,69.964,656.9970000000001,58.36,0.0,0.0,0.0,0.0,1.0,1.0,8.0,3150.1459987163566,0.0
AS14.27,2014-04-08,0.0711805555555556,489.249,1193.049,0.0,0.0,255.91199999999998,0.0,157.368,756.178,180.676,0.0,0.0,0.0,0.0,-1.0,1.0,8.0,2996.426999568939,0.0
AS14.27,2014-04-09,0.11215277777777777,773.605,2828.066,0.0,0.0,96.43100000000001,0.0,254.451,921.989,187.411,0.0,0.0,0.0,0.0,0.0,1.0,7.0,5062.947000741961,0.0
AS14.27,2014-04-10,0.12499999999999999,790.875,1929.759,0.0,0.0,219.773,0.0,73.634,770.102,120.381,0.0,1.004,0.0,0.0,-0.0,0.0,7.0,3914.550999641418,4.0
AS14.27,2014-04-11,0.08576388888888892,683.657,712.525,0.0,0.0,114.861,0.0,46.373999999999995,1186.72,0.0,0.0,0.0,0.0,1.0,0.0,-1.0,6.0,2744.952001094818,0.0
AS14.27,2014-04-12,0.07713122605363985,652.4,1614.301,0.0,0.0,148.916,0.0,47.09,1255.9969999999998,0.0,0.0,0.0,0.0,3.0,0.0,0.0,7.0,3724.4410006999988,1.0
AS14.27,2014-04-13,0.13717672413793106,635.203,751.391,0.0,0.0,30.042,0.0,74.851,762.4780000000001,0.0,0.0,0.0,0.0,2.0,0.0,2.0,9.0,2255.3990004062657,1.0
AS14.27,2014-04-14,0.08090277777777778,472.518,497.53700000000003,0.0,0.0,69.95100000000001,0.0,63.226,39.278,0.0,0.0,0.0,29.347,0.0,-1.0,1.0,8.0,1172.436998605728,0.0
AS14.27,2014-04-15,0.09026916896235078,746.26,2107.479,0.0,0.0,141.707,0.0,87.431,423.988,294.21500000000003,0.0,0.0,0.0,0.0,-1.0,1.0,7.0,4384.615999937057,0.0
AS14.27,2014-04-16,0.11818102240896362,927.055,2641.498,0.0,0.0,113.07600000000001,0.0,102.046,849.533,765.847,0.0,0.0,0.0,0.0,-1.0,1.0,8.0,6687.849000930786,0.0
AS14.27,2014-04-17,0.10105333800186744,815.838,1326.581,0.0,0.0,112.246,0.0,107.089,947.82,851.9889999999999,0.0,0.0,0.0,2.0,0.0,1.0,8.0,5559.077999114988,0.0
AS14.27,2014-04-18,0.11597222222222221,765.035,1006.0500000000001,0.0,0.0,36.261,0.0,54.524,558.164,207.49699999999999,0.0,0.0,0.0,6.0,0.0,1.0,9.0,2629.149000167847,0.0
AS14.27,2014-04-19,0.054989495798319334,502.782,1423.691,0.0,0.0,275.675,0.0,82.523,1525.018,0.0,0.0,0.0,0.0,0.0,-0.0,0.0,8.0,3839.7219984531407,0.0
AS14.27,2014-04-20,0.18090277777777777,1370.735,2502.717,0.0,0.0,209.75,0.0,73.832,1123.832,0.0,0.0,0.0,0.0,3.0,-0.0,1.0,7.0,5281.929001092911,0.0
AS14.27,2014-04-21,0.07812500000000007,617.795,1638.866,0.0,0.0,104.593,0.0,56.626,844.478,201.699,0.0,0.0,96.973,1.0,0.0,0.0,7.0,3559.2100002765646,1.0
AS14.27,2014-04-22,0.09700046685340802,842.157,1461.4379999999999,0.0,0.0,425.105,0.0,63.214999999999996,749.844,167.894,0.0,0.0,0.0,6.0,-1.0,1.0,8.0,3684.85200047493,5.0
AS14.27,2014-04-23,0.07138142791551878,475.262,1228.441,0.0,0.0,269.13599999999997,0.0,63.318,811.373,80.125,0.0,0.0,0.0,1.0,0.0,1.0,8.0,2928.1900000572195,0.0
AS14.27,2014-04-24,0.08724323062558355,1030.233,1758.474,0.0,0.0,120.096,0.0,85.748,642.196,324.272,0.0,0.0,0.0,6.0,1.0,1.0,8.0,3963.4879989624023,0.0
AS14.27,2014-04-25,0.13997140522875814,910.263,1550.715,0.0,0.0,165.071,0.0,431.274,583.658,0.0,0.0,1.003,30.761,4.0,1.0,1.0,8.0,3673.9709997177124,0.0
AS14.27,2014-04-26,0.36180555555555555,1846.291,1612.08,0.0,0.0,0.0,0.0,255.20700000000002,481.265,683.807,0.0,0.0,60.370999999999995,18.0,1.0,2.0,9.0,5011.954000234605,0.0
AS14.27,2014-04-27,0.12519226354453625,999.181,3185.501,0.0,0.0,42.379000000000005,0.0,64.399,2416.77,79.704,0.0,0.0,0.0,5.0,0.0,1.0,8.0,7318.191000938415,0.0
AS14.27,2014-04-28,0.13159722222222217,820.0120000000001,1259.674,0.0,0.0,117.50399999999999,0.0,220.17399999999998,1771.357,761.652,0.0,0.0,0.0,4.0,0.0,1.0,8.0,4951.211998462678,0.0
AS14.27,2014-04-29,0.08749999999999998,819.055,940.728,0.0,0.0,177.047,0.0,100.953,1748.3429999999998,0.0,0.0,0.0,0.0,3.0,-1.0,0.0,7.0,3786.9740011692056,0.0
AS14.27,2014-04-30,0.0889128352490421,1224.723,3075.323,251.452,0.0,157.31900000000002,0.0,72.77,2420.881,0.0,0.0,0.0,0.0,1.0,1.0,0.0,7.0,7174.952001094818,0.0
AS14.27,2014-05-01,0.11239224137931031,927.537,2234.236,162.572,0.0,385.637,0.0,53.544,743.749,313.704,0.0,0.0,0.0,1.0,0.0,1.0,8.0,4822.044000625611,0.0
AS14.27,2014-05-02,0.11944444444444446,817.761,1838.68,0.0,0.0,256.453,0.0,91.004,534.575,0.0,0.0,0.0,0.0,1.0,-1.0,1.0,7.0,3539.5789985656747,0.0
AS14.27,2014-05-03,0.090625,812.469,2945.604,0.0,0.0,0.0,0.0,51.278999999999996,484.907,213.976,0.0,0.0,0.0,2.0,1.0,0.0,6.0,4976.420998811722,0.0
AS14.27,2014-05-04,0.08654003267973859,822.623,2716.763,0.0,0.0,52.266,0.0,71.264,2222.516,0.0,0.0,0.0,0.0,0.0,-0.0,1.0,7.0,5895.115000009537,0.0
AS14.27,2014-05-05,0.16432475726422502,1198.206,2571.92,0.0,0.0,134.515,0.0,29.505000000000003,1162.301,0.0,0.0,0.0,0.0,0.0,0.0,1.0,8.0,6067.894998550414,0.0
AS14.27,2014-05-06,0.09791666666666664,808.828,3181.493,0.0,0.0,48.879000000000005,0.0,6.064,377.74600000000004,0.0,0.0,0.0,0.0,1.0,0.0,1.0,7.0,4865.127001285554,0.0
AS14.27,2014-05-07,0.10194033299050513,1033.125,1971.669,0.0,0.0,22.092,0.0,49.686,128.30599999999998,0.0,0.0,0.0,0.0,3.0,1.0,1.0,8.0,3210.024999856947,4.0
AS14.27,2014-05-08,0.07134818007662837,650.085,2697.733,0.0,0.0,147.359,0.0,45.333,532.829,0.0,0.0,0.0,0.0,1.0,1.0,0.0,7.0,4071.9699997901935,0.0
AS14.27,2014-05-09,0.09930555555555554,1549.666,2408.672,0.0,0.0,83.545,0.0,50.701,1155.457,0.0,0.0,0.0,23.144,5.0,1.0,-0.0,6.0,5272.154998064041,4.0
AS14.27,2014-05-10,0.10075431034482758,1188.42,2582.842,0.0,0.0,78.40100000000001,0.0,53.631,836.5840000000001,28.979,0.0,0.0,77.999,2.0,1.0,0.0,7.0,4957.294000148775,0.0
AS14.27,2014-05-11,0.07620818810004285,1236.296,3864.175,0.0,0.0,0.0,0.0,42.256,946.185,0.0,0.0,0.0,303.35699999999997,4.0,1.0,0.0,7.0,6410.07399916649,0.0
AS14.27,2014-05-12,0.10003591954022988,723.066,1799.527,0.0,0.0,93.762,0.0,55.589,741.0640000000001,0.0,0.0,0.0,31.067,2.0,0.0,1.0,8.0,3443.1820023059845,0.0
AS14.27,2014-05-13,0.07083333333333337,1072.947,2083.405,0.0,0.0,14.079,0.0,47.344,844.808,0.0,0.0,0.0,0.0,3.0,1.0,0.0,7.0,4063.5680000782004,3.0
AS14.27,2014-05-14,0.08833333333333336,366.488,1257.21,0.0,0.0,0.0,0.0,24.139000000000003,464.58399999999995,0.0,0.0,0.0,0.0,0.0,1.0,1.0,8.0,2112.7540001869193,0.0
AS14.27,2014-05-15,0.09360531152137344,0.0,0.0,0.0,0.0,0.0,0.0,0.0,0.0,0.0,0.0,0.0,0.0,0.0,2.0,0.0,7.0,0.0,0.0
AS14.28,2014-03-31,0.024151166629980184,628.6370000000001,93.215,181.001,159.49699999999999,0.0,0.0,40.548,691.1659999999999,0.0,0.0,6.177,0.0,0.0,0.0,0.0,6.0,1870.4369995594018,0.0
AS14.28,2014-04-01,0.12660997993345266,2231.285,3027.919,11.341,72.65299999999999,456.729,0.0,110.383,2115.055,350.22499999999997,0.0,0.0,0.0,2.0,0.0,0.0,8.0,8599.743999242784,0.0
AS14.28,2014-04-02,0.0432156771266439,2318.685,2724.062,884.173,274.499,63.557,0.0,104.937,3621.688,160.134,0.0,580.748,45.055,2.0,-0.0,0.0,7.0,8857.004001140594,0.0
AS14.28,2014-04-03,0.15111305136626185,2202.204,2876.201,1003.6469999999999,37.822,0.0,0.0,83.416,2340.787,153.465,0.0,0.0,87.685,0.0,0.0,1.0,8.0,7208.629001379015,0.0
AS14.28,2014-04-04,0.12490594575684995,1937.369,5675.671,495.668,34.124,194.18400000000003,0.0,106.344,2740.811,236.293,11.044,163.924,57.53,3.0,-0.0,0.0,6.0,9972.417001008986,0.0
AS14.28,2014-04-05,0.027859790738960884,1708.191,1473.532,414.386,0.0,304.83,0.0,88.969,2144.604,0.0,8.355,545.14,5.05,0.0,-1.0,1.0,8.0,7930.456998109817,0.0
AS14.28,2014-04-06,0.012253036714243604,886.498,1031.141,334.148,0.0,0.0,0.0,50.495000000000005,2795.492,0.0,21.088,0.0,0.0,0.0,-1.0,1.0,7.0,5941.962999582291,0.0
AS14.28,2014-04-07,0.11166697899675819,1745.68,2729.308,1081.9470000000001,23.638,170.601,0.0,65.002,3634.215,305.13599999999997,0.0,0.0,100.14099999999999,0.0,0.0,1.0,8.0,7090.436001300812,0.0
AS14.28,2014-04-08,0.09885041974956744,1987.265,3201.299,0.0,0.0,74.429,0.0,57.39,1976.012,120.94899999999998,19.103,0.0,54.055,0.0,-0.0,1.0,8.0,7366.385003089905,0.0
AS14.28,2014-04-09,0.24384687059123442,2479.938,2147.744,230.748,93.374,4.021,0.0,214.173,1667.569,0.0,0.0,6.101,0.0,0.0,-1.0,1.0,7.0,6775.987998485566,1.0
AS14.28,2014-04-10,0.22384842747091244,2262.627,2599.008,901.585,38.558,108.076,0.0,68.916,1479.618,692.413,0.0,3.012,0.0,0.0,-1.0,0.0,7.0,7117.252998352049,0.0
AS14.28,2014-04-11,0.3332305813491699,2512.451,4853.84,136.636,129.211,0.0,0.0,122.259,1602.845,1441.1970000000001,0.0,12.924,10.104,10.0,-1.0,0.0,7.0,10103.625998973846,8.0
AS14.28,2014-04-12,0.037192555983025496,2513.86,3099.4809999999998,471.00399999999996,46.519,986.146,0.0,73.032,3307.002,0.0,50.387,370.63,42.271,0.0,-1.0,1.0,8.0,10351.788001060488,0.0
AS14.28,2014-04-13,0.04242497739525186,1566.743,3295.672,258.271,0.0,378.54999999999995,0.0,49.888,2498.357,0.0,30.054,153.529,38.606,2.0,-1.0,1.0,7.0,8818.158001422882,0.0
AS14.28,2014-04-14,0.10611959993778806,2411.493,5093.312,38.197,45.421,94.11,0.0,58.638,1918.339,7.27,0.0,125.885,66.258,0.0,-1.0,0.0,7.0,8751.22300195694,1.0
AS14.28,2014-04-15,0.11725857496542645,1434.1299999999999,3102.189,0.0,153.303,943.384,0.0,104.31400000000001,3156.292,0.0,0.0,2.097,43.824,0.0,-0.0,0.0,7.0,8709.716000080109,0.0
AS14.28,2014-04-16,0.03589232647840624,1634.007,2581.545,333.287,76.496,4.053,0.0,55.218,3582.524,0.0,0.0,0.0,79.236,0.0,0.0,-0.0,6.0,7298.530999183654,0.0
AS14.28,2014-04-17,0.10793741525463706,2120.42,2112.354,689.76,31.242,158.831,0.0,63.008,3298.5660000000003,0.0,21.632,0.0,0.0,2.0,-0.0,1.0,8.0,7185.346999168397,0.0
AS14.28,2014-04-18,0.03475107975080799,2359.011,2410.253,233.80700000000002,204.442,974.711,0.0,51.486000000000004,1592.8890000000001,143.316,9.035,1304.114,71.178,0.0,-0.0,0.0,6.0,10498.70799779892,0.0
AS14.28,2014-04-19,0.020545114412761068,775.159,816.547,284.044,24.537,0.0,0.0,48.751000000000005,2019.869,202.421,18.08,1162.0819999999999,22.188000000000002,1.0,-0.0,0.0,7.0,6235.212999582292,0.0
AS14.28,2014-04-20,0.03128380739640309,821.747,172.10399999999998,278.965,0.0,211.4,0.0,46.487,1985.29,0.0,0.0,781.87,0.0,0.0,-0.0,1.0,8.0,4295.150001049041,0.0
AS14.28,2014-04-21,0.07565666982961562,812.271,1165.481,57.391,0.0,66.43299999999999,0.0,46.432,1362.646,171.58300000000003,43.577,256.488,39.01,0.0,-0.0,1.0,8.0,4831.646000623702,0.0
AS14.28,2014-04-22,0.15725290411542997,1556.646,2765.2219999999998,86.344,0.0,47.307,0.0,46.479,2267.347,185.81,0.0,20.337,44.756,0.0,-1.0,1.0,7.0,7779.084998846053,0.0
AS14.28,2014-04-23,0.09511485338064438,2191.082,3049.582,142.137,47.781,93.535,0.0,50.004,2384.599,169.14499999999998,16.097,0.0,53.44,0.0,0.0,1.0,7.0,6472.762999773026,1.0
AS14.28,2014-04-24,0.11913178112779041,2196.125,3579.206,417.57599999999996,0.0,82.664,0.0,52.496,2900.796,0.0,0.0,1800.118,130.565,0.0,-0.0,1.0,8.0,9986.397001028065,0.0
AS14.28,2014-04-25,0.13038495753560778,1388.487,863.989,34.246,22.16,37.242999999999995,0.0,58.244,1666.3220000000001,89.547,0.0,10.033,62.71,0.0,-0.0,1.0,7.0,4424.054999589917,0.0
AS14.28,2014-04-26,0.0330103700922375,779.335,558.98,77.907,24.241999999999997,59.433,23.264,56.092,1833.6789999999999,129.18,40.239,0.0,104.557,0.0,0.0,1.0,8.0,4114.448999881744,0.0
AS14.28,2014-04-27,0.05314200021466893,966.298,1582.386,558.951,27.412,51.331999999999994,0.0,56.368,1685.4180000000001,182.125,24.225,236.878,170.372,0.0,0.0,0.0,7.0,5666.451999902726,0.0
AS14.28,2014-04-28,0.09235672736208862,739.799,676.588,74.999,0.0,0.0,0.0,8.207,290.841,81.965,0.0,7.022,0.0,0.0,-0.0,1.0,8.0,1003.8619999885557,0.0
AS14.28,2014-04-29,0.0,9.48,24.046,0.0,0.0,0.0,0.0,0.0,0.0,0.0,0.0,0.0,0.0,0.0,-0.0,1.0,7.0,0.0,0.0
AS14.28,2014-04-30,0.030598256251653227,211.865,380.809,0.0,0.0,0.0,0.0,23.65,792.0759999999999,0.0,59.238,12.065,0.0,0.0,-0.0,0.0,6.0,1370.197999715805,0.0
AS14.28,2014-05-01,0.05749092855612972,1695.151,2024.128,455.10499999999996,89.153,620.9830000000001,0.0,252.731,2350.038,82.913,37.83,0.0,40.242,0.0,-1.0,0.0,6.0,7164.363998889924,1.0
AS14.28,2014-05-02,0.08226363403733761,1707.721,2619.41,109.002,5.023,202.949,0.0,218.451,2816.699,30.166,84.101,25.779,0.0,1.0,-0.0,1.0,7.0,6608.348000764847,0.0
AS14.28,2014-05-03,0.054198748079751564,2100.076,2420.192,144.73700000000002,12.035,466.361,0.0,53.655,1904.829,0.0,46.672,217.981,43.93,2.0,0.0,1.0,7.0,7978.536000013354,0.0
AS14.28,2014-05-04,0.029219101387488372,1394.831,1270.993,527.476,0.0,371.341,0.0,167.924,1541.535,118.76499999999999,0.0,1047.926,30.084,0.0,-0.0,1.0,7.0,6105.110998868943,0.0
AS14.28,2014-05-05,0.06396706485711146,1303.205,1317.171,208.636,8.033,306.696,0.0,531.512,1655.1580000000001,47.757,83.581,454.036,53.47,0.0,0.0,1.0,7.0,5225.019999504091,0.0
AS14.28,2014-05-06,0.07209549768692994,1549.852,2253.145,202.795,13.349,21.003,0.0,6.327999999999999,1779.927,28.435,32.111,66.22,31.711,1.0,-0.0,1.0,7.0,6754.850999116899,0.0
AS14.28,2014-05-07,0.027966857841785986,1748.081,1530.495,67.793,27.476999999999997,409.98,0.0,107.934,2172.239,160.396,33.676,0.0,9.186,1.0,0.0,-0.0,6.0,6894.3519999980945,0.0
AS14.28,2014-05-08,0.03576887078168944,716.2429999999999,1174.962,0.0,0.0,148.867,0.0,26.128,1240.587,0.0,0.0,0.0,0.0,0.0,0.0,0.0,6.0,2669.583000421525,0.0
AS14.29,2014-04-02,0.15358132140520145,72.595,922.345,7.023,0.0,0.0,375.103,170.449,1378.2440000000001,0.0,0.0,14.126000000000001,0.0,0.0,0.0,2.0,8.0,1771.4429993629465,2.0
AS14.29,2014-04-03,0.18869134208890803,133.014,1869.521,0.0,0.0,0.0,455.121,137.89,1491.985,90.71700000000001,0.0,0.0,0.0,0.0,-1.0,0.0,7.0,3938.956000328062,0.0
AS14.29,2014-04-04,0.015126292203892644,13.521999999999998,826.364,172.066,0.0,0.0,124.652,69.44,1984.26,777.9,0.0,0.0,0.0,1.0,-1.0,1.0,8.0,3966.720998764038,0.0
AS14.29,2014-04-05,0.14988214995833685,151.904,2457.589,0.0,0.0,0.0,853.924,87.655,2763.133,316.99399999999997,0.0,0.0,0.0,0.0,1.0,1.0,8.0,6806.078000307085,2.0
AS14.29,2014-04-06,0.11463534506164204,241.934,2141.38,0.0,0.0,0.0,345.504,215.304,6431.334,0.0,0.0,15.058,0.0,0.0,0.0,1.0,8.0,8129.048999786377,6.0
AS14.29,2014-04-07,0.19540927482103948,266.639,2490.1130000000003,47.142,0.0,0.0,796.9639999999999,234.98,4733.231,0.0,0.0,0.0,0.0,0.0,-1.0,0.0,7.0,8258.034000873567,0.0
AS14.29,2014-04-08,0.13756706347311956,658.257,4535.043,696.8000000000001,0.0,0.0,1430.399,72.49199999999999,5732.663,182.989,0.0,0.0,0.0,0.0,-1.0,1.0,8.0,13475.929000377655,4.0
AS14.29,2014-04-09,0.0684037452212791,79.725,1735.901,0.0,0.0,0.0,599.329,61.608000000000004,2489.823,0.0,0.0,2.0149999999999997,0.0,0.0,0.0,0.0,8.0,3855.8750004768385,0.0
AS14.29,2014-04-10,0.1676437975828992,417.92199999999997,1978.859,49.201,0.0,0.0,669.385,87.025,1969.11,0.0,0.0,0.0,0.0,1.0,0.0,1.0,9.0,4273.110997676849,3.0
AS14.29,2014-04-11,0.018978234747998615,26.098999999999997,1758.6779999999999,100.238,27.183,0.0,733.471,56.289,3173.02,0.0,0.0,4.0409999999999995,0.0,0.0,0.0,1.0,7.0,5786.954999923705,0.0
AS14.29,2014-04-12,0.11546995747559541,83.032,1837.165,96.786,0.0,0.0,292.025,66.493,149.98,138.267,0.0,0.0,0.0,0.0,1.0,1.0,8.0,2665.1879992485037,1.0
AS14.29,2014-04-13,0.0749941178856907,51.099000000000004,2446.337,0.0,0.0,0.0,559.322,64.56700000000001,3038.067,177.822,0.0,0.0,0.0,0.0,0.0,1.0,8.0,4452.954998493193,0.0
AS14.29,2014-04-14,0.14115802099173552,346.946,2033.1000000000001,91.46900000000001,0.0,0.0,777.132,176.56,4471.691,0.0,0.0,0.0,0.0,0.0,-1.0,1.0,8.0,7842.806001186373,0.0
AS14.29,2014-04-15,0.19738316762908892,109.163,4330.224,43.160000000000004,0.0,0.0,817.003,76.42599999999999,3903.075,0.0,0.0,0.0,0.0,0.0,-0.0,1.0,8.0,9205.890996217726,1.0
AS14.29,2014-04-16,0.031889568580213065,336.562,3112.6549999999997,942.75,1.004,0.0,632.245,129.926,5169.098,410.731,0.0,0.0,0.0,1.0,0.0,1.0,8.0,9416.67899918556,5.0
AS14.29,2014-04-17,0.10466354394673522,199.725,2716.995,22.31,0.0,0.0,825.174,64.289,2654.965,69.414,0.0,3.018,0.0,2.0,1.0,1.0,8.0,6325.021000146866,4.0
AS14.29,2014-04-18,0.1547806052191322,531.1370000000001,2845.558,487.892,0.0,0.0,750.6089999999999,102.518,4633.982,64.902,0.0,4.031,0.0,1.0,-0.0,0.0,8.0,6292.512000322341,1.0
AS14.29,2014-04-19,0.07083333333333329,359.673,2150.765,0.0,0.0,0.0,574.203,94.424,4294.65,30.28,0.0,0.0,0.0,1.0,-1.0,0.0,7.0,7506.035999536513,3.0
AS14.29,2014-04-20,0.008417145593869734,71.31099999999999,1014.836,0.0,0.0,0.0,212.00900000000001,88.465,1607.2939999999999,0.0,0.0,0.0,0.0,0.0,-0.0,1.0,8.0,3084.7110002040877,0.0
AS14.29,2014-04-21,0.11076388888888888,34.025,1234.593,0.0,0.0,0.0,328.005,187.019,973.26,0.0,0.0,0.0,0.0,0.0,0.0,0.0,7.0,2621.9260001182556,0.0
AS14.29,2014-04-22,0.1664660232870682,943.219,3750.043,156.89,0.0,0.0,1449.425,47.538,3921.977,676.096,0.0,8.087,0.0,3.0,-0.0,0.0,6.0,11107.99399924278,11.0
AS14.29,2014-04-23,0.09481132256815117,364.606,3333.445,397.754,0.0,0.0,1380.338,38.202,4082.698,419.153,0.0,27.062,0.0,4.0,1.0,1.0,8.0,8642.548001289368,1.0
AS14.29,2014-04-24,0.18661315132741277,417.582,3718.909,0.0,0.0,0.0,1060.91,48.217,3170.045,554.443,0.0,0.0,0.0,0.0,0.0,1.0,8.0,8443.361002683641,3.0
AS14.29,2014-04-25,0.16510803391777293,187.549,2368.221,0.0,0.0,0.0,660.063,46.355000000000004,129.404,221.435,0.0,3.06,0.0,0.0,0.0,1.0,8.0,3919.8140008449564,1.0
AS14.29,2014-04-26,0.269335092679129,400.259,3443.888,0.0,0.0,0.0,1033.464,155.488,3295.85,47.182,0.0,0.0,0.0,2.0,0.0,0.0,6.0,9310.382002592087,4.0
AS14.29,2014-04-27,0.044895598261322965,381.17199999999997,890.947,317.902,0.0,0.0,517.093,53.253,2819.611,0.0,0.0,0.0,0.0,0.0,-1.0,0.0,6.0,4861.167000055314,0.0
AS14.29,2014-04-28,0.07879215708108615,255.085,1864.196,611.9209999999999,0.0,0.0,683.572,53.297,2524.755,457.693,0.0,0.0,0.0,0.0,-0.0,0.0,7.0,5618.883001089095,0.0
AS14.29,2014-04-29,0.2085233883666979,1206.48,3277.753,2120.963,68.332,0.0,1609.767,48.325,3098.203,35.59,0.0,0.0,0.0,0.0,0.0,1.0,8.0,11914.784997701641,1.0
AS14.29,2014-04-30,0.09121493415357158,349.84000000000003,3211.592,181.471,0.0,0.0,689.5939999999999,61.305,2650.6110000000003,50.56,0.0,0.0,0.0,1.0,-0.0,0.0,8.0,5882.629000186921,2.0
AS14.29,2014-05-01,0.1318342937166134,335.771,4195.65,0.0,0.0,0.0,604.867,35.15,1088.661,0.0,0.0,0.0,0.0,0.0,0.0,0.0,8.0,6109.549998998642,0.0
AS14.29,2014-05-02,0.3209989457982649,1462.2,600.359,0.0,0.0,0.0,673.268,0.0,302.231,157.998,0.0,2.299,0.0,0.0,-0.0,1.0,7.0,3314.766999959946,7.0
AS14.29,2014-05-03,0.291548117478645,813.9209999999999,334.37,34.317,0.0,0.0,332.451,14.052,120.358,0.0,0.0,0.0,0.0,0.0,1.0,1.0,8.0,1832.0990004539487,2.0
AS14.29,2014-05-04,0.3729824077846088,366.49899999999997,1259.785,0.0,0.0,0.0,579.276,27.162,902.211,0.0,0.0,0.0,0.0,1.0,-1.0,1.0,8.0,3147.8140001296997,7.0
AS14.29,2014-05-05,0.21394117129591342,910.302,1675.559,0.0,0.0,0.0,671.958,42.099000000000004,1231.381,332.67699999999996,0.0,0.0,0.0,9.0,-0.0,1.0,7.0,4471.135000228882,17.0
AS14.29,2014-05-06,0.08994613655738976,159.45000000000002,2002.338,0.0,0.0,0.0,1007.404,2.007,3593.0280000000002,0.0,0.0,0.0,0.0,0.0,-0.0,1.0,7.0,5563.703999996186,0.0
AS14.29,2014-05-07,0.034468535029819836,8.045,433.884,0.0,0.0,0.0,200.692,287.774,1124.2559999999999,0.0,0.0,0.0,0.0,0.0,-0.0,1.0,8.0,2763.989000320434,0.0
AS14.29,2014-05-08,0.1176933021746805,177.727,4566.261,13.125,0.0,0.0,758.454,33.965,3145.955,0.0,0.0,0.0,0.0,1.0,0.0,1.0,8.0,9283.681003332138,2.0
AS14.29,2014-05-09,0.058269909376370686,247.37099999999998,2801.192,1281.712,65.333,0.0,321.708,126.97399999999999,2567.058,0.0,0.0,0.0,0.0,1.0,-0.0,1.0,7.0,7741.543001413348,0.0
AS14.29,2014-05-10,0.12233941652660994,349.221,6520.111,28.157,0.0,0.0,1339.834,209.465,6180.824,0.0,0.0,3.0940000000000003,0.0,1.0,-0.0,0.0,7.0,14939.344999313354,1.0
AS14.29,2014-05-11,0.015175118928836287,164.367,2730.7110000000002,0.0,0.0,0.0,518.713,62.325,4009.773,53.644,0.0,0.0,0.0,0.0,-1.0,0.0,7.0,6542.449000120162,0.0
AS14.29,2014-05-12,0.14951704294124676,772.9159999999999,6233.948,857.84,0.0,0.0,1008.494,44.259,5361.465,21.286,0.0,0.0,0.0,0.0,-0.0,1.0,8.0,13647.670000314714,6.0
AS14.29,2014-05-13,0.1152475244483759,376.707,5452.533,53.247,0.0,0.0,842.109,49.449999999999996,6471.401,0.0,0.0,28.22,0.0,2.0,1.0,1.0,8.0,12109.517999887465,6.0
AS14.29,2014-05-14,0.125,0.0,204.86499999999998,0.0,0.0,0.0,7.171,0.0,134.873,0.0,0.0,0.0,0.0,0.0,0.0,0.0,8.0,7.43600010871887,0.0
AS14.29,2014-05-15,0.12771787666672418,0.0,0.0,0.0,0.0,0.0,0.0,0.0,0.0,0.0,0.0,0.0,0.0,0.0,-0.0,0.0,6.0,0.0,0.0
AS14.30,2014-03-20,0.0822704081632655,664.516,2011.3029999999999,526.398,38.42,0.0,0.0,355.448,778.076,0.0,29.372999999999998,31.155,0.0,2.0,0.0,1.0,7.0,2757.1990003585815,0.0
AS14.30,2014-03-21,0.21225946811473126,740.425,3108.808,1266.741,0.0,0.0,0.0,468.773,783.403,0.0,61.8,87.215,0.0,3.0,-0.0,1.0,8.0,4749.741999387742,2.0
AS14.30,2014-03-22,0.22079067100843272,635.101,4790.38,2051.5299999999997,0.0,0.0,0.0,560.111,1903.9470000000001,0.0,72.328,74.434,0.0,0.0,-1.0,1.0,8.0,5096.479000091554,0.0
AS14.30,2014-03-23,0.12125861139477381,931.757,3179.353,2662.188,0.0,0.0,0.0,795.377,2394.808,0.0,51.409,76.416,22.074,0.0,-1.0,1.0,8.0,4347.633999347686,0.0
AS14.30,2014-03-24,0.1440737345192111,966.807,4055.321,1675.58,194.072,0.0,137.45,339.333,2734.205,0.0,15.109,94.495,15.07,0.0,-0.0,1.0,8.0,8823.721999883655,0.0
AS14.30,2014-03-25,0.1341467837134854,1010.273,8250.123,2283.552,25.429000000000002,0.0,0.0,203.776,2113.006,0.0,29.197,58.283,0.0,2.0,-0.0,1.0,8.0,12407.877000808716,0.0
AS14.30,2014-03-26,0.20092126251271453,1024.28,7735.433,2110.664,0.0,0.0,13.068,297.91,3180.192,0.0,135.757,58.241,6.087,15.0,0.0,1.0,7.0,11543.483000278475,0.0
AS14.30,2014-03-27,0.16013329380691074,1375.455,6186.857,2122.867,13.057,0.0,36.242,256.264,3883.824,0.0,174.448,180.794,0.0,2.0,-1.0,1.0,8.0,10490.465000152586,0.0
AS14.30,2014-03-28,0.248407170035962,857.052,5983.997,1487.79,13.088,0.0,68.523,396.853,2055.419,26.598999999999997,285.998,67.451,0.0,2.0,0.0,1.0,8.0,10475.064001083378,0.0
AS14.30,2014-03-29,0.13252437397512362,744.853,5474.208,1328.479,0.0,0.0,0.0,105.20700000000001,1724.748,0.0,0.0,62.825,0.0,2.0,-1.0,1.0,8.0,7968.41500043869,0.0
AS14.30,2014-03-30,0.11265009110890341,940.755,3691.307,2708.733,0.0,0.0,44.246,191.637,2183.854,258.375,98.398,46.379000000000005,0.0,6.0,-1.0,1.0,8.0,6882.668001174928,0.0
AS14.30,2014-03-31,0.23451950855432138,827.118,6640.169,1387.099,0.0,0.0,0.0,251.44,1008.7099999999999,51.068,185.751,41.769999999999996,0.0,0.0,-1.0,1.0,8.0,8573.569000244142,0.0
AS14.30,2014-04-01,0.15715008108506565,1358.975,4574.087,1305.231,57.263999999999996,0.0,0.0,372.19599999999997,1174.38,28.275,169.243,29.526,0.0,6.0,-1.0,1.0,8.0,7868.451999425889,2.0
AS14.30,2014-04-02,0.16374439803612317,656.4,3926.909,1626.824,13.048,0.0,0.0,274.57099999999997,708.391,0.0,11.094000000000001,13.581,0.0,0.0,-1.0,1.0,8.0,6813.233998298645,0.0
AS14.30,2014-04-03,0.12517288902232324,1182.178,3208.114,2153.492,0.0,0.0,105.02799999999999,301.337,2944.562,2.01,300.221,55.308,0.0,1.0,0.0,1.0,8.0,5003.86900091171,0.0
AS14.30,2014-04-04,0.14254031358756433,1346.707,4981.265,2787.779,142.64499999999998,0.0,0.0,398.727,1455.562,73.846,71.413,122.036,0.0,3.0,-1.0,1.0,8.0,10263.279999971392,0.0
AS14.30,2014-04-05,0.06754933662828402,1053.051,1471.9279999999999,2271.387,21.149,478.826,10.073,304.675,1252.381,0.0,217.914,73.487,0.0,2.0,-1.0,1.0,8.0,4774.256999254226,0.0
AS14.30,2014-04-06,0.09103816788494115,1158.746,1912.279,1216.857,0.0,1933.979,0.0,249.572,1087.416,0.0,4.37,2.013,97.505,0.0,-1.0,1.0,8.0,4606.25900053978,0.0
AS14.30,2014-04-07,0.12195215470654065,2029.616,7600.295,1377.128,0.0,783.656,0.0,400.628,981.1959999999999,163.758,0.0,32.176,74.886,0.0,0.0,1.0,8.0,12499.504000902174,0.0
AS14.30,2014-04-08,0.15902254583937586,2422.129,5763.044,1014.706,34.218,1472.1660000000002,0.0,777.092,1365.501,3.011,2.016,175.298,0.0,0.0,-1.0,1.0,8.0,10817.277998685837,0.0
AS14.30,2014-04-09,0.1609356614846201,2063.701,4963.206,807.414,0.0,2545.215,4.011,556.13,1530.442,0.0,18.276,29.162999999999997,0.0,3.0,-0.0,1.0,8.0,10525.707998991013,5.0
AS14.30,2014-04-10,0.1335532421561833,728.171,3178.774,1734.445,20.066000000000003,1052.935,0.0,406.338,1414.605,77.751,0.0,68.33200000000001,0.0,0.0,-1.0,1.0,8.0,6634.41900086403,2.0
AS14.30,2014-04-11,0.14675981409891747,1269.662,7078.059,2982.029,30.911,2569.329,0.0,380.335,1846.805,0.0,0.0,91.215,8.032,4.0,-1.0,1.0,8.0,12641.407999992369,0.0
AS14.30,2014-04-12,0.06133414489008874,559.032,1158.133,1773.317,0.0,2732.409,0.0,151.306,1787.5359999999998,0.0,0.0,8.045,0.0,0.0,-1.0,1.0,8.0,2352.242000818252,0.0
AS14.30,2014-04-13,0.07888284344373224,908.502,1882.0529999999999,2986.427,24.107,1933.5729999999999,47.282,216.451,897.1020000000001,0.0,0.0,44.408,0.0,1.0,-2.0,1.0,7.0,6792.2789993286115,0.0
AS14.30,2014-04-14,0.17082034310244312,992.396,4971.3820000000005,2595.635,0.0,676.145,0.0,168.323,1606.0529999999999,0.0,0.0,55.8,0.0,0.0,-0.0,1.0,8.0,7494.3099999427795,0.0
AS14.30,2014-04-15,0.12232731674948599,1711.254,5921.675,2463.967,77.438,212.981,108.721,913.498,1677.341,51.313,0.0,59.119,0.0,4.0,-1.0,1.0,8.0,10270.008999347687,0.0
AS14.30,2014-04-16,0.1918537415998037,1477.202,5375.822,873.41,12.911999999999999,1259.876,0.0,113.209,1122.412,0.0,446.635,27.163,0.0,2.0,-0.0,1.0,8.0,9146.098999500276,0.0
AS14.30,2014-04-17,0.16125317321275243,1819.289,4645.3060000000005,2825.458,95.55799999999999,1628.345,0.0,596.767,1798.067,0.0,120.063,45.539,0.0,0.0,-1.0,1.0,8.0,7464.931001186369,0.0
AS14.30,2014-04-18,0.041220468849386946,693.565,2324.224,2254.774,40.49,540.616,0.0,509.079,3108.953,0.0,63.287,14.052,0.0,0.0,-1.0,1.0,7.0,7677.256000280378,0.0
AS14.30,2014-04-19,0.09985345888355919,887.266,1809.449,2467.735,11.042,1289.663,0.0,107.61699999999999,1064.528,0.0,179.73700000000002,44.178,3.008,1.0,-1.0,1.0,8.0,4723.514999628068,0.0
AS14.30,2014-04-20,0.10913892761391042,685.394,3694.647,1569.9,0.0,1818.202,0.0,292.726,1295.891,0.0,0.0,113.437,0.0,0.0,-1.0,1.0,8.0,7552.129999876022,0.0
AS14.30,2014-04-21,0.11113403727863057,770.593,3808.928,1532.184,12.13,4.021,0.0,71.548,2297.483,0.0,125.554,52.253,0.0,0.0,-2.0,1.0,8.0,4555.559000730515,0.0
AS14.30,2014-04-22,0.1486342325363091,786.848,3512.989,1752.216,30.122,0.0,0.0,325.68199999999996,1347.849,0.0,0.0,96.384,0.0,2.0,-1.0,1.0,8.0,6794.816999435426,3.0
AS14.30,2014-04-23,0.09362551945885278,496.187,3493.519,1523.442,117.295,94.599,0.0,133.042,2001.394,0.0,0.0,37.22,0.0,0.0,-1.0,1.0,8.0,6313.3330004215195,0.0
AS14.30,2014-04-24,0.13419763007341504,568.559,5504.717,674.91,55.164,9.124,0.0,72.652,1463.534,0.0,0.0,9.09,0.0,0.0,-1.0,1.0,8.0,5963.193002223969,0.0
AS14.30,2014-04-25,0.14113887003386044,2157.46,3796.4120000000003,2517.074,0.0,226.119,0.0,418.095,1301.031,130.664,90.645,77.4,0.0,0.0,-1.0,1.0,8.0,9190.325001478195,0.0
AS14.30,2014-04-26,0.34510378510378514,2094.655,3538.684,1043.06,0.0,0.0,11.033,370.916,1518.162,0.0,397.618,0.0,7.026,2.0,-1.0,1.0,8.0,7880.266000747682,0.0
AS14.30,2014-04-27,0.12608118646519645,1340.846,1761.215,603.02,0.0,0.0,0.0,256.342,956.505,0.0,0.0,19.108,23.033,1.0,-1.0,1.0,8.0,3533.4649999141698,0.0
AS14.30,2014-04-28,0.20367596966520482,3541.992,2819.179,2809.608,207.011,1069.191,5.184,211.689,2238.8140000000003,77.396,7.083,45.295,0.0,2.0,-1.0,1.0,8.0,9110.464998722075,2.0
AS14.30,2014-04-29,0.1709965409605352,2142.642,5719.113,1897.372,42.245999999999995,644.11,0.0,384.05,1227.023,129.679,364.883,88.48700000000001,0.0,0.0,-1.0,1.0,8.0,7000.857999086381,1.0
AS14.30,2014-04-30,0.1610835202721728,2500.117,5064.993,1169.78,0.0,0.0,5.021,254.927,1821.866,142.656,251.987,102.61399999999999,0.0,6.0,-1.0,1.0,8.0,10116.74100089073,0.0
AS14.30,2014-05-01,0.16309989065219965,1837.9080000000001,6134.199,1696.564,0.0,597.437,0.0,811.315,1567.517,239.655,109.5,47.59,0.0,3.0,-1.0,1.0,8.0,9895.808001041412,0.0
AS14.30,2014-05-02,0.13587670842449237,866.4300000000001,4293.782,2843.504,132.001,178.118,0.0,70.28099999999999,1737.964,171.87300000000002,11.042,123.998,0.0,2.0,-1.0,1.0,8.0,10372.55999970436,0.0
AS14.30,2014-05-03,0.1819733305036785,402.014,1055.244,1693.629,0.0,26.189,0.0,85.762,1145.894,0.0,0.0,9.033,0.0,3.0,-1.0,1.0,8.0,3334.8719997406006,0.0
AS14.30,2014-05-04,0.20972222222222214,678.116,621.348,898.822,0.0,0.0,0.0,331.376,1005.251,0.0,0.0,0.0,0.0,0.0,-1.0,1.0,8.0,1638.840000391006,0.0
AS14.30,2014-05-05,0.19268882440456564,0.0,0.0,0.0,0.0,0.0,0.0,0.0,0.0,0.0,0.0,0.0,0.0,0.0,-1.0,1.0,8.0,0.0,0.0
AS14.31,2014-04-01,0.16327075702075725,462.902,1552.151,0.0,0.0,0.0,0.0,114.025,48.926,0.0,0.0,24.093,0.0,2.0,-0.0,1.0,8.0,2495.4689996242532,3.0
AS14.31,2014-04-02,0.234817017504906,1094.149,1084.376,166.22,58.169,0.0,0.0,87.498,289.003,0.0,0.0,142.037,0.0,1.0,0.0,1.0,7.0,3115.5859992504106,0.0
AS14.31,2014-04-03,0.19950165661345784,504.73,886.3,126.547,19.074,0.0,0.0,161.8,76.273,0.0,0.0,60.23,0.0,3.0,1.0,1.0,7.0,2477.759999752045,0.0
AS14.31,2014-04-04,0.13380405046845267,595.415,133.879,176.81,0.0,0.0,0.0,9.051,213.823,0.0,0.0,208.44899999999998,0.0,2.0,0.0,0.0,7.0,1087.0490002632143,0.0
AS14.31,2014-04-05,0.24320235873090723,917.17,712.157,211.678,2.034,0.0,331.01800000000003,135.78300000000002,0.0,51.254,0.0,124.52,0.0,5.0,1.0,1.0,7.0,1199.467000246048,0.0
AS14.31,2014-04-06,0.16746382304680316,1734.0149999999999,842.527,145.75900000000001,54.044999999999995,0.0,0.0,46.382999999999996,17.041,0.0,0.0,40.253,0.0,1.0,0.0,0.0,7.0,2821.1879994869228,1.0
AS14.31,2014-04-07,0.14697043087965841,508.74399999999997,834.193,44.189,36.157,0.0,0.0,11.035,60.230000000000004,0.0,0.0,0.0,0.0,1.0,0.0,0.0,7.0,1969.2970001697547,2.0
AS14.31,2014-04-08,0.14309655460155837,646.417,936.97,287.216,64.352,0.0,24.468,253.56099999999998,308.826,0.0,0.0,117.87,0.0,1.0,1.0,1.0,7.0,3232.706998825074,0.0
AS14.31,2014-04-09,0.21966037814426126,990.669,2335.382,237.662,27.095,0.0,12.306000000000001,71.124,229.70100000000002,0.0,0.0,63.329,0.0,1.0,0.0,1.0,7.0,3999.7529993057256,0.0
AS14.31,2014-04-10,0.20133600688258002,1512.836,4106.592,159.044,0.0,0.0,71.534,62.44,304.783,0.0,0.0,62.361999999999995,0.0,2.0,0.0,1.0,7.0,6925.385998487471,3.0
AS14.31,2014-04-11,0.27244674173205335,3021.292,5472.479,161.515,158.536,0.0,191.393,87.557,321.426,0.0,0.0,108.489,0.0,10.0,1.0,1.0,8.0,11760.186998844147,2.0
AS14.31,2014-04-12,0.22101963704498265,507.61,1512.601,0.0,32.255,0.0,22.069000000000003,9.031,21.097,0.0,0.0,0.0,0.0,5.0,1.0,1.0,7.0,1297.6900000572207,0.0
AS14.31,2014-04-13,0.3745078870731221,1235.773,384.146,467.03499999999997,0.0,0.0,14.316,63.173,30.151,0.0,0.0,204.963,0.0,5.0,-1.0,1.0,7.0,1999.3320004940033,1.0
AS14.31,2014-04-14,0.12203956005680147,677.698,1712.012,194.87800000000001,6.018,0.0,11.328,204.19000000000003,500.702,0.0,0.0,20.634,0.0,0.0,-1.0,0.0,6.0,3085.8909990787492,2.0
AS14.31,2014-04-15,0.16270451908483252,399.348,1143.354,29.955,49.322,0.0,0.0,16.063000000000002,0.0,0.0,0.0,157.27100000000002,0.0,1.0,0.0,1.0,7.0,2314.0849993228917,0.0
AS14.31,2014-04-16,0.15689429525882798,1267.5149999999999,2176.3,98.313,156.839,0.0,83.497,208.362,44.205,0.0,0.0,143.47199999999998,0.0,3.0,0.0,0.0,7.0,4659.931999921799,0.0
AS14.31,2014-04-17,0.1757913122641471,917.2139999999999,2026.286,277.921,69.21900000000001,0.0,17.055999999999997,71.537,77.111,0.0,0.0,129.08,0.0,1.0,1.0,1.0,7.0,3586.985999107361,0.0
AS14.31,2014-04-18,0.08391203703703702,1063.574,2799.367,1334.739,0.0,0.0,0.0,139.957,225.166,0.0,0.0,8.041,0.0,4.0,0.0,1.0,7.0,5361.680999279021,0.0
AS14.31,2014-04-19,0.4626559157521546,848.504,1437.411,24.328,0.0,0.0,0.0,45.626,8.028,0.0,0.0,79.219,0.0,4.0,1.0,1.0,8.0,2350.144000530243,0.0
AS14.31,2014-04-20,0.4026460998855776,1699.715,2951.178,117.873,0.0,0.0,90.509,54.423,146.04500000000002,142.96,0.0,247.959,0.0,0.0,1.0,2.0,8.0,4735.379000663758,0.0
AS14.31,2014-04-21,0.12294231059851525,2187.004,2636.605,811.63,74.317,0.0,265.728,333.349,187.171,0.0,0.0,115.119,0.0,1.0,0.0,0.0,6.0,8969.245000600815,2.0
AS14.31,2014-04-22,0.14306033075740893,1184.069,2350.239,279.473,0.0,0.0,8.108,337.168,335.546,0.0,0.0,273.88300000000004,0.0,0.0,0.0,1.0,7.0,4712.138999462128,4.0
AS14.31,2014-04-23,0.14131944444444447,1794.02,3137.502,54.85,246.39000000000001,0.0,459.705,65.879,37.094,0.0,0.0,234.24699999999999,0.0,1.0,1.0,1.0,7.0,6571.5590007305145,0.0
AS14.31,2014-04-24,0.14166666666666666,878.85,3204.454,159.756,32.102,0.0,4.008,43.305,20.057,190.698,0.0,145.708,0.0,1.0,0.0,1.0,6.0,5699.949000358582,0.0
AS14.31,2014-04-25,0.2280129928315412,2516.057,3241.756,627.447,0.0,0.0,0.0,205.65599999999998,68.251,202.602,0.0,213.105,0.0,11.0,1.0,1.0,7.0,7996.895000219344,0.0
AS14.31,2014-04-26,0.48064681332303033,4262.414,3626.216,56.575,85.333,0.0,4.0169999999999995,145.702,105.042,183.126,5.064,80.232,0.0,16.0,0.0,1.0,7.0,9394.410001516342,2.0
AS14.31,2014-04-27,0.08819444444444446,1030.1689999999999,1523.4080000000001,488.436,0.0,0.0,26.223999999999997,231.69,254.14100000000002,0.0,0.0,189.111,0.0,2.0,1.0,1.0,7.0,4124.311999559405,0.0
AS14.31,2014-04-28,0.12152777777777779,1575.318,1751.419,431.43,105.365,0.0,86.208,964.854,25.435,0.0,0.0,256.995,0.0,1.0,1.0,1.0,7.0,5360.359998464583,1.0
AS14.31,2014-04-29,0.11588613406795228,1035.691,2115.026,357.106,124.053,0.0,19.066000000000003,337.95099999999996,194.576,0.0,0.0,105.52200000000002,0.0,2.0,0.0,1.0,7.0,4310.028000354766,4.0
AS14.31,2014-04-30,0.13729645593869727,1516.2649999999999,1393.049,199.23499999999999,0.0,0.0,172.75,534.407,136.04,47.282,0.0,454.977,0.0,1.0,0.0,1.0,7.0,4447.120000123979,0.0
AS14.31,2014-05-01,0.04472357377350195,1130.843,1682.547,191.667,39.131,0.0,19.341,44.524,15.63,0.0,0.0,9.031,0.0,0.0,1.0,1.0,7.0,4077.710999965668,3.0
AS14.31,2014-05-02,0.227085562427016,1261.377,2478.912,158.074,26.08,0.0,36.204,30.283,753.873,90.475,0.0,258.43600000000004,0.0,1.0,1.0,1.0,7.0,5720.026000261306,1.0
AS14.31,2014-05-03,0.060900049006504496,446.26,419.201,0.0,0.0,0.0,2.112,267.295,53.183,0.0,0.0,29.169,0.0,0.0,1.0,1.0,7.0,687.6410002708445,0.0
AS14.31,2014-05-04,0.0061580925942242085,178.25,4.132,0.0,0.0,0.0,0.0,0.0,0.0,0.0,0.0,0.0,0.0,0.0,1.0,1.0,7.0,182.4570002555847,0.0
AS14.31,2014-05-05,0.008328883576947317,69.075,0.0,0.0,0.0,0.0,0.0,14.034,0.0,0.0,0.0,0.0,0.0,0.0,1.0,1.0,7.0,321.99599981307983,0.0
AS14.31,2014-05-06,0.12000274765440407,0.0,0.0,0.0,0.0,0.0,0.0,0.0,0.0,0.0,0.0,0.0,0.0,0.0,-0.0,1.0,7.0,0.0,0.0
AS14.31,2014-05-07,0.25,218.654,11.035,0.0,0.0,0.0,0.0,0.0,0.0,0.0,0.0,0.0,0.0,0.0,0.0,1.0,7.0,108.815999984741,0.0
AS14.31,2014-05-08,0.13543183145604276,0.0,0.0,0.0,0.0,0.0,0.0,0.0,0.0,0.0,0.0,0.0,0.0,0.0,1.0,1.0,7.0,0.0,0.0
AS14.31,2014-05-09,0.06229823241793483,0.0,0.0,0.0,0.0,0.0,0.0,0.0,0.0,0.0,0.0,0.0,0.0,0.0,1.0,1.0,7.0,0.0,0.0
AS14.31,2014-05-10,0.0864564329664764,0.0,0.0,0.0,0.0,0.0,0.0,0.0,0.0,0.0,0.0,0.0,0.0,0.0,1.0,1.0,7.0,0.0,0.0
AS14.31,2014-05-11,0.10675701081822672,0.0,0.0,0.0,0.0,0.0,0.0,0.0,0.0,0.0,0.0,0.0,0.0,0.0,0.0,1.0,7.0,0.0,0.0
AS14.31,2014-05-12,0.13543183145604276,0.0,0.0,0.0,0.0,0.0,0.0,0.0,0.0,0.0,0.0,0.0,0.0,0.0,1.0,1.0,7.0,0.0,0.0
AS14.31,2014-05-13,0.13543183145604276,0.0,0.0,0.0,0.0,0.0,0.0,0.0,0.0,0.0,0.0,0.0,0.0,0.0,1.0,1.0,7.0,0.0,0.0
AS14.31,2014-05-14,0.13543183145604276,0.0,0.0,0.0,0.0,0.0,0.0,0.0,0.0,0.0,0.0,0.0,0.0,0.0,1.0,1.0,7.0,0.0,0.0
AS14.31,2014-05-15,0.19266040485535918,0.0,0.0,0.0,0.0,0.0,0.0,0.0,0.0,0.0,0.0,0.0,0.0,0.0,0.0,1.0,7.0,0.0,0.0
AS14.31,2014-05-16,0.12000274765440407,0.0,0.0,0.0,0.0,0.0,0.0,0.0,0.0,0.0,0.0,0.0,0.0,0.0,-0.0,1.0,7.0,0.0,0.0
AS14.31,2014-05-17,0.026726726726726716,6.232,99.009,0.0,0.0,0.0,0.0,0.0,0.0,0.0,0.0,119.733,0.0,0.0,-0.0,1.0,7.0,165.6840002536778,0.0
AS14.32,2014-04-01,0.08189325165313781,259.094,1616.404,634.438,0.0,0.0,31.127,265.192,13.199,0.0,0.0,0.0,0.0,4.0,-1.0,2.0,8.0,2715.741999149323,0.0
AS14.32,2014-04-02,0.16493096458489534,557.271,1639.078,1400.733,0.0,0.0,54.259,82.982,0.0,0.0,0.0,0.0,0.0,5.0,0.0,0.0,7.0,3680.6869983673087,2.0
AS14.32,2014-04-03,0.11351887500281606,311.29200000000003,2912.942,2585.266,0.0,0.0,58.17,113.405,0.0,319.217,0.0,0.0,0.0,2.0,-0.0,0.0,8.0,4925.348998546599,1.0
AS14.32,2014-04-04,0.07394992125320084,314.78,2638.217,541.398,0.0,0.0,0.0,57.909,61.324,0.0,0.0,5.024,0.0,1.0,-0.0,0.0,8.0,4204.2390015125275,4.0
AS14.32,2014-04-05,0.06235701481564245,352.375,1495.692,860.048,0.0,0.0,0.0,131.054,198.788,0.0,0.0,0.0,0.0,5.0,1.0,1.0,8.0,3774.8659999370584,0.0
AS14.32,2014-04-06,0.06470613484339814,408.855,2284.142,1167.762,0.0,0.0,0.0,69.807,188.90499999999997,243.971,0.0,10.029,0.0,1.0,-1.0,0.0,8.0,4896.532998323443,4.0
AS14.32,2014-04-07,0.08243160865190323,1605.849,2129.43,1211.094,0.0,0.0,0.0,52.179,0.0,90.09700000000001,0.0,0.0,22.431,11.0,-0.0,-0.0,7.0,5388.774000167847,8.0
AS14.32,2014-04-08,0.07162504736842978,667.61,2160.25,697.465,0.0,0.0,0.0,65.568,48.579,0.0,0.0,0.0,0.0,1.0,0.0,0.0,8.0,4178.6540014743805,0.0
AS14.32,2014-04-09,0.08153097175156,1278.743,2117.498,598.549,0.0,0.0,0.0,26.176000000000002,0.0,85.631,0.0,0.0,0.0,15.0,0.0,0.0,7.0,4123.998000144959,2.0
AS14.32,2014-04-10,0.08538139252507375,168.361,3238.077,844.333,0.0,0.0,0.0,84.356,338.005,0.0,0.0,0.0,0.0,2.0,0.0,1.0,8.0,4656.294999599456,0.0
AS14.32,2014-04-11,0.13364394484509495,1060.764,2012.92,532.327,0.0,0.0,0.0,98.088,0.0,114.418,0.0,13.118,0.0,6.0,0.0,0.0,8.0,4124.076999187469,1.0
AS14.32,2014-04-12,0.09256127414546696,380.201,1372.137,505.352,0.0,0.0,0.0,49.503,92.404,0.0,0.0,0.0,0.0,5.0,0.0,1.0,9.0,2406.448000192642,2.0
AS14.32,2014-04-13,0.11486812630776956,188.898,1072.451,661.125,0.0,0.0,0.0,82.59100000000001,476.366,32.605,0.0,0.0,0.0,6.0,-2.0,1.0,8.0,2098.6499989032754,0.0
AS14.32,2014-04-14,0.09276472686682141,816.855,2755.065,621.0,0.0,0.0,0.0,54.104,0.0,32.21,0.0,0.0,0.0,3.0,0.0,0.0,8.0,4531.034998893738,0.0
AS14.32,2014-04-15,0.12035484073371026,635.303,1951.846,1036.105,0.0,0.0,0.0,127.472,0.0,0.0,0.0,0.0,0.0,8.0,0.0,0.0,8.0,3235.3909997940045,2.0
AS14.32,2014-04-16,0.13353057634705043,332.634,2011.749,1311.291,0.0,0.0,0.0,47.742999999999995,363.157,243.929,0.0,0.0,0.0,7.0,1.0,1.0,8.0,4245.668999671935,0.0
AS14.32,2014-04-17,0.06720556162513883,476.77,1255.575,1050.235,0.0,0.0,0.0,17.195,0.0,149.346,0.0,0.0,0.0,4.0,0.0,0.0,8.0,2476.6890008449564,0.0
AS14.32,2014-04-18,0.1330598882647897,385.532,1892.815,443.043,0.0,0.0,0.0,130.114,159.72799999999998,100.33500000000001,0.0,0.0,0.0,2.0,-1.0,1.0,7.0,4365.7149999141675,1.0
AS14.32,2014-04-19,0.047567897669984816,600.774,374.339,108.147,0.0,0.0,0.0,0.0,186.998,0.0,0.0,0.0,0.0,2.0,-1.0,0.0,6.0,1276.6809999942773,0.0
AS14.32,2014-04-20,0.05523183859008613,146.47199999999998,1650.384,225.367,0.0,0.0,0.0,6.122,0.0,0.0,0.0,0.0,0.0,0.0,-0.0,0.0,7.0,2566.197000026703,0.0
AS14.32,2014-04-21,0.029860055442116274,156.613,2281.867,313.448,0.0,0.0,0.0,45.141,0.0,0.0,0.0,0.0,0.0,1.0,-2.0,-0.0,7.0,4231.040000200271,0.0
AS14.32,2014-04-22,0.12540065280144733,679.061,2210.3179999999998,740.153,0.0,0.0,0.0,0.0,595.034,169.197,0.0,0.0,0.0,3.0,0.0,1.0,8.0,4209.913000106812,0.0
AS14.32,2014-04-23,0.11251810370003702,519.846,1907.8739999999998,824.478,0.0,0.0,0.0,288.339,106.273,179.338,0.0,0.0,0.0,3.0,-0.0,0.0,7.0,4026.6349990367876,1.0
AS14.32,2014-04-24,0.06199745012223154,1081.517,2288.809,413.131,0.0,0.0,0.0,26.28,112.34,24.266,0.0,0.0,0.0,9.0,0.0,0.0,8.0,4941.214999198913,0.0
AS14.32,2014-04-25,0.13350209975654284,753.4399999999999,2718.54,651.242,0.0,0.0,0.0,236.387,349.70599999999996,132.85,0.0,0.0,0.0,6.0,0.0,1.0,8.0,3979.32200050354,1.0
AS14.32,2014-04-26,0.18462745393003588,0.0,1918.319,790.053,0.0,0.0,0.0,0.0,0.0,0.0,0.0,0.0,0.0,0.0,0.0,1.0,7.0,2330.2239999771136,0.0
AS14.32,2014-04-27,0.04827651631167715,324.971,1064.644,646.4,0.0,0.0,0.0,16.711,403.20899999999995,0.0,0.0,91.973,0.0,4.0,-0.0,0.0,7.0,3423.3339993953705,0.0
AS14.32,2014-04-28,0.06371385793880942,714.872,1908.566,587.2719999999999,0.0,0.0,0.0,31.539,0.0,70.423,0.0,0.0,0.0,7.0,0.0,0.0,8.0,4032.9229998588576,0.0
AS14.32,2014-04-29,0.10983779706651794,92.785,1566.238,506.835,0.0,0.0,0.0,102.581,0.0,0.0,0.0,0.0,0.0,5.0,1.0,1.0,8.0,2564.476999759675,0.0
AS14.32,2014-04-30,0.08127054335939998,481.677,1194.024,651.791,0.0,0.0,0.0,42.578,0.0,103.49000000000001,0.0,0.0,0.0,6.0,0.0,1.0,7.0,2848.15299963951,3.0
AS14.32,2014-05-01,0.1479701336183231,544.381,2831.296,863.818,0.0,0.0,0.0,40.7,0.0,0.0,0.0,0.0,0.0,9.0,-1.0,0.0,7.0,3929.968999385835,0.0
AS14.32,2014-05-02,0.09364718407023619,348.841,2228.205,759.519,0.0,0.0,0.0,40.26,0.0,89.955,0.0,0.0,0.0,10.0,-0.0,0.0,7.0,3621.993000984192,0.0
AS14.32,2014-05-03,0.08217935897341168,272.89,1079.164,199.436,0.0,0.0,0.0,16.111,0.0,0.0,0.0,0.0,0.0,2.0,-1.0,0.0,8.0,2209.7899997234335,0.0
AS14.32,2014-05-04,0.11628094765606735,227.058,2605.712,236.701,0.0,0.0,0.0,166.292,430.09399999999994,0.0,0.0,0.0,0.0,1.0,0.0,1.0,9.0,4015.8839995861053,1.0
AS14.32,2014-05-05,0.035089340366364026,1561.07,1930.1860000000001,1367.624,0.0,0.0,0.0,35.454,341.933,0.0,0.0,0.0,0.0,21.0,-0.0,0.0,7.0,4588.071000337597,0.0
AS14.32,2014-05-06,0.13699520686156688,384.654,2532.051,1029.67,0.0,0.0,0.0,70.409,0.0,0.0,0.0,0.0,0.0,9.0,1.0,1.0,7.0,3953.401999711991,0.0
AS14.32,2014-05-07,0.06833858284161863,725.719,1547.998,589.078,0.0,0.0,0.0,46.367,1.007,113.693,0.0,0.0,0.0,4.0,-1.0,-0.0,6.0,3372.4449989795685,0.0
AS14.32,2014-05-08,0.11164228256716867,584.083,2972.755,487.659,0.0,0.0,0.0,66.38,0.0,0.0,0.0,0.0,0.0,13.0,-1.0,-0.0,6.0,5126.648000478743,2.0
AS14.32,2014-05-09,0.07747990835600949,1176.752,2304.92,1143.74,0.0,0.0,0.0,32.406,0.0,575.667,0.0,0.0,0.0,9.0,-0.0,1.0,8.0,5151.195997714999,0.0
AS14.32,2014-05-10,0.1316329685785362,424.122,2962.6479999999997,2138.709,0.0,0.0,0.0,52.517,912.791,666.5790000000001,0.0,0.0,0.0,6.0,-1.0,0.0,7.0,4791.85400056839,0.0
AS14.32,2014-05-11,0.09932764876165294,403.986,823.423,418.11400000000003,0.0,0.0,6.036,221.782,0.0,0.0,0.0,0.0,0.0,6.0,-1.0,0.0,7.0,2116.6210005283356,0.0
AS14.32,2014-05-12,0.11047802993722843,0.0,552.23,274.275,0.0,0.0,0.0,19.545,0.0,0.0,0.0,0.0,0.0,0.0,-1.0,0.0,7.0,825.763999700547,0.0
AS14.32,2014-05-13,0.09025387263339067,45.13,382.468,52.797,0.0,0.0,0.0,0.0,0.0,0.0,0.0,0.0,0.0,0.0,-0.0,0.0,7.0,473.39599990844715,0.0
AS14.32,2014-05-14,0.164353897343588,33.846,375.60900000000004,111.207,0.0,0.0,0.0,0.0,0.0,0.0,0.0,0.0,0.0,0.0,-0.0,1.0,8.0,703.3159997463223,0.0
AS14.33,2014-04-16,0.09502751346574717,763.942,1107.526,296.78499999999997,0.0,0.0,0.0,107.616,3204.497,0.0,27.135,164.932,0.0,5.0,0.0,0.0,7.0,3975.251000881195,1.0
AS14.33,2014-04-17,0.07217218985162761,2441.865,855.145,920.187,0.0,0.0,0.0,152.834,5426.934,0.0,0.0,283.445,0.0,2.0,-1.0,1.0,7.0,8770.668001651766,0.0
AS14.33,2014-04-18,0.03685191214565248,1554.819,1833.537,675.412,0.0,0.0,0.0,70.61,4666.33,0.0,0.0,102.369,0.0,3.0,-1.0,1.0,7.0,4099.028000593185,1.0
AS14.33,2014-04-19,0.2593056365681861,2176.543,761.366,438.444,0.0,0.0,0.0,55.455,3960.0640000000003,0.0,0.0,83.939,0.0,2.0,0.0,1.0,8.0,5754.1830003261575,0.0
AS14.33,2014-04-20,0.030758153108671048,668.293,969.088,635.571,0.0,0.0,0.0,60.848,7490.157999999999,0.0,0.0,3.01,0.0,0.0,0.0,1.0,7.0,8637.965999364855,0.0
AS14.33,2014-04-21,0.03946064627478817,620.685,1390.445,962.34,0.0,0.0,0.0,63.275,6002.595,3.019,0.0,4.208,0.0,0.0,0.0,1.0,7.0,6439.520999431608,0.0
AS14.33,2014-04-22,0.08549666518980883,1764.968,1313.6709999999998,1181.991,0.0,0.0,0.0,78.571,6688.623,52.436,0.0,90.132,0.0,7.0,-1.0,-0.0,6.0,10455.636999130249,0.0
AS14.33,2014-04-23,0.007715200197129401,497.118,276.217,1206.3899999999999,0.0,0.0,0.0,68.263,2729.3830000000003,0.0,0.0,0.0,0.0,1.0,-0.0,-1.0,5.0,4486.989000320436,0.0
AS14.33,2014-04-24,0.13427262029035048,2662.386,1940.078,775.3340000000001,0.0,0.0,0.0,67.548,3687.524,50.712,0.0,90.989,0.0,5.0,-0.0,1.0,7.0,8703.268999814987,3.0
AS14.33,2014-04-25,0.14645039109659086,3137.559,930.898,538.707,0.0,0.0,0.0,52.192,2758.26,36.169,0.0,0.0,0.0,31.0,1.0,1.0,8.0,9945.684997797012,2.0
AS14.33,2014-04-26,0.33928663596710834,2998.284,330.942,226.066,0.0,0.0,0.0,55.925,3123.041,0.0,4.011,22.697000000000003,0.0,18.0,0.0,1.0,8.0,7284.819000482558,4.0
AS14.33,2014-04-27,0.05465430293341842,1863.985,1552.459,1034.843,0.0,0.0,0.0,61.369,7572.242,0.0,0.0,4.976,0.0,4.0,-1.0,0.0,6.0,9739.574001550678,0.0
AS14.33,2014-04-28,0.08282125906813986,4125.179,1454.4270000000001,937.921,3.106,0.0,0.0,58.507000000000005,7012.939,0.0,0.0,336.839,0.0,2.0,-1.0,1.0,7.0,12615.57600069046,1.0
AS14.33,2014-04-29,0.07974379446161027,2386.909,1237.23,857.6800000000001,0.0,0.0,0.0,139.282,5469.501,144.481,0.0,97.636,0.0,3.0,-0.0,0.0,6.0,10088.739999055864,1.0
AS14.33,2014-04-30,0.013273720505151208,865.783,671.269,897.88,0.0,0.0,0.0,54.554,4923.761,218.648,0.0,0.0,0.0,1.0,-1.0,0.0,6.0,7184.450999736788,0.0
AS14.33,2014-05-01,0.1777231902278521,3175.8070000000002,1378.092,715.5640000000001,0.0,0.0,0.0,57.278000000000006,4261.196,205.06300000000002,0.0,130.575,0.0,8.0,-1.0,0.0,7.0,9786.875,1.0
AS14.33,2014-05-02,0.34059246242786234,461.38,0.0,0.0,0.0,0.0,0.0,55.167,0.0,0.0,0.0,80.278,0.0,2.0,-0.0,1.0,7.0,862.9809997081758,3.0
AS14.33,2014-05-03,0.3010467841960698,1484.041,93.648,2.01,0.0,0.0,0.0,18.421999999999997,509.768,0.0,0.0,0.0,0.0,3.0,-1.0,1.0,8.0,2491.0599997043605,1.0
AS14.33,2014-05-04,0.3433118558744912,3209.697,311.325,502.336,0.0,0.0,0.0,37.559,1999.901,129.967,0.0,97.765,0.0,11.0,0.0,1.0,8.0,6942.054998159409,1.0
AS14.33,2014-05-05,0.035409553561762126,1239.273,1233.936,840.0799999999999,0.0,0.0,0.0,39.150999999999996,5646.145,74.654,0.0,0.0,0.0,6.0,-2.0,1.0,7.0,3953.846999406814,0.0
AS14.33,2014-05-06,0.07693851650731015,1554.008,4190.573,723.581,0.0,0.0,0.0,0.0,6229.699,185.134,0.0,15.463000000000001,0.0,8.0,0.0,0.0,7.0,6571.357000350951,1.0
AS14.33,2014-05-07,0.0017596021459431205,286.712,7.083,562.447,0.0,0.0,0.0,41.493,2265.029,2.163,0.0,3.187,0.0,1.0,-0.0,-0.0,5.0,3168.8159999847426,1.0
AS14.33,2014-05-08,0.07781417175139171,2349.85,1125.035,668.258,0.0,0.0,0.0,112.786,5275.537,359.32,0.0,105.098,0.0,7.0,-1.0,0.0,7.0,8685.460000276564,0.0
AS14.33,2014-05-09,0.01545167623838937,1252.469,682.069,815.8629999999999,0.0,0.0,0.0,59.405,6300.718,0.0,0.0,16.477,0.0,0.0,0.0,-0.0,5.0,8736.007000207901,2.0
AS14.33,2014-05-10,0.09496808411522166,1743.975,867.667,603.767,0.0,0.0,0.0,68.538,2596.206,39.492,0.0,175.48,0.0,5.0,-0.0,1.0,8.0,6400.953000307081,0.0
AS14.33,2014-05-11,0.011163426997135429,259.468,504.549,357.637,0.0,0.0,0.0,53.551,1949.431,4.027,0.0,0.0,0.0,0.0,0.0,0.0,6.0,4342.056000471115,0.0
AS14.33,2014-05-12,0.0240174121696935,591.202,614.443,474.836,0.0,0.0,0.0,293.233,4037.567,0.0,0.0,0.0,0.0,1.0,-1.0,0.0,6.0,4919.879000186919,0.0
AS14.33,2014-05-13,0.1399638802889577,2242.116,1772.09,572.083,0.0,0.0,0.0,39.548,3312.752,6.135,0.0,29.384,0.0,1.0,0.0,0.0,5.0,5814.356999158858,0.0
AS14.33,2014-05-14,0.003985507246376809,268.98,160.882,1093.614,0.0,0.0,0.0,100.961,2138.319,0.0,0.0,0.0,0.0,0.0,-0.0,0.0,7.0,1498.7979998588576,0.0
AS14.33,2014-05-15,0.12253135428946205,2934.137,2997.02,740.447,0.0,0.0,0.0,79.053,7101.031,227.428,2.007,34.972,0.0,7.0,0.0,0.0,6.0,12300.059998273848,2.0
AS14.33,2014-05-16,0.05178134704555442,1491.964,541.08,660.7909999999999,0.0,0.0,0.0,76.681,2753.987,0.0,0.0,29.338,0.0,11.0,0.0,1.0,7.0,5389.559000253676,0.0
AS14.33,2014-05-17,0.016673567202696287,1017.598,428.547,442.67,0.0,0.0,0.0,39.427,3826.5589999999997,0.0,0.0,0.0,0.0,2.0,0.0,0.0,6.0,4950.267999649048,1.0
AS14.33,2014-05-18,0.017732347673809202,1732.899,1339.531,759.2,0.0,0.0,0.0,62.632999999999996,6945.857,0.0,0.0,11.120999999999999,0.0,0.0,-1.0,0.0,6.0,10743.088000535967,0.0
AS14.33,2014-05-19,0.009146799328914145,240.592,364.29,320.934,0.0,0.0,0.0,90.207,3250.709,0.0,0.0,0.0,0.0,0.0,-0.0,0.0,6.0,5052.91400027275,0.0
AS14.33,2014-05-20,0.018382148211167647,486.727,332.839,656.332,0.0,0.0,0.0,45.442,2879.225,0.0,2.01,0.0,0.0,0.0,-0.0,0.0,6.0,4380.755000829696,0.0
AS14.33,2014-05-21,0.017180909720209924,449.953,1012.598,1066.602,0.0,0.0,0.0,67.92099999999999,5362.354,0.0,0.0,0.0,0.0,0.0,-1.0,-0.0,6.0,6653.981999874116,0.0
AS14.33,2014-05-22,0.011538005032521467,749.766,1272.216,270.47499999999997,0.0,0.0,0.0,51.242999999999995,1931.5729999999999,0.0,0.0,8.838000000000001,0.0,6.0,0.0,0.0,6.0,4429.147000789642,0.0
AS14.33,2014-05-23,0.02058661677305743,810.825,819.557,406.644,0.0,0.0,0.0,105.913,4124.816,0.0,0.0,0.0,0.0,1.0,-1.0,0.0,6.0,3470.6159994602203,1.0
AS14.33,2014-05-24,0.014286099512012292,636.7710000000001,2263.912,1130.0149999999999,0.0,0.0,0.0,78.431,4125.525,0.0,0.0,0.0,0.0,0.0,-1.0,0.0,6.0,7048.4319999218,0.0
AS14.33,2014-05-25,0.16147019196659632,1581.421,1567.344,194.216,0.0,0.0,0.0,42.361999999999995,2868.671,0.0,0.0,96.982,0.0,2.0,-1.0,0.0,6.0,7342.484999179842,1.0
AS14.33,2014-05-26,0.11520148444226025,1048.739,1235.537,688.769,0.0,0.0,130.53,235.837,4791.694,0.0,0.0,0.0,0.0,10.0,-0.0,0.0,5.0,7193.945999145507,3.0
AS14.33,2014-05-27,0.012704237112874092,419.721,2078.4030000000002,124.694,0.0,0.0,0.0,142.686,2010.0230000000001,0.0,0.0,55.172,0.0,1.0,-1.0,0.0,6.0,4089.879000663757,2.0
AS14.33,2014-05-28,0.10330116965301572,2170.897,1935.883,614.706,0.0,0.0,357.909,529.946,4446.281,0.0,0.0,30.665999999999997,0.0,10.0,0.0,1.0,8.0,7550.903998136519,1.0
AS14.33,2014-05-29,0.16935445444293903,399.415,435.10499999999996,136.738,0.0,0.0,0.0,29.201999999999998,1789.922,0.939,0.0,3.199,0.0,5.0,-1.0,1.0,7.0,560.093000411987,1.0
AS14.33,2014-05-30,0.19290118906100084,2294.701,1670.842,260.21999999999997,0.0,0.0,0.0,52.61,3166.409,1052.648,8.072,232.82500000000002,0.0,4.0,-1.0,-0.0,7.0,9497.646998882292,0.0
AS14.33,2014-05-31,0.16296476314418892,0.0,0.0,0.0,0.0,0.0,0.0,0.0,0.0,0.0,0.0,0.0,0.0,0.0,-2.0,1.0,7.0,0.0,0.0
